name,ticker,link,price_24h,change_24h,volume_24h,fdv,market_cap,funding_price,roi,total_raised,date,investor_1,investor_2,investor_3,investor_4
"Kodiak","KDK","https://icodrops.com/kodiak-2/","$0.3813","0.96%","$382.52 K","$38.3 M","$5.62 M","0.35","1.1x","$5.95 M","Dec 23, 2025","Amber Group","Hack VC","3Commas","More Details"
"Lighter","LIT","https://icodrops.com/lighter/","$3.463","4.98%","$130.9 M","$3.45 B","—","2","1.75x","$68 M","Dec 22, 2025","Founders Fund","Haun Ventures","Ribbit Capital","More Details"
"TradeTide AI","TTD","https://icodrops.com/tradetide-ai/","$0.007779","-8.74%","$2.32 M","$7.65 M","$1.07 M","—","0.29x","—","Dec 20, 2025","Candaq Fintech Group","CatcherVC","CGV FoF (Cryptogram Venture)","More Details"
"zkPass","","https://icodrops.com/zkpass/","$0.1436","-10.41%","$40.62 M","$143.6 M","$28.96 M","—","0.95x","$15 M","Dec 19, 2025","YZi Labs (prev Binance Labs)","HongShan (ex-Sequoia China)","Amber Group","More Details"
"RateX","RTX","https://icodrops.com/ratex/","$2.814","4.10%","$7.31 K","$281.1 M","$46.88 M","—","2.07x","$7 M","Dec 19, 2025","Crypto.com","Animoca Brands","Gate.io","More Details"
"Harmonix","HAR","https://icodrops.com/harmonix/","$0.004138","9.59%","$61.92 K","$25 M","—","0.025","0.17x","$2.1 M","Dec 18, 2025","Kraken","echo","HODL","More Details"
"Vooi","VOOI","https://icodrops.com/vooi/","$0.03009","4.04%","$19.41 M","$30.09 M","$8.45 M","—","0.19x","$1.25 M","Dec 18, 2025","YZi Labs (prev Binance Labs)","","",""
"Infrared","IR","https://icodrops.com/infrared/","$0.6682","0.63%","$226.79 K","$10.1 M","$10.11 M","0.02","33.2x","$16.65 M","Dec 17, 2025","YZi Labs (prev Binance Labs)","Framework Ventures","Selini Capital","More Details"
"TheoriqAI (ChainML)","THQ","https://icodrops.com/theoriqai/","$0.04724","-2.97%","$9.54 M","$47.28 M","$6.5 M","0.075","0.65x","$10.2 M","Dec 16, 2025","Hack VC","HashKey Capital","HTX Ventures (previously Huobi Ventures)","More Details"
"Almanak","ALMANAK","https://icodrops.com/almanak/","$0.007595","-8.55%","$646.92 K","$7.67 M","$2.04 M","0.043","0.18x","$11.95 M","Dec 11, 2025","Delphi Digital (Delphi Labs)","Bankless","HashKey Capital","More Details"
"Cysic","","https://icodrops.com/cysic/","$0.3654","-1.09%","$6.01 M","$355.8 M","$58.76 M","—","1.37x","$18 M","Dec 11, 2025","Polychain Capital","HashKey Capital","OKX Ventures","More Details"
"HumidiFi","WET","https://icodrops.com/humidifi/","$0.1863","-9.74%","$18.75 M","$185.6 M","$42.85 M","0.069","2.71x","—","Dec 9, 2025","","","",""
"Stable","","https://icodrops.com/stable-2/","$0.01355","6.29%","$12.48 M","$1.36 B","$238.48 M","—","0.24x","$28 M","Dec 8, 2025","eGirl Capital","Hack VC","Paolo Ardoino","More Details"
"Rayls","RLS","https://icodrops.com/rayls/","$0.01308","1.43%","$2.24 M","$130.6 M","$19.62 M","—","0.42x","—","Dec 1, 2025","","","",""
"Bitdealer","BIT","https://icodrops.com/bitdealer/","$0.002666","-44.27%","$240.82 K","$2.65 M","$757.91 K","0.035","0.08x","$500 K","Nov 27, 2025","","","",""
"Irys","IRYS","https://icodrops.com/irys/","$0.03095","-0.56%","$11.58 M","$309.6 M","$61.9 M","—","1.43x","$18.9 M","Nov 25, 2025","Framework Ventures","CoinFund","Hypersphere Ventures","More Details"
"Sparkle","SSS","https://icodrops.com/sparkle/","$0.002955","1.46%","$75.92 K","$2.93 M","$265.95 K","—","—","—","Nov 24, 2025","","","",""
"Monad","","https://icodrops.com/monad/","$0.02337","6.96%","$66.05 M","$2.31 B","$253.11 M","0.025","0.92x","$431.5 M","Nov 24, 2025","Cobie","Electric Capital","Paradigm","More Details"
"Kyuzo's Friends","","https://icodrops.com/kyuzos-friends/","$0.01991","4.00%","$3.41 M","$19.94 M","$4.33 M","—","—","$11 M","Nov 23, 2025","Chain Capital","LBank Ventures","DeAgentAI","More Details"
"Sentient","SENT","https://icodrops.com/sentient/","$0.04741","0.06%","$1.07 M","$1.63 B","—","—","1.25x","$85 M","Nov 22, 2025","Framework Ventures","Pantera Capital","Arrington Capital","More Details"
"Superfluid","SUP","https://icodrops.com/superfluid/","$0.02947","1.29%","$264.64 K","—","$2.75 M","—","0.95x","$14.1 M","Nov 22, 2025","Balaji Srinivasan","Delphi Digital (Delphi Labs)","Multicoin Capital","More Details"
"BOB","BOB","https://icodrops.com/bob-2/","$0.01156","-4.12%","$6.74 M","$115.7 M","$25.66 M","—","0.44x","$23 M","Nov 20, 2025","Alliance","Amber Group","Bankless","More Details"
"GAIB","GAIB","https://icodrops.com/gaib/","$0.03242","0.31%","$1.76 M","$34.97 M","$6.64 M","—","0.17x","$15 M","Nov 19, 2025","Amber Group","Faction","Hack VC","More Details"
"Solomon Labs","SOLO","https://icodrops.com/solomon-labs/","$0.8303","-1.65%","$322.34 K","$21.42 M","$10.71 M","0.8","1.03x","$8 M","Nov 19, 2025","","","",""
"Datagram","DGRAM","https://icodrops.com/datagram/","$0.0009295","1.45%","$2.02 M","$9.34 M","$231.26 K","—","0.09x","$4 M","Nov 18, 2025","Amber Group","Animoca Brands","Arche Fund","More Details"
"Adix","ADIX","https://icodrops.com/adix/","$0.0000018","-16.67%","$88.59 K","$196 K","—","0.0003","0.01x","—","Nov 11, 2025","","","",""
"Allora","ALLO","https://icodrops.com/allora/","$0.117","0.03%","$5.28 M","$91.78 M","$24.04 M","—","0.15x","$32.5 M","Nov 11, 2025","Blockchain Capital","Delphi Digital (Delphi Labs)","Framework Ventures","More Details"
"Aria Protocol","ARIAIP","https://icodrops.com/aria-protocol/","$0.02855","-0.77%","$187.04 K","$28.62 M","$9.51 M","—","—","$16.1 M","Nov 7, 2025","Polychain Capital","OKX Ventures","Selini Capital","More Details"
"Belong","LONG","https://icodrops.com/belong/","$0.00449","4.53%","$589.53 K","$3.34 M","$318.64 K","—","—","$8 M","Nov 6, 2025","G1 Ventures","3VO","432 Fund","More Details"
"Folks Finance","FOLKS","https://icodrops.com/folks-finance/","$4.128","1.39%","$844.46 K","$75 M","$51.35 M","—","1.09x","$6.2 M","Nov 6, 2025","Jump Crypto","Coinbase Ventures","OKX Ventures","More Details"
"MegaETH","MEGA","https://icodrops.com/megaeth/","$0.24","","$75.15 K","$2.4 B","—","0.0999","2.3x","$107.68 M","Nov 5, 2025","Cobie","Vitalik Buterin","Dragonfly Capital","More Details"
"Backstage","BKS","https://icodrops.com/backstage/","$0.0045","-0.36%","$4.36 K","$4.5 M","$2.43 M","—","0.28x","—","Nov 5, 2025","AlphaCrypto","BitKeep","BlueZilla","More Details"
"MemeMarket","MFUN","https://icodrops.com/mememarket/","$0.00002559","-2.30%","$76.04","$25.56 K","$7.3 K","0.012","0.01x","—","Nov 5, 2025","Crypto Times","IBC Ventures","",""
"Intuition","TRUST","https://icodrops.com/intuition/","$0.1183","7.01%","$8.73 M","$115.4 M","$21.25 M","0.085","1.28x","$6.5 M","Nov 5, 2025","ConsenSys","The Lao","Andrew Keys","More Details"
"Momentum (MSafe)","MMT","https://icodrops.com/msafe/","$0.2312","2.50%","$27.25 M","$231.2 M","$47.19 M","—","0.59x","$14.5 M","Nov 4, 2025","Jump Crypto","Amber Group","Coinbase Ventures","More Details"
"Play AI","PLAI","https://icodrops.com/play-ai/","$0.00215","0.09%","$302.47 K","$2.15 M","$438.6 K","—","—","$4.3 M","Nov 4, 2025","Jump Crypto","P2 Ventures","Alpha Wave Global","More Details"
"Kite AI","KITE","https://icodrops.com/kite-ai/","$0.09335","-1.36%","$25.7 M","$936.3 M","$168.03 M","—","0.71x","$18 M","Nov 3, 2025","Coinbase Ventures","Hashed","HashKey Capital","More Details"
"Tea-Fi","TEA","https://icodrops.com/tea-fi/","$0.04357","-44.16%","$327.46 K","$12.96 M","$250.3 K","0.16","0.27x","$35 M","Nov 3, 2025","Castrum Capital","Rollman Management","",""
"Marina Protocol","BAY","https://icodrops.com/marina-protocol/","$0.01897","-4.58%","$494.79 K","$19.04 M","$3.79 M","—","—","$1.68 M","Nov 1, 2025","AC Capital","CREDIT SCEND","Hyper88","More Details"
"Canton Network","CC","https://icodrops.com/canton-network/","$0.1291","12.00%","$55.16 M","$4.71 B","$4.74 B","—","1.18x","$447.2 M","Oct 31, 2025","Goldman Sachs","IBM","Circle Ventures","More Details"
"Lit Protocol","LITKEY","https://icodrops.com/lit-protocol/","$0.0193","6.22%","$1.59 M","$19.32 M","$4.25 M","—","0.17x","$16.57 M","Oct 30, 2025","1kx","6MV (6th Man Ventures)","a_capital","More Details"
"375ai","EAT","https://icodrops.com/375ai/","$0.03116","0.04%","$1.12 M","$31.11 M","$6.64 M","0.075","0.42x","$15 M","Oct 29, 2025","Delphi Digital (Delphi Labs)","6MV (6th Man Ventures)","Strobe (Prev. BlockTower Capital)","More Details"
"Paystream","PAYS","https://icodrops.com/paystream/","$0.05484","5.70%","$471.66","$1.36 M","$707.43 K","0.075","0.74x","$750 K","Oct 27, 2025","","","",""
"Hyperbridge","BRIDGE","https://icodrops.com/hyperbridge/","$0.02016","2.04%","$108.2 K","$20.17 M","$2.89 M","0.05","0.4x","$5.35 M","Oct 26, 2025","Scytale","Web3 Foundation","",""
"APRO","AT","https://icodrops.com/apro/","$0.1686","4.40%","$107.43 M","$168.6 M","$38.78 M","—","0.3x","$3 M","Oct 24, 2025","YZi Labs (prev Binance Labs)","Polychain Capital","CMS Holdings","More Details"
"Orochi Network","ON","https://icodrops.com/orochi-network/","$0.1085","0.50%","$639.17 K","$75.95 M","$15.65 M","—","0.36x","$20 M","Oct 24, 2025","Ethereum Foundation","Kyros Ventures","MEXC Global (Privcode Capital)","More Details"
"ZKLSOL","ZKFG","https://icodrops.com/zklsol/","$0.07566","-2.02%","$235.04","$1.95 M","$976.01 K","0.097","0.78x","$970 K","Oct 24, 2025","","","",""
"Cygnus Finance","CGN","https://icodrops.com/cygnus-finance/","$0.002969","-0.64%","$804.61 K","$29.69 M","$6.83 M","—","—","$20 M","Oct 23, 2025","eGirl Capital","Manifold Trading","OKX Ventures","More Details"
"aPriori","APR","https://icodrops.com/apriori/","$0.142","16.30%","$2.28 M","$139.5 M","$26.27 M","0.005","27.9x","$30.07 M","Oct 23, 2025","YZi Labs (prev Binance Labs)","Pantera Capital","Arrington Capital","More Details"
"Meteora","MET","https://icodrops.com/meteora/","$0.2588","0.20%","$11.48 M","$257.81 M","$127.38 M","—","0.15x","—","Oct 23, 2025","","","",""
"Loyal","LOYAL","https://icodrops.com/loyal/","$0.2377","-2.68%","$62.6 K","$4.88 M","$2.97 M","0.25","0.95x","$2.5 M","Oct 23, 2025","","","",""
"Turtle.Club","TURTLE","https://icodrops.com/turtle-club/","$0.06458","3.14%","$3.02 M","$64.52 M","$9.99 M","—","—","$11.7 M","Oct 22, 2025","Amber Group","BitScale Capital","ConsenSys","More Details"
"Limitless","LMTS","https://icodrops.com/limitless/","$0.1642","3.48%","$1.86 M","$164 M","$21.61 M","—","0.28x","$17 M","Oct 22, 2025","1confirmation","Arrington Capital","Coinbase Ventures","More Details"
"Bluwhale","BLUAI","https://icodrops.com/bluwhale/","$0.004906","1.50%","$1.39 M","$42.79 M","$6.02 M","458","0.2x","$109.6 M","Oct 21, 2025","DWF Labs","Momentum 6","MV Global","More Details"
"Avici","AVICI","https://icodrops.com/avici/","$2.751","-4.54%","$1.77 M","$35.73 M","$35.49 M","0.35","7.97x","$3.5 M","Oct 18, 2025","","","",""
"ZeroBase","ZBT","https://icodrops.com/zerobase/","$0.1929","84.64%","$229.87 M","$187.3 M","$47.26 M","—","0.19x","$5 M","Oct 17, 2025","YZi Labs (prev Binance Labs)","Faction","Cherry Ventures","More Details"
"Yield Basis","YB","https://icodrops.com/yield-basis/","$0.4336","6.52%","$18.9 M","$419 M","$38.12 M","0.1","4.12x","$12.5 M","Oct 15, 2025","","","",""
"Fleek","FLK","https://icodrops.com/fleek/","$0.06067","4.15%","$351.44 K","$5.94 M","$1.21 M","0.75","0.08x","$35 M","Oct 14, 2025","Polychain Capital","Coinbase Ventures","Digital Currency Group (DCG)","More Details"
"Enso Finance","ENSO","https://icodrops.com/ensofinance/","$0.7636","12.06%","$29.85 M","$71.84 M","$15.72 M","1.25","0.62x","$9.2 M","Oct 14, 2025","IDEO CoLab Ventures","Multicoin Capital","Polychain Capital","More Details"
"umbra privacy","","https://icodrops.com/umbra-privacy/","$1.259","4.01%","$185.92 K","$35.34 M","$12.59 M","0.3","4.06x","$3 M","Oct 10, 2025","","","",""
"Phi","PHI","https://icodrops.com/phi/","$0.00381","3.16%","$56.02 K","$3.79 M","—","—","0.12x","$2 M","Oct 10, 2025","Cyber","Decima","Incubate Fund","More Details"
"Pipe Network","PIPE","https://icodrops.com/pipe-network/","$0.06403","0.57%","$842.8 K","$64.04 M","$6.4 M","0.2","0.32x","$10 M","Oct 8, 2025","Multicoin Capital","","",""
"DoubleZero","2Z","https://icodrops.com/doublezero/","$0.1234","3.47%","$26.05 M","$1.23 B","$428.37 M","—","—","$28 M","Oct 2, 2025","Multicoin Capital","Dragonfly Capital","Foundation Capital","More Details"
"Everlyn","LYN","https://icodrops.com/everlyn/","$0.1493","-0.36%","$1.53 M","$148.6 M","$31.2 M","—","0.43x","$15 M","Sep 30, 2025","Selini Capital","Aethir","Baseline (Emirates)","More Details"
"OpenEden","EDEN","https://icodrops.com/openeden/","$0.06794","1.34%","$4.84 M","$67.85 M","$12.49 M","—","0.05x","$5 M","Sep 30, 2025","YZi Labs (prev Binance Labs)","Faction","Selini Capital","More Details"
"Falcon Finance","FF","https://icodrops.com/falcon-finance/","$0.09483","-0.95%","$5.8 M","$948.2 M","$221.9 M","0.045","2.1x","$24 M","Sep 29, 2025","World Liberty Financial","Cypher Capital Group","M2",""
"Anoma","XAN","https://icodrops.com/anoma/","$0.01689","-5.42%","$11.02 M","$168.7 M","$42.22 M","—","0.11x","$60.25 M","Sep 29, 2025","Delphi Digital (Delphi Labs)","Electric Capital","Polychain Capital","More Details"
"GOAT Network","","https://icodrops.com/goat-network/","$0.03625","-4.53%","$303.66 K","—","—","—","0.3x","$5 M","Sep 28, 2025","Amber Group","Crypto.com","OKX Ventures","More Details"
"Hana Network","HANA","https://icodrops.com/hana-network/","$0.01108","2.25%","$3.59 M","$11.2 M","$2.66 M","—","0.15x","$4 M","Sep 26, 2025","Alliance","Chelsea Jiang","Dewhales","More Details"
"Plasma","XPL","https://icodrops.com/plasma/","$0.1642","10.68%","$151.56 M","$1.63 B","$295.56 M","0.05","3.31x","$74 M","Sep 25, 2025","Cobie","Framework Ventures","6MV (6th Man Ventures)","More Details"
"0G","0G","https://icodrops.com/0g/","$1.066","9.91%","$34.31 M","$1.05 B","$227.27 M","—","0.43x","$357.24 M","Sep 22, 2025","Delphi Digital (Delphi Labs)","Alliance","Bankless","More Details"
"Lombard","BARD","https://icodrops.com/lombard/","$0.8007","0.77%","$5.58 M","$799.4 M","$180.16 M","0.45","1.78x","$23.75 M","Sep 18, 2025","YZi Labs (prev Binance Labs)","Polychain Capital","OKX Ventures","More Details"
"Syndicate","SYND","https://icodrops.com/syndicate/","$0.06321","4.21%","$3.65 M","$63.23 M","$30.26 M","—","—","$21.8 M","Sep 18, 2025","Andreessen Horowitz (a16z)","Delphi Digital (Delphi Labs)","Electric Capital","More Details"
"Project Merlin","MRLN","https://icodrops.com/project-merlin/","$0.001244","8.61%","$1.79 M","$1.02 M","$77.13 K","0.05","0.02x","$2.24 M","Sep 16, 2025","","","",""
"Boundless","ZKC","https://icodrops.com/boundless/","$0.1352","18.99%","$51.85 M","$135.9 M","$30.24 M","—","0.08x","—","Sep 15, 2025","","","",""
"UOMI","UOMI","https://icodrops.com/uomi/","$0.001313","1.21%","$463.02","$6.45 M","$1.24 M","0.003","0.44x","—","Sep 10, 2025","","","",""
"Linea","","https://icodrops.com/linea/","$0.006877","0.03%","$13.38 M","$483.48 M","$116.8 M","—","0.2x","—","Sep 10, 2025","","","",""
"Portal","","https://icodrops.com/portal/","$0.002618","-6.65%","$5.89 M","$13.82 M","$5.42 M","—","—","$117.5 M","Sep 3, 2025","Arrington Capital","Coinbase Ventures","OKX Ventures","More Details"
"Hyperbot","BOT","https://icodrops.com/hyperbot/","$0.002815","-2.20%","$14.15 K","—","—","—","0.03x","$6.75 M","Sep 2, 2025","Pop Culture Group","","",""
"Hemi Network","","https://icodrops.com/hemi-network/","$0.01542","-1.22%","$4.26 M","$154.8 M","$15.07 M","—","0.71x","$30 M","Aug 29, 2025","YZi Labs (prev Binance Labs)","Crypto.com","Selini Capital","More Details"
"Mitosis","MITO","https://icodrops.com/mitosis/","$0.06135","-4.45%","$6.26 M","$61.98 M","$13.91 M","—","—","$7 M","Aug 28, 2025","Amber Group","Big Brain Holdings","Digital Asset Capital Management (DACM)","More Details"
"Camp Network","CAMP","https://icodrops.com/camp-network/","$0.007087","-1.50%","$1.32 M","$70.95 M","$14.88 M","—","0.11x","$29 M","Aug 27, 2025","1kx","Blockchain Capital","HTX Ventures (previously Huobi Ventures)","More Details"
"OVERTAKE","TAKE","https://icodrops.com/overtake/","$0.443","32.95%","$17.96 M","$449.3 M","$84.89 M","—","—","$7 M","Aug 25, 2025","Green Whale Ventures","Immutable","itemBay","More Details"
"Nockchain","NOCK","https://icodrops.com/nockchain/","$0.04474","-7.29%","$2.9 M","$191.93 M","$74.73 M","—","2.56x","$5 M","Aug 22, 2025","Delphi Digital (Delphi Labs)","Breed","Champion Hill Ventures","More Details"
"Sapien","SAPIEN","https://icodrops.com/sapien-2/","$0.1246","-0.76%","$6.52 M","$124.3 M","$31.15 M","—","0.62x","$15.5 M","Aug 20, 2025","Variant","Yield Guild Games (YGG)","Animoca Brands","More Details"
"RICE AI","RICE","https://icodrops.com/rice-ai/","$0.007968","82.53%","$1.53 M","$6.84 M","$2.27 M","0.0075","0.78x","$7 M","Aug 18, 2025","DWF Labs","EnHeng","Floki","More Details"
"PublicAI","PUBLIC","https://icodrops.com/publicai/","$0.02327","-1.92%","$958.86 K","$23.14 M","$4.65 M","0.07","0.33x","$10 M","Aug 15, 2025","Blockchain Builders Fund","CSP DAO","Everstate Capital","More Details"
"Bitlayer","BTR","https://icodrops.com/bitlayer/","$0.03101","9.99%","$3.24 M","$31.12 M","$8.11 M","0.02","1.55x","$29 M","Aug 13, 2025","Framework Ventures","Polychain Capital","Alliance","More Details"
"Suzaku","SUZ","https://icodrops.com/suzaku/","$0.02554","-2.02%","$2.54 K","$2.55 M","$753.45 K","0.14","0.19x","$1.5 M","Aug 13, 2025","50 Partners","Avalanche Foundation","Blizzard Fund (Avalanche Ecosystem)","More Details"
"Towns","TOWNS","https://icodrops.com/towns/","$0.006105","-0.55%","$2.54 M","$63.16 M","$14.09 M","—","0.09x","$61 M","Aug 5, 2025","Andreessen Horowitz (a16z)","Framework Ventures","Coinbase Ventures","More Details"
"Succinct","PROVE","https://icodrops.com/succinct/","$0.4112","1.94%","$6.38 M","$409.9 M","$80.18 M","—","0.67x","$55 M","Aug 5, 2025","Paradigm","Bankless","Elad Gil","More Details"
"Cycle Network","","https://icodrops.com/cycle-network/","$0.01036","0.78%","$689.63 K","$10.38 M","$1.57 M","—","0.15x","—","Aug 4, 2025","YZi Labs (prev Binance Labs)","GSG | Great South Gate","LTP | LiquidityTech","More Details"
"Naoris Protocol","NAORIS","https://icodrops.com/naoris-protocol/","$0.0359","-4.88%","$709.33 K","$142.8 M","$21.51 M","—","—","$34.5 M","Aug 1, 2025","Draper Associates","Black Dragon Capital","Corfo","More Details"
"Unite (Taki Games)","TAKI","https://icodrops.com/taki/","$0.001864","-1.01%","$12.94","$5.58 M","$2.18 M","0.04","0.05x","$6.91 M","Jul 30, 2025","Coinbase Ventures","HTX Ventures (previously Huobi Ventures)","OKX Ventures","More Details"
"Treehouse","TREE","https://icodrops.com/treehouse/","$0.1129","3.71%","$5.76 M","$112.7 M","$17.63 M","—","0.11x","$18 M","Jul 29, 2025","YZi Labs (prev Binance Labs)","Lightspeed Venture Partners","Fundamental Labs","More Details"
"Ika","IKA","https://icodrops.com/ika/","$0.0082","3.22%","$24.65 M","$80.42 M","$24.6 M","—","0.3x","$5 M","Jul 29, 2025","Digital Currency Group (DCG)","Lemniscap","Node Capital","More Details"
"Tordess","TDS","https://icodrops.com/tordess/","$0.007061","","$19.58","$706.1 K","$116.98 K","0.15","0.05x","$750 K","Jul 29, 2025","","","",""
"Delabs Games","DELABS","https://icodrops.com/delabs-games/","$0.003947","-0.68%","$25.45 K","$11.84 M","$2.96 M","—","0.21x","$9.9 M","Jul 28, 2025","Hashed","Merit Circle","The Spartan Group","More Details"
"Aspecta","ASP","https://icodrops.com/aspecta/","$0.0472","-1.43%","$274.05 K","$4.69 M","$10.86 M","—","1.57x","$3.5 M","Jul 24, 2025","YZi Labs (prev Binance Labs)","HashKey Capital","OKX Ventures","More Details"
"Elympics","ELP","https://icodrops.com/elympics/","$0.002959","-0.02%","$15.75 K","$10.35 M","$2.55 M","—","0.22x","—","Jul 24, 2025","","","",""
"Raiinmaker","COIIN","https://icodrops.com/raiinmaker/","$0.001416","-13.69%","$279.8","$141.6 K","$24.65 K","0.33","0.01x","$12.64 M","Jul 23, 2025","Jump Capital","Axia8 Ventures","Gate.io","More Details"
"Alliance Games","COA","https://icodrops.com/alliance-games/","$0.00332","5.21%","$424.84 K","$8.44 M","$1.21 M","—","0.19x","$8 M","Jul 23, 2025","The Spartan Group","Animoca Brands","Arche Fund","More Details"
"Delphinus Lab","ZKWASM","https://icodrops.com/delphinus-lab/","$0.007214","1.72%","$175.95 K","$7.26 M","$364.92 K","—","0.11x","—","Jul 22, 2025","YZi Labs (prev Binance Labs)","OKX Ventures","",""
"Trusta Labs","TA","https://icodrops.com/trusta-labs/","$0.02506","14.92%","$4.14 M","$24.9 M","$4.51 M","—","0.18x","$3 M","Jul 21, 2025","ConsenSys","HashKey Capital","SevenX Ventures","More Details"
"Coresky","CSKY","https://icodrops.com/coresky/","$0.00003158","4.85%","$12.24 K","$31.65 K","$4.8 K","—","—","$21 M","Jul 21, 2025","Copilot Venture Studio","Parallel Ventures","Payson Lee Private Foundation","More Details"
"Taker Protocol","TAKER","https://icodrops.com/taker-protocol/","$0.001974","-3.22%","$336.32 K","$1.98 M","$335.6 K","—","0.03x","$3 M","Jul 18, 2025","Electric Capital","Ascensive Assets","Digital Currency Group (DCG)","More Details"
"Caldera","ERA","https://icodrops.com/caldera/","$0.2047","1.00%","$2.37 M","$204.2 M","$35.77 M","—","—","$24 M","Jul 17, 2025","1kx","Sequoia Capital","Alliance","More Details"
"t3rn","TRN","https://icodrops.com/t3rn/","$0.005984","-2.18%","$47.56 K","$602.1 K","$59.53 K","0.5","0.01x","$7.85 M","Jul 17, 2025","Polychain Capital","HTX Ventures (previously Huobi Ventures)","IOSG Ventures","More Details"
"Eclipse","ES","https://icodrops.com/eclipse/","$0.08582","-0.78%","$6.6 M","$85.48 M","$12.87 M","—","0.24x","$65 M","Jul 16, 2025","Delphi Digital (Delphi Labs)","Polychain Capital","Fenbushi Capital","More Details"
"Pump.fun","PUMP","https://icodrops.com/pumpfun/","$0.0019","2.25%","$68.96 M","$1.9 B","$1.12 B","0.004","0.48x","$1.32 B","Jul 12, 2025","","","",""
"Velvet Capital","VELVET","https://icodrops.com/velvet-capital/","$0.1498","2.28%","$5.43 M","$150.9 M","$23.15 M","—","—","$3.7 M","Jul 10, 2025","YZi Labs (prev Binance Labs)","Rarestone Capital","Selini Capital","More Details"
"Fragmetric","FRAG","https://icodrops.com/fragmetric/","$0.002128","4.26%","$119.92 K","$2.13 M","$429.86 K","—","0.01x","$12 M","Jul 1, 2025","Amber Group","BitScale Capital","Hashed","More Details"
"Mavryk Network","MVRK","https://icodrops.com/mavryk-network/","$0.05244","0.56%","$107.25 K","$52.31 M","$2.95 M","0.1","0.52x","$15.64 M","Jun 30, 2025","Big Brain Holdings","Ghaf Capital Partners","Atlas Fund","More Details"
"NodeOps","NODE","https://icodrops.com/nodeops/","$0.01941","-2.64%","$459.95 K","$12.77 M","$2.59 M","—","0.3x","$5 M","Jun 30, 2025","BitScale Capital","L1 Digital","Richard Ma (Quantstamp)","More Details"
"Blum","BLUM","https://icodrops.com/blum/","$0.01375","-2.88%","$4.69 M","$13.77 M","$2.4 M","—","0.1x","$5 M","Jun 27, 2025","YZi Labs (prev Binance Labs)","BitScale Capital","gumi Cryptos Capital","More Details"
"Xociety","XO","https://icodrops.com/xociety/","$0.001135","-3.96%","$151.47 K","$6.32 M","$601.55 K","—","—","$7.5 M","Jun 26, 2025","Hashed","The Spartan Group","Big Brain Holdings","More Details"
"Sahara","SAHARA","https://icodrops.com/sahara-2/","$0.02666","-0.41%","$4.9 M","$266.4 M","$54.39 M","0.06","0.44x","$51.5 M","Jun 26, 2025","YZi Labs (prev Binance Labs)","Pantera Capital","Polychain Capital","More Details"
"Newton","NEWT","https://icodrops.com/newton/","$0.1039","6.26%","$14.85 M","$101.6 M","$22.34 M","—","0.17x","—","Jun 24, 2025","","","",""
"League of Traders","LOT","https://icodrops.com/league-of-traders/","$0.01048","2.29%","$380.77 K","$10.32 M","$1.57 M","—","—","$2.4 M","Jun 20, 2025","Cadenza Ventures","Mirana Ventures","Alameda Research","More Details"
"EstateX","ESX","https://icodrops.com/estatex/","$0.003023","-1.95%","$3.98 M","$21.76 M","$3.73 M","0.0029","1.05x","—","Jun 18, 2025","GD10 Ventures","","",""
"Bombie","BOMB","https://icodrops.com/bombie/","$0.00009762","8.99%","$62.32 K","$974.4 K","$878.58 K","0.008","0.01x","—","Jun 17, 2025","","","",""
"SparkFi","SPK","https://icodrops.com/sparkfi/","$0.02362","1.10%","$20.15 M","$235.5 M","$40.15 M","—","0.32x","—","Jun 17, 2025","","","",""
"MEET48","IDOL","https://icodrops.com/meet48/","$0.02728","1.45%","$6.74 M","$130.37 M","$24.62 M","—","1.58x","—","Jun 11, 2025","YZi Labs (prev Binance Labs)","HashKey Capital","Animoca Brands","More Details"
"DeFi.app","HOME","https://icodrops.com/defi-app/","$0.01736","-6.35%","$15.06 M","$173.3 M","$55.17 M","—","0.64x","$4 M","Jun 10, 2025","Balaji Srinivasan","Mechanism Capital","Selini Capital","More Details"
"Skate (Range Protocol)","","https://icodrops.com/skate/","$0.005496","3.78%","$1.68 M","$5.54 M","$1.19 M","—","0.06x","$4.75 M","Jun 9, 2025","HashKey Capital","Spark Digital Capital","Mirana Ventures","More Details"
"Hasbulla","BULLA","https://icodrops.com/hasbulla/","$0.03947","-1.08%","$1.34 M","$39.81 M","—","—","0.2x","$20 M","Jun 6, 2025","","","",""
"CUDIS","","https://icodrops.com/cudis/","$0.02874","-0.41%","$479.7 K","$28.77 M","—","500","0.01x","$5 M","Jun 5, 2025","Draper Associates","Draper Dragon","NGC Ventures","More Details"
"Lagrange","LA","https://icodrops.com/lagrange/","$0.2982","-2.91%","$9.84 M","$297.8 M","$57.55 M","—","1.45x","$17.2 M","Jun 4, 2025","1kx","CMT Digital","Fenbushi Capital","More Details"
"Bondex","BDXN","https://icodrops.com/bondex/","$0.01455","1.24%","$654.74 K","$14.56 M","$2.33 M","0.08","0.18x","$10.5 M","Jun 3, 2025","Morningstar Ventures","Animoca Brands","Dext Force Ventures","More Details"
"LayerEdge","","https://icodrops.com/layeredge/","$0.004154","2.48%","$114.27 K","$4.16 M","—","—","0.18x","—","Jun 2, 2025","Blockchain Founders Fund","BreakOrbit","Founderheads","More Details"
"Sophon","SOPH","https://icodrops.com/sophon/","$0.01279","-0.29%","$32.52 M","$127 M","$25.58 M","0.0075","1.69x","$84.01 M","May 28, 2025","YZi Labs (prev Binance Labs)","HTX Ventures (previously Huobi Ventures)","Hypersphere Ventures","More Details"
"Resolv","RESOLV","https://icodrops.com/resolv/","$0.07431","-0.64%","$4.15 M","$73.98 M","$26.73 M","—","0.03x","$10.6 M","May 27, 2025","Arrington Capital","Coinbase Ventures","gumi Cryptos Capital","More Details"
"Puffverse","PFVS","https://icodrops.com/puffverse/","$0.001624","-19.81%","$44.1 K","$2.02 M","$160.29 K","—","0.02x","$3 M","May 27, 2025","HashKey Capital","The Spartan Group","Animoca Brands","More Details"
"Elderglade","ELDE","https://icodrops.com/elderglade/","$0.002358","1.41%","$1.18 M","$935.6 K","$416.51 K","0.02","0.01x","$2 M","May 27, 2025","","","",""
"Huma Finance","HUMA","https://icodrops.com/huma-finance/","$0.02734","-0.43%","$3.41 M","$272.5 M","$47.39 M","—","0.01x","$46.3 M","May 26, 2025","Fenbushi Capital","HashKey Capital","ParaFi Capital","More Details"
"SOON","SOON","https://icodrops.com/soon/","$0.3441","-1.37%","$186.77 K","$343.4 M","$172.05 M","—","0.66x","$27 M","May 23, 2025","Jump Crypto","Amber Group","Hypersphere Ventures","More Details"
"Allo.xyz","ALLO","https://icodrops.com/alloxyz/","$0.003028","3.99%","$809.43 K","$30.39 M","$5.45 M","0.001","3x","$102.2 M","May 22, 2025","Morningstar Ventures","NGC Ventures","Gate Labs",""
"Stabble","STB","https://icodrops.com/stabble/","$0.002016","-0.58%","$12.31 K","$1 M","$199.18 K","0.03","0.07x","$3.03 M","May 22, 2025","Absoluta Digital","Collective Ventures","DuckDAO","More Details"
"Giza","","https://icodrops.com/giza/","$0.04724","-8.59%","$1.17 M","$47.42 M","$10.82 M","—","0.46x","$9.7 M","May 20, 2025","Arrington Capital","CoinFund","Base Ecosystem Fund","More Details"
"Nexpace","NXPC","https://icodrops.com/nexpace/","$0.3849","-0.45%","$4.66 M","$383.5 M","$88.77 M","—","0.16x","$100 M","May 15, 2025","Nexon","","",""
"Privasea","PRAI","https://icodrops.com/privasea/","$0.005175","3.66%","$854.19 K","$5.19 M","$1.07 M","0.04","0.13x","$9.75 M","May 14, 2025","YZi Labs (prev Binance Labs)","Amber Group","OKX Ventures","More Details"
"Doodles","","https://icodrops.com/doodles/","$0.005754","-0.10%","$11.42 M","$57.65 M","$44.88 M","—","0.65x","$54 M","May 9, 2025","FTX Ventures","10T Holdings","Acrew Capital","More Details"
"Space and Time","SXT","https://icodrops.com/space-and-time/","$0.02511","-0.26%","$2.52 M","$125.65 M","$35.15 M","—","0.15x","$50 M","May 8, 2025","Framework Ventures","Arrington Capital","BitScale Capital","More Details"
"Shardeum","SHM","https://icodrops.com/shardeum/","$0.0001803","-3.69%","$434.82 K","$10.84 M","$1.3 M","0.83","0.01x","$31.72 M","May 8, 2025","Balaji Srinivasan","Amber Group","CoinGecko Ventures","More Details"
"Obol Labs","Obol","https://icodrops.com/obol-labs/","$0.02782","11.72%","$4.84 M","$13.88 M","$3.85 M","0.25","0.11x","$20.5 M","May 7, 2025","Delphi Digital (Delphi Labs)","Pantera Capital","Alliance","More Details"
"Fly (prev. Magpie Protocol)","FLY","https://icodrops.com/magpie/","$0.02448","-1.21%","$54.24 K","$2.43 M","$319.72 K","0.45","0.05x","$4.64 M","Apr 30, 2025","Jump Crypto","ParaFi Capital","Big Brain Holdings","More Details"
"Overlay","OVL","https://icodrops.com/overlay/","$0.03878","2.58%","$1.09 M","$3.43 M","$531.05 K","0.28","0.14x","$2.9 M","Apr 30, 2025","1kx","Polychain Capital","MetaCartel Ventures","More Details"
"B2 Network","","https://icodrops.com/b2-network/","$0.7912","-0.40%","$24.83 M","$169.13 M","$32.87 M","0.0714","11.04x","$300 K","Apr 30, 2025","Alliance","HashKey Capital","OKX Ventures","More Details"
"Haedal","HAEDAL","https://icodrops.com/haedal/","$0.04153","-3.17%","$2.19 M","$41.62 M","$8.1 M","—","—","—","Apr 29, 2025","Arthur Cheong","Hashed","OKX Ventures","More Details"
"MilkyWay","MILK","https://icodrops.com/milkyway-2/","$0.006451","36.18%","$1.2 M","$6.48 M","$1.68 M","—","0.04x","$5 M","Apr 29, 2025","YZi Labs (prev Binance Labs)","Polychain Capital","Crypto.com","More Details"
"Sign","SIGN","https://icodrops.com/sign-2/","$0.03839","2.10%","$1.31 M","$383.9 M","$46.07 M","—","—","$54.15 M","Apr 28, 2025","Balaji Srinivasan","YZi Labs (prev Binance Labs)","Sequoia Capital","More Details"
"Initia","INIT","https://icodrops.com/initia/","$0.08972","-4.36%","$6.71 M","$89.97 M","$15.94 M","—","0.13x","$24 M","Apr 24, 2025","YZi Labs (prev Binance Labs)","Delphi Digital (Delphi Labs)","a_capital","More Details"
"Avantis","AVNT","https://icodrops.com/avantis/","$0.3828","-3.43%","$66.55 M","$382.9 M","$98.84 M","—","1.57x","$12 M","Apr 23, 2025","Pantera Capital","Founders Fund","Galaxy","More Details"
"Zora","","https://icodrops.com/zora/","$0.04351","8.94%","$41.25 M","$400.5 M","$194.49 M","—","1.33x","$60 M","Apr 23, 2025","Paradigm","Coinbase Ventures","Alice Lloyd George","More Details"
"Hyperlane","","https://icodrops.com/hyperlane/","$0.1265","1.42%","$3.42 M","$126.7 M","$22.16 M","0.03","4.23x","$18.5 M","Apr 22, 2025","Variant","CoinFund","Galaxy","More Details"
"Lorenzo Protocol","BANK","https://icodrops.com/lorenzo-protocol/","$0.05171","-0.63%","$5.41 M","$22.41 M","$21.99 M","0.0048","11.13x","$200 K","Apr 18, 2025","","","",""
"WalletConnect","WTC","https://icodrops.com/walletconnect/","$0.07553","0.61%","$5.6 M","$75.62 M","$14.06 M","0.2","0.37x","$46.25 M","Apr 15, 2025","1kx","Union Square Ventures","a_capital","More Details"
"Kernel","KERNEL","https://icodrops.com/kernel/","$0.07431","5.47%","$5.69 M","$74.29 M","$21.28 M","—","0.2x","$10 M","Apr 14, 2025","YZi Labs (prev Binance Labs)","DWF Labs","Bankless","More Details"
"Babylon","","https://icodrops.com/babylon/","$0.01731","0.00%","$1.07 M","$182.85 M","$49.07 M","—","0.19x","$93.3 M","Apr 10, 2025","YZi Labs (prev Binance Labs)","Framework Ventures","Paradigm","More Details"
"Arcadia Finance","AAA","https://icodrops.com/arcadia-finance/","$0.03466","12.14%","$7.16 K","$3.06 M","—","0.25","0.12x","—","Apr 10, 2025","","","",""
"Mind Network","","https://icodrops.com/mind-network/","$0.03683","1.56%","$2.05 M","$37.27 M","$36.83 M","0.015","2.47x","$13.25 M","Apr 10, 2025","YZi Labs (prev Binance Labs)","HashKey Capital","3Commas","More Details"
"StakeStone ETH","STONE","https://icodrops.com/stakestone-eth/","$0.082","-10.77%","$18.37 M","$81.34 M","$18.48 M","0.02","4.23x","$33 M","Apr 3, 2025","YZi Labs (prev Binance Labs)","Polychain Capital","Amber Group","More Details"
"PumpBTC","PUMP","https://icodrops.com/pumpbtc/","$0.02701","1.36%","$11.8 M","$27.01 M","$7.7 M","0.015","1.8x","$10 M","Apr 1, 2025","Mirana Ventures","SevenX Ventures","10K VC","More Details"
"GUNZ","GUN","https://icodrops.com/gunz/","$0.01142","-1.47%","$2.69 M","$114.3 M","$15.76 M","—","0.11x","$101 M","Mar 31, 2025","1kx","Jump Crypto","Coinbase Ventures","More Details"
"RuneMine","MINE","https://icodrops.com/runemine/","$0.0007029","2.79%","$7.76","$351.1 K","—","0.02","0.04x","$2 M","Mar 30, 2025","","","",""
"corn","CORN","https://icodrops.com/corn-2/","$0.07203","1.14%","$6.5 M","$147.61 M","$37.82 M","—","1.35x","$16.5 M","Mar 28, 2025","YZi Labs (prev Binance Labs)","Framework Ventures","Polychain Capital","More Details"
"KiloEx","","https://icodrops.com/kiloex/","$0.008428","1.67%","$2.39 M","$8.49 M","$1.78 M","0.015","0.57x","$750 K","Mar 27, 2025","YZi Labs (prev Binance Labs)","7UpDAO","Foresight Ventures","More Details"
"Particle Network","","https://icodrops.com/particle-network/","$0.1086","3.32%","$14.4 M","$108.7 M","$25.3 M","0.025","4.37x","$25.05 M","Mar 25, 2025","YZi Labs (prev Binance Labs)","gumi Cryptos Capital","HashKey Capital","More Details"
"Nillion","NIL","https://icodrops.com/nillion/","$0.07522","0.43%","$3.33 M","$75.16 M","$22.02 M","0.4","0.19x","$45 M","Mar 24, 2025","Hack VC","HashKey Capital","Arthur Hayes","More Details"
"Slingshot","SLING","https://icodrops.com/slingshot-2/","$0.0001029","0.78%","$55.01 K","$516.5 K","—","0.01","0.01x","$20.59 M","Mar 22, 2025","Digital Currency Group (DCG)","Dragonfly Capital","Sfermion","More Details"
"iAgent","AGNT","https://icodrops.com/iagent/","$0.0002731","1.41%","$86.25","$273.1 K","$55.11 K","0.035","0.01x","$3.05 M","Mar 18, 2025","the Alliance","Alpha Sigma Capital","Cointribune","More Details"
"Pell Network","","https://icodrops.com/pell-network/","$0.0006212","-0.92%","$84.07 K","$1.35 M","$208.72 K","0.0238","0.03x","$6.5 M","Mar 13, 2025","Mirana Ventures","Paper Ventures","ArkStream Capital","More Details"
"Bubblemaps","BMT","https://icodrops.com/bubblemaps/","$0.02462","-0.67%","$2.29 M","$24.59 M","$6.31 M","0.02","1.23x","$3.2 M","Mar 11, 2025","LBank Ventures","Momentum 6","Dyma Budorin","More Details"
"Elixir","ELX","https://icodrops.com/elixir-2/","$0.005194","-28.38%","$1.89 M","$5.54 M","$1.35 M","—","0.01x","$17.6 M","Mar 7, 2025","Amber Group","Hack VC","Manifold Trading","More Details"
"Mint","","https://icodrops.com/mint/","$0.001408","-14.25%","$12.77 K","$1.4 M","$307.58 K","—","0.02x","$5 M","Mar 7, 2025","SNZ Holding","Panony","Antalpha","More Details"
"RedStone","RED","https://icodrops.com/redstone/","$0.226","-1.14%","$3.17 M","$226.4 M","$68.12 M","—","0.56x","$22 M","Mar 6, 2025","1kx","Blockchain Capital","Amber Group","More Details"
"Rivalz Network","RIZ","https://icodrops.com/rivalz-network/","$0.0003997","-30.41%","$147.77 K","$2.77 M","$459.66 K","484","0.04x","$14.3 M","Feb 21, 2025","DWF Labs","D1 Ventures","Delphi Ventures","More Details"
"Kaito","KAITO","https://icodrops.com/kaito/","$0.5498","0.26%","$13.78 M","$546.9 M","$132.72 M","—","—","$10.8 M","Feb 20, 2025","Sequoia Capital","Dragonfly Capital","Jane Street Capital","More Details"
"Mind AI","MA","https://icodrops.com/mind-ai-2/","$0.0003154","-1.57%","$23.01 K","$157.75 K","$118.7 K","0.01","0.03x","$1.3 M","Feb 20, 2025","x21 Digital","aixCB","AlfaCatalyst","More Details"
"PAIN","PAIN","https://icodrops.com/pain/","$0.7144","2.03%","$26.6 K","$7.5 M","$3.57 M","—","0.04x","$38 M","Feb 20, 2025","","","",""
"VOTTUN","VTN","https://icodrops.com/vottun/","$0.001472","","$11.24","$920 K","—","0.024","0.06x","$9.75 M","Feb 18, 2025","Draper B1","Lanzame Capital","LLYC","More Details"
"DIN (Previously Web3Go)","","https://icodrops.com/din/","$0.02502","-6.49%","$120.59 K","$2.5 M","—","—","0.02x","$8 M","Feb 14, 2025","YZi Labs (prev Binance Labs)","HashKey Capital","Big Brain Holdings","More Details"
"MyShell","SHELL","https://icodrops.com/myshell/","$0.04964","1.23%","$13.16 M","$49.31 M","$13.4 M","—","0.18x","$16.6 M","Feb 13, 2025","Balaji Srinivasan","YZi Labs (prev Binance Labs)","Bankless","More Details"
"Solayer","LAYER","https://icodrops.com/solayer/","$0.1725","0.48%","$9.86 M","$171.2 M","$36.22 M","0.35","0.49x","$22.5 M","Feb 11, 2025","YZi Labs (prev Binance Labs)","Polychain Capital","BitScale Capital","More Details"
"Analog","ANALOG","https://icodrops.com/analog/","$0.0003063","-0.43%","$502.35 K","$2.79 M","$568.83 K","—","0.03x","$36 M","Feb 11, 2025","Balaji Srinivasan","Tribe Capital","Wintermute","More Details"
"Berachain","BERA","https://icodrops.com/berachain/","$0.6515","0.93%","$5.04 M","$325.1 M","$70.02 M","—","0.03x","$211 M","Feb 6, 2025","Brevan Howard","Framework Ventures","Polychain Capital","More Details"
"Quai Network","QUAI","https://icodrops.com/quai-network/","$0.03222","16.95%","$215.52 K","$96.78 M","$15.4 M","—","0.4x","$15 M","Feb 4, 2025","Polychain Capital","Alumni Ventures","Black Edge Capital","More Details"
"Lympid","LYP","https://icodrops.com/lympid/","$0.007545","-0.11%","$330.36 K","$696.48 K","$288.31 K","0.12","0.06x","$1.56 M","Jan 24, 2025","GBV Capital","NewTribe Capital","1inch","More Details"
"Silencio","","https://icodrops.com/silencio/","$0.000179","18.93%","$342.6 K","$17.9 M","—","0.0006","0.3x","$4.8 M","Jan 24, 2025","Moonrock Capital","MV Global","Blockchange Ventures","More Details"
"Yuliverse","YULI","https://icodrops.com/yuliverse/","$0.00003047","-5.37%","$11.49 K","$237.52 K","$243.76 K","—","0.01x","$4 M","Jan 23, 2025","DWF Labs","Animoca Brands","Titans Ventures","More Details"
"ANIME","ANIME","https://icodrops.com/anime/","$0.00804","5.49%","$30.84 M","$80.62 M","$44.53 M","—","0.04x","—","Jan 23, 2025","","","",""
"ChainAware.ai","AWARE","https://icodrops.com/chainaware-ai/","$0.001275","1.89%","$13.53","$127.4 K","$35.91 K","0.035","0.04x","$850 K","Jan 21, 2025","CoinIX","ChainGPT Labs","",""
"Plume Network","PLUME","https://icodrops.com/plume-network/","$0.01793","-2.09%","$12.59 M","$199.8 M","$56.23 M","—","0.14x","$30 M","Jan 21, 2025","YZi Labs (prev Binance Labs)","Brevan Howard","a_capital","More Details"
"Orbiter Finance","OBT","https://icodrops.com/orbiter-finance/","$0.002172","-0.70%","$1.3 M","$21.75 M","$11.29 M","—","0.11x","—","Jan 20, 2025","Amber Group","Lemniscap","OKX Ventures","More Details"
"Melania Meme","MELANIA","https://icodrops.com/melania-meme/","$0.1166","0.56%","$3.54 M","$116.6 M","$105.52 M","—","0.04x","—","Jan 20, 2025","","","",""
"Official Trump","TRUMP","https://icodrops.com/official-trump/","$5","0.81%","$125.2 M","$5 B","$1000 M","—","0.47x","—","Jan 18, 2025","","","",""
"Solv Protocol","SOLV","https://icodrops.com/solv-protocol/","$0.01454","-1.17%","$2.03 M","$121.97 M","$21.56 M","—","0.07x","$32 M","Jan 17, 2025","YZi Labs (prev Binance Labs)","Blockchain Capital","Alliance","More Details"
"GoPlus Security","GPS","https://icodrops.com/goplus-security/","$0.005009","0.69%","$1.87 M","$50.27 M","$20.19 M","—","0.08x","$10 M","Jan 16, 2025","YZi Labs (prev Binance Labs)","Crypto.com","Fenbushi Capital","More Details"
"Derive (Lyra Finance)","LYRA","https://icodrops.com/lyra-finance/","$0.053","-1.63%","$343.09 K","$52.99 M","$30.79 M","0.1","0.53x","$9.21 M","Jan 15, 2025","Framework Ventures","Alliance","Jump Capital","More Details"
"Koii Network","KOII","https://icodrops.com/koii-network/","$0.0001531","-3.72%","$11.8 K","$1.53 M","$173.38 K","—","0.01x","$100 K","Jan 13, 2025","Monday Capital","Outlier Ventures","",""
"Sonic","SONIC","https://icodrops.com/sonic/","$0.07239","0.97%","$19 M","$173.28 M","$26.06 M","—","0.08x","$24.8 M","Jan 7, 2025","DWF Labs","BITKRAFT Ventures","OKX Ventures","More Details"
"Hive Intelligence","HINT","https://icodrops.com/hive-intelligence/","$0.001656","1.24%","$144.81 K","$1.66 M","$728.64 K","0.008","0.21x","$2.64 M","Jan 7, 2025","","","",""
"BIO Protocol","BIO","https://icodrops.com/bio-protocol/","$0.04697","2.44%","$15.83 M","$155.87 M","$83.12 M","0.066","0.71x","$36.8 M","Jan 3, 2025","1kx","YZi Labs (prev Binance Labs)","Mechanism Capital","More Details"
"FLock","FLOCK","https://icodrops.com/flock-2/","$0.1112","13.67%","$9.23 M","$107.9 M","$14.32 M","—","0.07x","$9 M","Dec 31, 2024","Digital Currency Group (DCG)","Faction","Fenbushi Capital","More Details"
"EYWA","EYWA","https://icodrops.com/eywa/","$0.001489","1.59%","$234.63 K","$1.49 M","$688.01 K","0.07","0.02x","$9.28 M","Dec 20, 2024","Big Brain Holdings","G1 Ventures","Mapleblock Capital","More Details"
"Earn’M","EARNM","https://icodrops.com/earnm/","$0.0001993","-0.40%","$47.03 K","$996.5 K","$804.33 K","0.01","0.02x","$200 K","Dec 19, 2024","","","",""
"Swing","SWING","https://icodrops.com/swing/","$0.0001011","-0.41%","$73.28 K","$60 M","—","0.025","0.01x","$9.75 M","Dec 19, 2024","Arrington Capital","Ascensive Assets","FMFW","More Details"
"Fuel Network","FUEL","https://icodrops.com/fuel-network/","$0.001673","-0.82%","$127.75 K","$16.74 M","$5.92 M","0.02","0.08x","$90.9 M","Dec 19, 2024","Bain Capital Ventures","Blockchain Capital","CoinFund","More Details"
"Pudgy Penguins","PENGU","https://icodrops.com/pudgy-penguins/","$0.009429","0.65%","$85.01 M","$751.4 M","$592.71 M","—","0.15x","$20 M","Dec 17, 2024","1kx","Fenbushi Capital","Founders Fund","More Details"
"Pentagon Games","PEN","https://icodrops.com/pentagon-games/","$0.0002513","-6.48%","$44.89 K","$251.5 K","$101.17 K","0.0665","—","$6.3 M","Dec 16, 2024","YZi Labs (prev Binance Labs)","The Spartan Group","Yield Guild Games (YGG)","More Details"
"vana","VANA","https://icodrops.com/vana/","$2.65","-1.12%","$4.71 M","$318 M","$79.5 M","—","0.1x","$25 M","Dec 16, 2024","YZi Labs (prev Binance Labs)","Paradigm","Polychain Capital","More Details"
"Lingo","LINGO","https://icodrops.com/lingo/","$0.01005","-1.24%","$141.09 K","$10.15 M","—","—","0.03x","—","Dec 12, 2024","","","",""
"STAGE","STAGE","https://icodrops.com/stage/","$0.00001013","11.97%","$13.21 K","$107.9 K","$5.98 K","0.0013","0.01x","$4.6 M","Dec 11, 2024","Moonrock Capital","Kraken","Blockchain Association","More Details"
"Magic Eden","ME","https://icodrops.com/magic-eden/","$0.2089","-0.17%","$5.18 M","$209.9 M","$81.63 M","—","0.02x","$159.5 M","Dec 10, 2024","Electric Capital","Lightspeed Venture Partners","Paradigm","More Details"
"Lumoz","MOZ","https://icodrops.com/lumoz/","$0.000263","2.06%","$44.72 K","$2.62 M","$380.69 K","—","0.01x","$10 M","Dec 10, 2024","HashKey Capital","OKX Ventures","Everest Ventures","More Details"
"U2U Network (Unicorn Ultra)","U2U","https://icodrops.com/u2u-unicorn-ultra/","$0.001364","0.00%","$728.17 K","$13.63 M","—","0.007","0.2x","$23.8 M","Dec 10, 2024","Chain Capital","IDG Capital","Cointelegraph","More Details"
"Heurist","HEU","https://icodrops.com/heurist/","$0.01311","-4.22%","$206.02 K","$13.17 M","$2.47 M","—","0.07x","$2 M","Dec 9, 2024","Amber Group","Manifold Trading","Selini Capital","More Details"
"Burnt Finance","BURNT","https://icodrops.com/burnt-finance/","$0.1983","-0.25%","$3.18 M","$39.34 M","$5.07 M","—","0.02x","$36 M","Dec 5, 2024","Multicoin Capital","Alliance","Arrington Capital","More Details"
"Hyperliquid","HYPE","https://icodrops.com/hyperliquid/","$25.96","0.45%","$128.01 M","$25.08 B","$6.19 B","—","6.66x","—","Nov 29, 2024","","","",""
"SupraOracles","SUPRA","https://icodrops.com/supraoracles/","$0.0009688","-3.58%","$406.09 K","$78.3 M","$20.92 M","—","0.11x","$27.9 M","Nov 27, 2024","Coinbase Ventures","Hashed","HashKey Capital","More Details"
"World of Dypians","WOD","https://icodrops.com/world-of-dypians/","$0.02484","-0.16%","$1.76 M","$24.89 M","$9.21 M","0.0425","0.58x","$5.01 M","Nov 27, 2024","Castrum Capital","Conflux Network","IBC Ventures","More Details"
"HashKey","HSK","https://icodrops.com/hashkey/","$0.2596","0.13%","$172.32 K","$259.9 M","$87.39 M","—","0.32x","$380 M","Nov 26, 2024","Gaorong Ventures","","",""
"Zircuit","","https://icodrops.com/zircuit/","$0.004027","2.00%","$4.91 M","$40.27 M","$9.15 M","—","0.02x","—","Nov 25, 2024","YZi Labs (prev Binance Labs)","Amber Group","Selini Capital","More Details"
"Zyfi","ZFI","https://icodrops.com/zyfi/","$0.01246","9.92%","$7.08 K","$6.24 M","$2.05 M","0.04","0.31x","$2 M","Nov 24, 2024","Brilliance Ventures","ZBS Capital","Alpha Praetorian Capital","More Details"
"Eigenpie SubDAO","EGP","https://icodrops.com/eigenpie-subdao/","$0.1562","1.55%","$482.32 K","$1.55 M","$576.8 K","—","0.01x","—","Nov 20, 2024","Robot Ventures","Sam Kazemian","Akshat Vaidya","More Details"
"Swell Network","SWELL","https://icodrops.com/swell-network/","$0.001679","-3.17%","$1.04 M","$16.79 M","$6.69 M","—","0.02x","$3.75 M","Nov 7, 2024","Framework Ventures","Mark Cuban","Fernando Martinelli","More Details"
"Legend of Arcadia","ARCA","https://icodrops.com/legend-of-arcadia/","$0.005542","0.77%","$46.71 K","$5.55 M","$1.8 M","0.1","0.05x","$4 M","Nov 4, 2024","OKX Ventures","Selini Capital","Animoca Brands","More Details"
"MANTRA DAO","OM","https://icodrops.com/mantra-dao/","$0.07498","0.66%","$10.43 M","$129.48 M","$86.47 M","0.052","1.44x","$36.93 M","Oct 23, 2024","Slow Ventures","Vendetta Capital","GBV Capital","More Details"
"Scroll","SCR","https://icodrops.com/scroll/","$0.07547","-1.11%","$5.44 M","$75.42 M","$14.34 M","—","0.07x","$83 M","Oct 22, 2024","Bain Capital Ventures","Polychain Capital","HongShan (ex-Sequoia China)","More Details"
"deBridge","DBR","https://icodrops.com/debridge/","$0.01735","5.22%","$6.57 M","$173.4 M","$31.23 M","0.025","0.7x","$10.5 M","Oct 17, 2024","BitScale Capital","Crypto.com","Fundamental Labs","More Details"
"Puffer Finance","PUFFER","https://icodrops.com/puffer-finance/","$0.0562","0.04%","$1.57 M","$56.2 M","$19.51 M","—","0.11x","$24.27 M","Oct 14, 2024","YZi Labs (prev Binance Labs)","Brevan Howard","Electric Capital","More Details"
"Carv","CARV","https://icodrops.com/carv/","$0.1284","-0.44%","$10.5 M","$135.6 M","$16.05 M","0.2","0.64x","$44.9 M","Oct 10, 2024","ConsenSys","Fenbushi Capital","HashKey Capital","More Details"
"EigenLayer","","https://icodrops.com/eigenlayer/","$0.3998","1.31%","$17.18 M","$711.67 M","$197.74 M","—","—","$234.4 M","Oct 1, 2024","Andreessen Horowitz (a16z)","Blockchain Capital","Electric Capital","More Details"
"MetaCene","MAC","https://icodrops.com/metacene/","$0.001665","0.61%","$20.5 K","$1.66 M","$170.55 K","0.06","0.03x","$15 M","Sep 30, 2024","The Spartan Group","Animoca Brands","SevenX Ventures","More Details"
"Hamster Kombat","HMSTR","https://icodrops.com/hamster-kombat/","$0.0002122","-3.79%","$3.06 M","$22.05 M","$13.66 M","—","0.02x","—","Sep 26, 2024","","","",""
"Catizen","CATI","https://icodrops.com/catizen/","$0.06125","-0.55%","$2.72 M","$60.18 M","$18.68 M","—","0.01x","—","Sep 20, 2024","YZi Labs (prev Binance Labs)","Mirana Ventures","NGC Ventures","More Details"
"Peaq","PEAQ","https://icodrops.com/peaq/","$0.03424","5.44%","$1.49 M","$149.11 M","$56.87 M","0.0793","0.43x","$24.04 M","Sep 19, 2024","DWF Labs","Fundamental Labs","HashKey Capital","More Details"
"NOTAI","NOTAI","https://icodrops.com/notai/","$0.00000259","7.81%","$33.08 K","$259 K","$246.05 K","0.00009","0.03x","$1.56 M","Sep 18, 2024","ChainGPT Labs","Coin Terminal","Ignition PAID","More Details"
"Quantlytica","QTLX","https://icodrops.com/quantlytica/","$0.00295","2.48%","$19.99","$294.8 K","—","0.2","0.01x","$1.09 M","Sep 13, 2024","DWF Labs","P2 Ventures","ZBS Capital","More Details"
"Cellula","","https://icodrops.com/cellula/","$0.00005342","7.38%","$13.04 K","$53.42 K","—","—","0.01x","$2 M","Aug 30, 2024","YZi Labs (prev Binance Labs)","OKX Ventures","SevenX Ventures","More Details"
"Sharpe AI","SHARPE","https://icodrops.com/sharpe-ai/","$0.002519","-1.91%","$221.5 K","$2.52 M","$821.92 K","0.02","0.13x","$1.7 M","Aug 27, 2024","Morningstar Ventures","Animoca Brands","GBV Capital","More Details"
"Orderly Network","ORDER","https://icodrops.com/orderly-network/","$0.09861","0.43%","$1.09 M","$99.91 M","$35.14 M","—","0.18x","$25 M","Aug 26, 2024","Jump Crypto","Pantera Capital","HongShan (ex-Sequoia China)","More Details"
"Dogs","DOGS","https://icodrops.com/dogs/","$0.000041","-2.54%","$5.93 M","$22.47 M","$21.19 M","—","0.01x","—","Aug 26, 2024","","","",""
"Plena","PLENA","https://icodrops.com/plena/","$0.0003277","-0.25%","$126.18 K","$492.45 K","$168.83 K","0.017","0.02x","$7.75 M","Aug 22, 2024","ConsenSys","Big Brain Holdings","Boxmining","More Details"
"Optopia","OPAI","https://icodrops.com/optopia/","$0.00000116","1.75%","$11.69","$11.6 K","$7.59 K","0.002","0.01x","—","Aug 20, 2024","JRR Group","G. Ventures","Klein Labs","More Details"
"SunDog","SUNDOG","https://icodrops.com/sundog/","$0.008703","3.64%","$4.92 M","$8.73 M","$8.7 M","—","0.18x","—","Aug 16, 2024","SunPump","","",""
"Rage Trade","RAGE","https://icodrops.com/rage-trade/","$0.0002339","","$108.98","$23.39 K","$8.19 K","0.3","0.01x","$6 M","Aug 7, 2024","CMS Holdings","Lemniscap","mgnr.io","More Details"
"Matr1x","MAX","https://icodrops.com/matr1x/","$0.000181","0.07%","$110.03 K","$124.96 K","$29.91 K","—","0.01x","$20 M","Aug 5, 2024","Amber Group","HashKey Capital","OKX Ventures","More Details"
"Layer3","L3","https://icodrops.com/layer3/","$0.01296","0.88%","$2.45 M","$43.07 M","$14.44 M","—","0.13x","$21.5 M","Jul 30, 2024","Balaji Srinivasan","Electric Capital","6MV (6th Man Ventures)","More Details"
"Lava Network","","https://icodrops.com/lava-network/","$0.1351","-4.49%","$869.68 K","$130.25 M","$36 M","—","134.97x","$26 M","Jul 30, 2024","Alliance","CoinGecko Ventures","HashKey Capital","More Details"
"Azuro","AZUR","https://icodrops.com/azuro/","$0.003199","-1.92%","$100.55 K","$3.25 M","$782.06 K","—","0.03x","$11 M","Jul 26, 2024","Delphi Digital (Delphi Labs)","Alliance","Arrington Capital","More Details"
"Avail","","https://icodrops.com/avail/","$0.006562","-2.29%","$1.27 M","$66.75 M","$23.81 M","—","0.01x","$70 M","Jul 23, 2024","Balaji Srinivasan","Alliance","Dragonfly Capital","More Details"
"Liquidium","","https://icodrops.com/liquidium/","$0.07843","1.69%","$68.59 K","$7.82 M","$3.2 M","—","0.24x","$4 M","Jul 23, 2024","CMS Holdings","Newman Capital","NGC Ventures","More Details"
"ZkLink","ZKL","https://icodrops.com/zklink/","$0.004083","-2.49%","$154.43 K","$4.09 M","$1.81 M","0.15","0.03x","$23.19 M","Jul 22, 2024","Alliance","Arrington Capital","Ascensive Assets","More Details"
"AgentLayer","AGENT","https://icodrops.com/agentlayer/","$0.0007236","-6.06%","$52.29 K","$717.27 K","$650.88 K","—","0.04x","$1.5 M","Jul 20, 2024","BingX Labs","MH Ventures","Web3.com Ventures","More Details"
"Sanctum","CLOUD","https://icodrops.com/sanctum/","$0.07683","-1.32%","$1.19 M","$76.76 M","$40.35 M","0.15","0.51x","$13.6 M","Jul 18, 2024","Sequoia Capital","CMS Holdings","DeFiance Capital","More Details"
"Pixelverse","PIXFI","https://icodrops.com/pixelverse-2/","$0.0001296","-2.62%","$130.07 K","$643.5 K","—","—","0.01x","$7.5 M","Jul 18, 2024","Delphi Digital (Delphi Labs)","BitScale Capital","Merit Circle","More Details"
"Waterfall Protocol","","https://icodrops.com/waterfall-protocol/","$0.00009924","-14.07%","$9.6 K","—","—","0.01","0.01x","$13.6 M","Jul 17, 2024","Alpha Token Capital","BoltVC","ByteTrade Lab","More Details"
"Data Ownership Protocol","DOP","https://icodrops.com/data-ownership-protocol/","$0.00000807","2.55%","$255.82","$188.19 K","—","—","0.01x","—","Jul 5, 2024","","","",""
"Well3","WELL","https://icodrops.com/well3/","$0.0000105","0.29%","$11.96 K","$441 K","$69.14 K","0.0024","0.01x","$15 M","Jul 3, 2024","Animoca Brands","Newman Capital","Soul Capital",""
"Natix Network","NTXT","https://icodrops.com/natix-network/","$0.0002892","-2.40%","$287.86 K","$28.74 M","$11.73 M","0.001","0.29x","$13.1 M","Jul 1, 2024","Moonrock Capital","Big Brain Holdings","Blockchange Ventures","More Details"
"Aark Digital","AARK","https://icodrops.com/aark-digital/","$0.002725","2.09%","$66.67 K","$1.43 M","$1.35 M","0.035","0.08x","$6 M","Jun 30, 2024","Delphi Digital (Delphi Labs)","Arrington Capital","HashKey Capital","More Details"
"BorpaToken","BORPA","https://icodrops.com/borpatoken/","$0.000033","3.88%","$23.18","$32.95 K","$33 K","0.0056","0.01x","$1.34 M","Jun 28, 2024","","","",""
"Zeta Markets","ZEX","https://icodrops.com/zeta-markets/","$0.07066","0.18%","$102.35 K","$70.62 M","$13.27 M","—","0.26x","$13.5 M","Jun 27, 2024","Electric Capital","Amber Group","Jump Capital","More Details"
"TeleportDAO","TST","https://icodrops.com/teleportdao/","$0.0001696","-13.80%","$10.68 K","$192.8 K","$57.26 K","0.075","0.01x","$9.62 M","Jun 27, 2024","SNZ Holding","AppWorks","Candaq Fintech Group","More Details"
"Blast","BLAST","https://icodrops.com/blast/","$0.0007193","0.87%","$497.62 K","$72.02 M","$37.85 M","—","0.04x","$20 M","Jun 26, 2024","eGirl Capital","Paradigm","Manifold Trading","More Details"
"Lista DAO (prev. Helio Protocol)","LISTA","https://icodrops.com/helio-protocol/","$0.1688","-2.48%","$4.99 M","$217.91 M","$47.95 M","0.2","0.84x","$10.1 M","Jun 20, 2024","YZi Labs (prev Binance Labs)","","",""
"Mystiko Network","XZK","https://icodrops.com/mystiko-network/","$0.0005188","-3.93%","$11.24 K","$518.8 K","$213.1 K","0.15","0.01x","$29.25 M","Jun 18, 2024","HashKey Capital","Morningstar Ventures","Naval Ravikant","More Details"
"Legion Ventures","LEGION","https://icodrops.com/legion-ventures/","$0.0002173","-0.94%","$13.47 K","$10 M","—","0.01","0.02x","$2.1 M","Jun 17, 2024","Coinbase Ventures","HTX Ventures (previously Huobi Ventures)","Morningstar Ventures","More Details"
"Nostra","NSTR","https://icodrops.com/nostra/","$0.03973","12.11%","$18.99 K","$3.61 M","$3.97 M","—","0.18x","—","Jun 17, 2024","","","",""
"Artfi","ARTFI","https://icodrops.com/artfi/","$0.001722","6.49%","$77.62 K","$1.72 M","$224.49 K","—","0.05x","$3.26 M","Jun 17, 2024","DWF Labs","Raza Beig","Sheikh Hend Al Qassemi",""
"zkSync","ZK","https://icodrops.com/zksync/","$0.03038","-3.73%","$14.82 M","$639.03 M","$260.29 M","—","0.1x","$458 M","Jun 17, 2024","1kx","Andreessen Horowitz (a16z)","Blockchain Capital","More Details"
"0xGen","","https://icodrops.com/0xgen/","$0.00003268","-1.21%","$12.21 K","$32.68 K","$16.31 K","0.04","0.01x","$40 K","Jun 15, 2024","Bella Protocol","Phoenix","Principle68","More Details"
"Cookie3","COOKIE","https://icodrops.com/cookie3/","$0.0415","-0.59%","$1.31 M","$41.55 M","$26.38 M","0.028","1.49x","$12.57 M","Jun 13, 2024","CMT Digital","The Spartan Group","Animoca Brands","More Details"
"Aethir","ATH","https://icodrops.com/aethir/","$0.009761","2.01%","$10.57 M","$410.26 M","$153.5 M","—","0.09x","$162.8 M","Jun 12, 2024","Framework Ventures","HashKey Capital","Merit Circle","More Details"
"io.net","IO","https://icodrops.com/io-net/","$0.1574","0.19%","$5.65 M","$120.16 M","$39.83 M","—","0.04x","$30 M","Jun 11, 2024","Delphi Digital (Delphi Labs)","Multicoin Capital","6MV (6th Man Ventures)","More Details"
"Taiko","TAIKO","https://icodrops.com/taiko/","$0.17","1.24%","$2.31 M","$170 M","$36 M","2","0.08x","$37 M","Jun 5, 2024","Lightspeed Venture Partners","HongShan (ex-Sequoia China)","Hashed","More Details"
"Ultiverse","ULTI","https://icodrops.com/ultiverse/","$0.00036","2.34%","$263.51 K","$3.58 M","$2.5 M","—","0.01x","$13.5 M","May 31, 2024","YZi Labs (prev Binance Labs)","DWF Labs","DeFiance Capital","More Details"
"NuLINK","NLK","https://icodrops.com/nulink/","$0.0005005","18.32%","$56.56 K","$513.2 K","—","0.16","0.01x","$11.1 M","May 30, 2024","YZi Labs (prev Binance Labs)","DWF Labs","LD Capital","More Details"
"MON Protocol","MON","https://icodrops.com/mon-protocol/","$0.006999","2.74%","$71.93 K","$7.01 M","$4.39 M","0.099","0.07x","$6.15 M","May 27, 2024","Delphi Digital (Delphi Labs)","Amber Group","BitScale Capital","More Details"
"Sekuya","SKYA","https://icodrops.com/sekuya-2/","$0.001947","0.94%","$135.36 K","$1.94 M","$974.51 K","—","0.08x","$1.6 M","May 24, 2024","NewTribe Capital","OIG Oracles Investment Group","Bigger Than Race","More Details"
"Holograph","HLG","https://icodrops.com/holograph/","$0.00003496","21.53%","$8.75 K","$335.43 K","$53.31 K","—","0.01x","$11 M","May 23, 2024","gmoney","Mechanism Capital","Nick Chong","More Details"
"Nyan Heroes","NYN","https://icodrops.com/nyan-heroes/","$0.0008229","-2.02%","$14.8 K","$995.4 K","$120.43 K","0.04","0.02x","$13.5 M","May 21, 2024","Delphi Digital (Delphi Labs)","Crypto.com","DeFiance Capital","More Details"
"Verida","","https://icodrops.com/verida/","$0.0005762","-17.71%","$9.92 K","$574.9 K","$195.65 K","—","0.01x","$5 M","May 16, 2024","Gate.io","Amesten Capital","Bison Capital","More Details"
"Notcoin","NOT","https://icodrops.com/notcoin/","$0.0005425","-0.93%","$7.82 M","$55.79 M","$53.94 M","—","—","—","May 16, 2024","","","",""
"Ekubo","","https://icodrops.com/ekubo/","$2.36","-2.88%","$38.74 K","$23.6 M","$23.6 M","—","2.42x","$12 M","May 15, 2024","Delphi Ventures","Uniswap","",""
"Lifeform","LFT","https://icodrops.com/lifeform/","$0.006193","-0.03%","$175.62 K","$6.19 M","$3.81 M","0.03","0.21x","$5 M","May 15, 2024","YZi Labs (prev Binance Labs)","DHVC","IDG Capital","More Details"
"Cross The Ages","CTA","https://icodrops.com/cross-the-ages/","$0.009876","-6.38%","$394.49 K","$4.9 M","$588.41 K","0.25","0.04x","$16 M","May 15, 2024","Fundamental Labs","Mechanism Capital","Morningstar Ventures","More Details"
"Subsquid","SQD","https://icodrops.com/subsquid/","$0.0819","15.38%","$18.97 M","$111.77 M","$76.53 M","0.094","0.88x","$15.28 M","May 15, 2024","Hypersphere Ventures","Volt Capital","D1 Ventures","More Details"
"Imaginary Ones","BUBBLE","https://icodrops.com/imaginary-ones/","$0.000167","-0.12%","$12.06 K","$1.68 M","$232.89 K","—","0.01x","—","May 14, 2024","Animoca Brands","Andromeda Capital","Cypher Capital","More Details"
"BounceBit","BB","https://icodrops.com/bouncebit/","$0.05601","-1.61%","$4.59 M","$117.52 M","$52.06 M","—","0.16x","$6 M","May 13, 2024","YZi Labs (prev Binance Labs)","Blockchain Capital","Bankless","More Details"
"Meson.Network","MSN","https://icodrops.com/mesonnetwork/","$0.006318","-1.88%","$11.7 K","$626.7 K","$126.43 K","1.75","—","$12.25 M","May 13, 2024","CMT Digital","Digital Currency Group (DCG)","HashKey Capital","More Details"
"Galaxis","GLX","https://icodrops.com/galaxis/","$0.0001803","-0.06%","$55.01 K","$1.3 M","$622.33 K","0.0125","0.01x","$17.15 M","May 10, 2024","Rarestone Capital","Bolts Capital","ChainLink","More Details"
"Mode","","https://icodrops.com/mode/","$0.0004693","-0.05%","$328.93 K","$4.72 M","$2.5 M","—","0.01x","$5.3 M","May 7, 2024","Optimism Foundation","","",""
"XSwap","XSWAP","https://icodrops.com/xswap/","$0.01514","-3.83%","$113.22 K","$5.27 M","$4.74 M","0.05","0.31x","$900 K","May 6, 2024","P2 Ventures","ZBS Capital","OIG Oracles Investment Group","More Details"
"ZeroLend","ZERO","https://icodrops.com/zerolend/","$0.00000637","2.25%","$78.72 K","$639 K","$528.71 K","—","—","$3 M","May 6, 2024","Morningstar Ventures","GBV Capital","Genblock Capital","More Details"
"Friend.tech","","https://icodrops.com/friendtech/","$0.03513","2.86%","$2.22 K","—","$3.33 M","—","0.01x","—","May 3, 2024","Paradigm","","",""
"TARS Protocol","TARS","https://icodrops.com/tars-protocol/","$0.01938","-0.43%","$736.23 K","$17.24 M","$11.37 M","—","0.31x","—","May 3, 2024","Black Dragon","NewTribe Capital","OIG Oracles Investment Group","More Details"
"Renzo Protocol","REZ","https://icodrops.com/renzo-protocol/","$0.004677","-1.68%","$2.17 M","$46.81 M","$21.03 M","—","0.01x","$20.2 M","Apr 30, 2024","YZi Labs (prev Binance Labs)","Brevan Howard","Bankless","More Details"
"Massa Labs","MASSA","https://icodrops.com/massa-labs/","$0.00439","3.20%","$193.89 K","$4.38 M","$1.73 M","0.12","0.04x","$14.42 M","Apr 30, 2024","TRGC","BlueYard","ZBS Capital","More Details"
"Ordz Games","","https://icodrops.com/ordz-games/","$0.0209","1.75%","$74.8 K","—","—","—","0.02x","—","Apr 30, 2024","Waterdrip Capital","Sora Ventures","CoinSummer","More Details"
"Lillius","LLT","https://icodrops.com/lillius/","$0.0003986","-2.80%","$12.27 K","$376.5 K","—","—","0.01x","$2.2 M","Apr 26, 2024","Cronos Labs","Global Blockchain Innovative Capital (GBIC)","GSR Markets (GSR)","More Details"
"Exverse","EXVG","https://icodrops.com/exverse/","$0.0001541","-3.38%","$11.54 K","$227.36 K","—","—","0.01x","$3 M","Apr 24, 2024","Moonrock Capital","ChainGPT Labs","Cogitent Ventures","More Details"
"Playbux","","https://icodrops.com/playbux/","$0.00007274","1.73%","$53.52","$28.82 K","$27.35 K","0.075","0.01x","$2.45 M","Apr 23, 2024","YZi Labs (prev Binance Labs)","Gate.io","Ankr","More Details"
"Black Panther","BLACK","https://icodrops.com/black-panther/","$0.002245","-0.30%","$142.5","$1.66 M","—","—","0.04x","—","Apr 22, 2024","Taureon","CSP DAO","DojoSwap","More Details"
"Runecoin","RUNECOIN","https://icodrops.com/runecoin/","$0.0001027","-1.32%","$44.02 K","$2.1 M","—","—","0.01x","—","Apr 21, 2024","","","",""
"Fjord Foundry","FJO","https://icodrops.com/fjord-foundry/","$0.02427","4.22%","$54.83 K","$2.04 M","$256.15 K","—","0.01x","$4.3 M","Apr 20, 2024","Lemniscap","Mechanism Capital","Zee Prime Capital","More Details"
"Snapmuse.io","SMX","https://icodrops.com/snapmuse-io/","$0.0009658","1.93%","$129.21 K","$483.6 K","—","0.02","0.05x","$1.48 M","Apr 19, 2024","","","",""
"Merlin Chain","MERL","https://icodrops.com/merlin-chain/","$0.3494","-2.10%","$11.84 M","$737.1 M","$380.32 M","—","0.27x","—","Apr 19, 2024","Amber Group","OKX Ventures","The Spartan Group","More Details"
"GenomesDAO","GENE","https://icodrops.com/genomesdao/","$0.001041","4.50%","$1.14 K","$1.04 M","$1.04 M","—","0.08x","—","Apr 19, 2024","Pantera Capital","Modular Capital","",""
"Merlin Starter","MSTAR","https://icodrops.com/merlin-starter/","$0.0001042","0.19%","$47.17 K","$104.5 K","$61.98 K","0.04","0.01x","$10 K","Apr 17, 2024","Amber Group","Mapleblock Capital","Waterdrip Capital","More Details"
"Omni Network","OMNI","https://icodrops.com/omni-network/","$1.258","-1.02%","$44.77 K","$125.8 M","$63.18 M","1.5","0.85x","$18.14 M","Apr 17, 2024","Jump Crypto","Pantera Capital","Coinbase Ventures","More Details"
"Parcl","PRCL","https://icodrops.com/parcl/","$0.02011","-0.84%","$657.64 K","$20.01 M","$9.1 M","—","0.03x","$11.6 M","Apr 16, 2024","Coinbase Ventures","Dragonfly Capital","ParaFi Capital","More Details"
"Massa","MASSA","https://icodrops.com/massa/","$0.00439","3.20%","$193.89 K","$4.38 M","$1.73 M","—","0.05x","—","Apr 15, 2024","","","",""
"Masa","MASA","https://icodrops.com/masa/","$0.00352","-0.84%","$78.02 K","$5.56 M","$1.97 M","0.079","0.04x","$17.69 M","Apr 11, 2024","Digital Currency Group (DCG)","FBG Capital","Alves Ventures","More Details"
"Eesee","ESE","https://icodrops.com/eesee/","$0.002205","-5.97%","$237.16 K","$1.53 M","$1.37 M","0.018","0.12x","$3 M","Apr 11, 2024","Animoca Brands","Momentum 6","SevenX Ventures","More Details"
"Trex20","TX20","https://icodrops.com/trex20/","$0.0006704","-0.88%","$12.21 K","$26.82 K","$26.82 K","0.042","0.02x","$1 M","Apr 10, 2024","Moonrock Capital","x21 Digital","Marshland Capital","More Details"
"GAM3S.GG","G3","https://icodrops.com/gam3s-gg/","$0.0004735","-0.63%","$151.19 K","$473.7 K","$285.93 K","0.04","0.01x","$4.5 M","Apr 9, 2024","Mechanism Capital","Merit Circle","SNACKCLUB","More Details"
"Truflation","","https://icodrops.com/truflation/","$0.007109","3.18%","$406.33 K","$7.16 M","$3.22 M","0.075","0.09x","$6.4 M","Apr 9, 2024","Balaji Srinivasan","Fundamental Labs","C2Ventures (Csquared)","More Details"
"Ore","","https://icodrops.com/ore/","$95.11","26.95%","$1.27 M","$39.63 M","$39.6 M","—","0.27x","$3 M","Apr 9, 2024","Solana Ventures","Foundation Capital","Santiago Roel Santos","More Details"
"Saga","SAGA","https://icodrops.com/saga/","$0.06003","-2.42%","$4.04 M","$65.27 M","$19.91 M","—","0.01x","$13.5 M","Apr 9, 2024","Hypersphere Ventures","Merit Circle","Placeholder","More Details"
"Tensor","","https://icodrops.com/tensor/","$0.08081","-2.94%","$7.75 M","$80.71 M","$27.04 M","—","0.04x","$3 M","Apr 8, 2024","Alliance","Placeholder","Solana Ventures","More Details"
"Zeus Network","ZEUS","https://icodrops.com/zeus-network/","$0.01901","8.10%","$1.89 M","$18.88 M","$15.15 M","0.3","0.06x","$8 M","Apr 4, 2024","Lemniscap","Mechanism Capital","OKX Ventures","More Details"
"Wormhole","","https://icodrops.com/wormhole/","$0.03528","0.33%","$10.85 M","$352.6 M","$182.53 M","0.25","0.14x","$225 M","Apr 4, 2024","Brevan Howard","Jump Trading","Multicoin Capital","More Details"
"Dopamine","DOPE","https://icodrops.com/dopamine/","$0.0008586","-4.82%","$11.62 K","$92.17 K","$107.31 K","—","0.01x","$4.5 M","Apr 3, 2024","DAO Maker","Gate.io","Shima Capital",""
"Velar","VELAR","https://icodrops.com/velar/","$0.0002868","-7.43%","$463.65","$286.8 K","$101.6 K","0.03","0.01x","$3.74 M","Apr 3, 2024","CMS Holdings","GBV Capital","Kyros Ventures","More Details"
"MetaDOS","SECOND","https://icodrops.com/metados/","$0.00000465","0.06%","$112.92","$46.5 K","$23.32 K","0.0012","0.01x","$3.05 M","Apr 3, 2024","Avalon Wealth Club","AZA Ventures","Brainbox","More Details"
"Versus-X","VSX","https://icodrops.com/versus-x/","$0.002216","0.53%","$12.97 K","$221.6 K","$91.29 K","0.17","0.01x","$1.96 M","Apr 3, 2024","","","",""
"Sugar Kingdom","SKO","https://icodrops.com/sugar-kingdom/","$0.0004309","-0.22%","$4.42","$43.09 K","—","0.16","0.01x","$2.4 M","Apr 2, 2024","ZBS Capital","7 O'Clock Capital","Automatic Venture Group (AVG)","More Details"
"Castle Of Blackwater","COBE","https://icodrops.com/castle-of-blackwater/","$0.004495","-12.68%","$52.35 K","$445.8 K","$33.59 K","0.2","0.02x","$1 M","Mar 29, 2024","3Commas Capital","Faculty Group","Metrics Ventures",""
"SpaceCatch","CATCH","https://icodrops.com/spacecatch/","$0.0015","10.95%","$53.75 K","$129.2 K","$80.79 K","0.08","0.02x","—","Mar 29, 2024","","","",""
"BITBRAWL","BRAWL","https://icodrops.com/bitbrawl/","$0.00000382","0.33%","$11.99 K","$38.2 K","—","—","0.01x","$3 M","Mar 28, 2024","Morningstar Ventures","Big Brain Holdings","Shima Capital",""
"OrangeDX","","https://icodrops.com/orangedx/","$0.001326","-1.35%","$11.39 K","$133 K","—","—","—","$1.5 M","Mar 26, 2024","GBV Capital","x21 Digital","Alphabit Digital Currency Fund","More Details"
"EZswap","","https://icodrops.com/ezswap/","$0.00005463","-6.45%","$11.8 K","$57.62 K","—","—","0.01x","$1 M","Mar 26, 2024","EOS Network Foundation","IOBC Capital","Momentum Capital",""
"Apeiron","APRS","https://icodrops.com/apeiron/","$0.003986","-2.57%","$4.62 K","$3.95 M","$788.09 K","0.11","0.04x","$13.11 M","Mar 26, 2024","DeFiance Capital","Hashed","Morningstar Ventures","More Details"
"Gaimin","","https://icodrops.com/gaimin/","$0.00001349","2.44%","$44.91 K","$1.33 M","—","0.0029","0.01x","$11.15 M","Mar 26, 2024","Morningstar Ventures","Shima Capital","Ghaf Capital Partners","More Details"
"Juice Finance","JUICE","https://icodrops.com/juice-finance/","$0.00004008","5.22%","$12.24 K","$38.35 K","$32.71 K","—","—","$1 M","Mar 26, 2024","Delphi Digital (Delphi Labs)","DWF Labs","Arthur Hayes","More Details"
"Pundu","PUNDU","https://icodrops.com/pundu/","$0.002786","2.79%","$14.43","$2.77 M","$2.77 M","—","0.06x","$3.1 M","Mar 26, 2024","","","",""
"Devvio","","https://icodrops.com/devvio/","$0.2346","7.79%","$52.99 K","—","—","—","0.18x","—","Mar 20, 2024","","","",""
"Fluence","FLU","https://icodrops.com/fluence/","$0.01226","3.23%","$75.51 K","$12.26 M","—","0.62","0.02x","$800 K","Mar 20, 2024","","","",""
"Fluence Network","FLT","https://icodrops.com/fluence-network/","$0.01226","3.23%","$75.51 K","$12.26 M","—","0.05","0.24x","$15.15 M","Mar 20, 2024","1kx","Multicoin Capital","Dekrypt Capital","More Details"
"YOUR Protocol","YOUR","https://icodrops.com/your-protocol/","$0.0002058","1.20%","$11.86 K","$208.1 K","$9.49 K","0.01","0.02x","$450 K","Mar 19, 2024","Genblock Capital","SkyVision Capital","ZBS Capital","More Details"
"Polyhedra Network","ZKJ","https://icodrops.com/polyhedra-network/","$0.03928","0.60%","$2.4 M","$39.32 M","$16.38 M","—","0.01x","$45 M","Mar 19, 2024","YZi Labs (prev Binance Labs)","Polychain Capital","HashKey Capital","More Details"
"ether.fi","ETHFI","https://icodrops.com/ether-fi/","$0.7209","1.26%","$22.38 M","$720.5 M","$470.58 M","—","0.44x","$32.3 M","Mar 18, 2024","Amber Group","Arrington Capital","Bankless","More Details"
"Hydro Protocol","HDRO","https://icodrops.com/hydro-protocol-2/","$0.002789","4.07%","$15.45 K","$2.79 M","$1.21 M","—","0.01x","—","Mar 15, 2024","SkyVision Capital","Black Dragon","Taureon","More Details"
"Shuffle","SHFL","https://icodrops.com/shuffle-2/","$0.2918","-2.52%","$377.26 K","$288.1 M","$105.59 M","—","0.47x","$2.5 M","Mar 14, 2024","0xSisyphus","Andrew Kang","Baboon VC","More Details"
"Aevo","AEVO","https://icodrops.com/aevo/","$0.03878","0.42%","$6.38 M","$38.8 M","$35.52 M","0.25","0.16x","$16.61 M","Mar 13, 2024","YZi Labs (prev Binance Labs)","Pantera Capital","Paradigm","More Details"
"StarHeroes","STAR","https://icodrops.com/starheroes/","$0.002399","-1.87%","$105.57 K","$1.42 M","$525.47 K","0.0262","0.09x","$1.59 M","Mar 12, 2024","","","",""
"Nibiru","NIBI","https://icodrops.com/nibiru/","$0.009016","-20.60%","$13.36 M","$13.34 M","$7.99 M","0.05","0.19x","$32.5 M","Mar 12, 2024","HashKey Capital","Tribe Capital","Kraken","More Details"
"IvendPay","IVPAY","https://icodrops.com/ivendpay/","$0.001293","4.82%","$82.57 K","$1.29 M","$384.15 K","0.03","0.04x","$4.2 M","Mar 11, 2024","","","",""
"Bonsai","BONSAI","https://icodrops.com/bonsai/","$0.001725","65398.43%","$21.58","$1.72 M","$699.94 K","—","0.08x","$1 M","Mar 10, 2024","Sandeep Nailwal","Friends With Benefits","Palm Tree Crew","More Details"
"Scallop.io","SCA","https://icodrops.com/scallopio/","$0.04187","0.66%","$513.84 K","$10.43 M","$5.91 M","—","0.04x","$3 M","Mar 8, 2024","6MV (6th Man Ventures)","CMS Holdings","Kyros Ventures","More Details"
"Aether Games","","https://icodrops.com/aether-games/","$0.0001038","-1.15%","$5.9 K","$103.8 K","$46.18 K","0.032","0.01x","$17.14 M","Mar 7, 2024","MV Global","P2 Ventures","Cogitent Ventures","More Details"
"Weave6","WX","https://icodrops.com/weave6/","$0.00008862","0.17%","$19.06 K","$88.72 K","—","0.015","0.01x","$2.69 M","Mar 4, 2024","","","",""
"QORPO World","QORPO","https://icodrops.com/qorpo-world/","$0.005308","-2.21%","$392 K","$37.5 M","—","0.033","0.16x","$10.26 M","Feb 29, 2024","Magnus Capital","Momentum 6","MV Global","More Details"
"Portal Gaming","PORTAL","https://icodrops.com/portal-2/","$0.02263","-1.42%","$1.13 M","$22.71 M","$16.88 M","—","0.01x","$29 M","Feb 29, 2024","gmoney","9GAGCEO","dingaling","More Details"
"MNET","NUUM","https://icodrops.com/mnet/","$0.001125","4.72%","$245.27","$1.12 M","$148.97 K","0.45","0.01x","$40.04 M","Feb 29, 2024","CMS Holdings","Hypersphere Ventures","mgnr.io","More Details"
"QnA3.AI","GPT","https://icodrops.com/qna3-ai/","$0.0004691","0.15%","$12.02 K","$404.4 K","$46.91 K","—","0.01x","—","Feb 28, 2024","YZi Labs (prev Binance Labs)","Solana Foundation","",""
"Dechat","CHAT","https://icodrops.com/dechat/","$0.002059","37.45%","$46.41","$56.5 K","$3.48 K","0.55","0.01x","$4.17 M","Feb 26, 2024","Mindspace Solutions","","",""
"Sponge V2","SPONGE","https://icodrops.com/sponge/","$0.00000543","-12.00%","$5.46 K","$814.5 K","—","0.00091","0.01x","—","Feb 23, 2024","","","",""
"Smart Layer Network","SNL","https://icodrops.com/smart-layer-network/","$0.0034","-5.87%","$6.5 K","$340 K","$53.96 K","—","0.01x","$6 M","Feb 23, 2024","Framework Ventures","Mark Cuban","Crypto.com","More Details"
"SubQuery Network","SQT","https://icodrops.com/subquery-network/","$0.0003442","0.08%","$81.54 K","$3.52 M","$1.19 M","0.012","0.03x","$15.8 M","Feb 23, 2024","Alliance","Arrington Capital","FMFW","More Details"
"Forgotten Playland","","https://icodrops.com/forgotten-playland/","$0.00009858","22.62%","$3.23","$986.9 K","$54.22 K","0.004","0.02x","$10 M","Feb 21, 2024","Merit Circle","The Spartan Group","C2Ventures (Csquared)","More Details"
"Octavia","VIA","https://icodrops.com/octavia/","$0.007339","-12.36%","$119.39 K","$741.1 K","$63.85 K","0.1","0.08x","$3.39 M","Feb 20, 2024","","","",""
"bitsCrunch","BCUT","https://icodrops.com/bitscrunch/","$0.004654","12.70%","$545.83 K","$4.66 M","$2.84 M","0.055","0.09x","$12.95 M","Feb 20, 2024","Coinbase Ventures","Crypto.com","HashKey Capital","More Details"
"StarkNet","STRK","https://icodrops.com/starknet/","$0.08246","-1.76%","$22.88 M","$813.6 M","$409.39 M","—","0.02x","$282.5 M","Feb 20, 2024","Multicoin Capital","Pantera Capital","Paradigm","More Details"
"Pixels","PIXEL","https://icodrops.com/pixels/","$0.008135","-1.76%","$3.65 M","$40.7 M","$25.93 M","0.012","0.68x","$7.2 M","Feb 19, 2024","Framework Ventures","Fenbushi Capital","Mechanism Capital","More Details"
"Ta-da","TADA","https://icodrops.com/ta-da/","$0.001063","-3.07%","$143.83 K","$1.06 M","$739.69 K","0.022","0.05x","$4.55 M","Feb 15, 2024","Morningstar Ventures","Spark Digital Capital","GBV Capital","More Details"
"Asterix","","https://icodrops.com/asterix/","$73.01","0.03%","$2.94","$730.1 K","—","—","0.07x","—","Feb 15, 2024","Hashed","Everest Ventures","Momentum 6","More Details"
"NAVI Protocol","NAVX","https://icodrops.com/navi-protocol/","$0.01859","-0.85%","$306.49 K","$18.61 M","$15.17 M","—","0.14x","$2.03 M","Feb 7, 2024","Hashed","Mechanism Capital","OKX Ventures","More Details"
"DevvE","DevvE","https://icodrops.com/devve/","$0.2235","-4.82%","$392.28 K","$26.59 M","$19.53 M","0.4","0.56x","$4 M","Feb 7, 2024","","","",""
"Forward Protocol","FORWARD","https://icodrops.com/forward-protocol/","$0.00007121","1.99%","$2.59","$356.05 K","$9.58 K","0.005","0.01x","$1.45 M","Feb 7, 2024","FMFW","AU21 Capital","Lotus capital","More Details"
"Heroes of Mavia","MAVIA","https://icodrops.com/heroes-of-mavia/","$0.05222","-0.15%","$1.39 M","$13.07 M","$2.7 M","—","0.02x","$8 M","Feb 6, 2024","YZi Labs (prev Binance Labs)","Delphi Digital (Delphi Labs)","Crypto.com","More Details"
"Dymension","DYM","https://icodrops.com/dymension/","$0.07071","-2.06%","$1.65 M","$76.47 M","$30.7 M","—","0.02x","$6.7 M","Feb 6, 2024","Big Brain Holdings","MatchboxDAO","Stratos Technologies",""
"MixMob","MXM","https://icodrops.com/mixmob/","$0.0002218","3.78%","$457.26","$213.4 K","$31.95 K","—","0.01x","$9.92 M","Feb 1, 2024","Ascensive Assets","DeFiance Capital","IOSG Ventures","More Details"
"ZetaChain","ZETA","https://icodrops.com/zetachain/","$0.07203","0.43%","$6.35 M","$151.81 M","$84.23 M","—","0.05x","$27 M","Feb 1, 2024","Blockchain.com Ventures","CMT Digital","Jane Street Capital","More Details"
"De.Fi (prev. DeFiYield)","DEFI","https://icodrops.com/defi-prev-defiyield/","$0.0005614","-0.28%","$174.35 K","$561.7 K","$1.05 M","—","0.01x","—","Jan 31, 2024","","","",""
"DeFiYield","DEFI","https://icodrops.com/defiyield/","$0.0005614","-0.28%","$174.35 K","$561.7 K","$1.05 M","0.3","0.01x","$2.35 M","Jan 31, 2024","DeFiance Capital","Fenbushi Capital","HTX Ventures (previously Huobi Ventures)","More Details"
"Jupiter","JUP","https://icodrops.com/jupiter/","$0.2","-0.29%","$16.26 M","$1.37 B","$638.08 M","—","0.1x","—","Jan 31, 2024","","","",""
"Dmail","","https://icodrops.com/dmail/","$0.002529","-0.02%","$190.04 K","$505.4 K","$196.55 K","—","0.05x","—","Jan 30, 2024","FBG Capital","HashKey Capital","Spark Digital Capital","More Details"
"AltLayer","ALT","https://icodrops.com/altlayer/","$0.01198","-0.42%","$2.33 M","$120.1 M","$62.3 M","0.018","0.67x","$37.2 M","Jan 25, 2024","Balaji Srinivasan","YZi Labs (prev Binance Labs)","Jump Crypto","More Details"
"GT-Protocol","GTAI","https://icodrops.com/gt-protocol/","$0.041","0.22%","$127.98 K","$3.84 M","$157.44 K","0.2","0.21x","$5.08 M","Jan 25, 2024","Animoca Brands","Shima Capital","Castrum Capital","More Details"
"Farcana","","https://icodrops.com/farcana/","$0.000901","12.04%","$164.14 K","$4.5 M","$3.67 M","0.008","0.08x","$10.3 M","Jan 23, 2024","Fenbushi Capital","Merit Circle","Rarestone Capital","More Details"
"Saros Finance","","https://icodrops.com/saros-finance/","$0.003245","-3.43%","$557.62 K","$32.58 M","$5.48 M","—","0.13x","$3.75 M","Jan 19, 2024","Hashed","Solana Ventures","The Spartan Group","More Details"
"Manta Network","MANTA","https://icodrops.com/manta-network/","$0.07683","0.11%","$2.76 M","$72.7 M","$35.15 M","0.5","0.15x","$60.4 M","Jan 18, 2024","YZi Labs (prev Binance Labs)","Multicoin Capital","Polychain Capital","More Details"
"Ondo Finance","ONDO","https://icodrops.com/ondo-finance/","$0.3922","0.54%","$22.93 M","$3.92 B","$1.24 B","0.055","7.13x","$32.44 M","Jan 18, 2024","Pantera Capital","CMS Holdings","Coinbase Ventures","More Details"
"OORT","OORT","https://icodrops.com/oort/","$0.01421","-10.45%","$320.09 K","$28.14 M","$9.56 M","0.15","0.1x","$119.51 M","Jan 15, 2024","Aves Lair","Hike Ventures","Optic Capital","More Details"
"Moon App","APP","https://icodrops.com/moon-app/","$0.0003295","-17.01%","$157.73 K","$996.9 K","$133.45 K","0.0067","0.05x","$2.03 M","Jan 12, 2024","","","",""
"Prism","DUEL","https://icodrops.com/prism/","$0.0001646","12.02%","$140.57 K","$1.65 M","$1.38 M","0.0043","0.04x","—","Jan 12, 2024","","","",""
"GameGPT","DUEL","https://icodrops.com/gamegpt/","$0.0001646","12.02%","$140.57 K","$1.65 M","$1.38 M","0.0043","0.04x","$960 K","Jan 12, 2024","","","",""
"Magic Square","SQR","https://icodrops.com/magic-square/","$0.001105","-7.35%","$79.54 K","$1.1 M","$453.43 K","0.1","0.01x","$13.85 M","Jan 11, 2024","YZi Labs (prev Binance Labs)","Republic Capital","Banana Capital","More Details"
"Your Open Metaverse","YOM","https://icodrops.com/your-open-metaverse/","$0.000409","49.53%","$0.03","$81.98 K","$122.7 K","0.075","0.01x","$3.08 M","Jan 11, 2024","","","",""
"Xai","XAI","https://icodrops.com/xai/","$0.01595","-1.47%","$5.38 M","$33.48 M","$30.45 M","0.035","0.46x","—","Jan 9, 2024","CMS Holdings","Animoca Brands","Outlier Ventures","More Details"
"Port3 Network","","https://icodrops.com/port3-network/","$0.002135","0.80%","$2.17 M","$2.13 M","$1.48 M","0.05","0.04x","$10.16 M","Jan 8, 2024","DWF Labs","Jump Crypto","Gate.io","More Details"
"ZKFair","ZKF","https://icodrops.com/zkfair/","$0.00002088","-6.82%","$48.78 K","$218 K","$208.8 K","0.0013","0.01x","—","Jan 5, 2024","","","",""
"Sleepless AI","","https://icodrops.com/sleepless-ai/","$0.03993","0.16%","$3.08 M","$39.95 M","$18.1 M","—","0.01x","—","Jan 4, 2024","YZi Labs (prev Binance Labs)","Folius Ventures","",""
"Timeswap","TIME","https://icodrops.com/timeswap/","$0.00109","-0.60%","$127.08","$1.92 M","$381.5 K","—","0.1x","$160.08 K","Jan 1, 2024","Multicoin Capital","DeFiance Capital","Mechanism Capital","More Details"
"Ordiswap","","https://icodrops.com/ordiswap/","$0.0002039","1.80%","$49.86 K","$204.4 K","$144.5 K","—","0.01x","—","Dec 28, 2023","DWF Labs","","",""
"NFPrompt","NFP","https://icodrops.com/nfprompt/","$0.02413","-0.28%","$1.53 M","$24.15 M","$12.47 M","0.06","0.4x","$6 M","Dec 27, 2023","YZi Labs (prev Binance Labs)","","",""
"Eclipse Fi","ECLIP","https://icodrops.com/eclipse-fi/","$0.0002463","3.97%","$0.31","$73.89 K","$33.55 K","0.075","0.01x","$3.16 M","Dec 22, 2023","Rarestone Capital","Big Brain Holdings","Kyros Ventures","More Details"
"Aki Protocol","AKI","https://icodrops.com/aki-protocol/","$0.00102","-1.37%","$40.14 K","$2.04 M","$1.72 M","—","0.02x","$40 M","Dec 22, 2023","Puzzle Ventures","Alchemy Pay","CatcherVC","More Details"
"Restake Finance","RSTK","https://icodrops.com/restake-finance/","$0.004081","2.37%","$20.11","$408 K","$156.12 K","0.05","0.01x","$3.23 M","Dec 21, 2023","0xJeff","AlfaDAO","bizyugo","More Details"
"analoS","","https://icodrops.com/analos/","$0.00000187","2.38%","$117.38","$186.96 K","$153.49 K","—","0.02x","$1 M","Dec 21, 2023","GOTBIT","","",""
"Bitcoin Cats","1cat","https://icodrops.com/bitcoin-cats/","$0.0001321","0.21%","$140.39 K","$1.32 M","—","—","0.37x","$704 K","Dec 20, 2023","DWF Labs","","",""
"Liquid Crypto","LQDX","https://icodrops.com/liquid-crypto/","$0.0004617","7.71%","$58.2","$184.68 K","$55.86 K","0.065","0.01x","—","Dec 20, 2023","","","",""
"Script Network","SCPT","https://icodrops.com/script-network/","$0.0004503","1.52%","$112.88 K","$446.4 K","$41.41 K","0.0094","0.05x","$1.69 M","Dec 20, 2023","","","",""
"Levana","LVN","https://icodrops.com/levana/","$0.001511","-2.38%","$2.11","$1.51 M","$1.21 M","—","0.02x","—","Dec 19, 2023","","","",""
"Serenity Shield","SERCH","https://icodrops.com/serenity-shield/","$0.0411","6.25%","$24.27 K","$4.47 M","$41.1 K","—","0.21x","—","Dec 19, 2023","","","",""
"GPT Plus","GPTPLUS","https://icodrops.com/gpt-plus/","$0.00004494","-0.07%","$42.27 K","$26.96 K","—","0.0015","0.03x","—","Dec 18, 2023","","","",""
"Fusionist","","https://icodrops.com/fusionist/","$0.2745","-2.82%","$4.59 M","$40.41 M","$23.09 M","—","—","$6.6 M","Dec 18, 2023","YZi Labs (prev Binance Labs)","FunPlus","",""
"Points","","https://icodrops.com/points/","$0.0001759","2.26%","$3.73","$42.73 K","$43.8 K","—","0.01x","—","Dec 16, 2023","","","",""
"Finceptor","FINC","https://icodrops.com/finceptor/","$0.00628","0.64%","$54.55 K","$625 K","$371.57 K","0.06","0.1x","—","Dec 13, 2023","","","",""
"BitStable","BSSB","https://icodrops.com/bitstable/","$0.01477","10.78%","$237.36 K","$265.25 K","—","0.0532","0.26x","$223.23 K","Dec 13, 2023","","","",""
"Jito","JTO","https://icodrops.com/jito/","$0.3988","0.03%","$10.89 M","$397 M","$166.58 M","—","0.16x","$64.2 M","Dec 7, 2023","Andreessen Horowitz (a16z)","Delphi Digital (Delphi Labs)","Framework Ventures","More Details"
"Inspect","INSP","https://icodrops.com/inspect/","$0.003877","4.59%","$159.95 K","$3.7 M","$3.1 M","0.015","0.25x","$30 K","Dec 6, 2023","Merit Circle","Morningstar Ventures","Rarestone Capital","More Details"
"Abelian","ABEL","https://icodrops.com/abelian/","$0.1188","6.62%","$85.7 K","$15.57 M","$13.13 M","—","0.09x","$3 M","Dec 6, 2023","Draper Dragon","","",""
"5ire","5IRE","https://icodrops.com/5ire/","$0.0003","0.61%","$201.11 K","$449.7 K","$14.7 K","0.06","0.01x","$242.96 M","Dec 5, 2023","Moonrock Capital","Magnus Capital","x21 Digital","More Details"
"Good Entry","","https://icodrops.com/good-entry/","$0.00009618","-0.02%","$1.57","$64.76 K","$44.82 K","—","0.01x","$160 K","Dec 5, 2023","Arbitrum Foundation","","",""
"Work X","WORK","https://icodrops.com/work-x/","$0.001497","-1.07%","$12.54 K","$113.3 K","$4.64 K","—","0.01x","$3.05 M","Dec 5, 2023","","","",""
"Earn Network","EARN","https://icodrops.com/earn-network/","$0.00000046","6.78%","$72.95","$4.5 K","$4.09 K","—","0.01x","$2.7 M","Dec 2, 2023","Bixin Ventures","Mirana Ventures","Shima Capital","More Details"
"Holdstation","","https://icodrops.com/holdstation/","$0.6919","1.77%","$250.11 K","$20.75 M","—","—","0.56x","$2 M","Nov 28, 2023","Everest Ventures","SNZ Holding","K300 Venture","More Details"
"Friend3","F3","https://icodrops.com/friend3/","$0.001235","0.10%","$12.33 K","$1.24 M","$69.47 K","0.01","0.12x","$992.5 K","Nov 28, 2023","","","",""
"Mizar","MZR","https://icodrops.com/mizar/","$0.0004505","-3.87%","$2.87 K","$4.5 M","$1.33 M","0.0015","0.3x","$3 M","Nov 23, 2023","HTX Ventures (previously Huobi Ventures)","Spark Digital Capital","AU21 Capital","More Details"
"Chainflip","FLIP","https://icodrops.com/chainflip/","$0.4398","-0.17%","$129.96 K","$41.19 M","$29.31 M","1.83","0.24x","$23.44 M","Nov 23, 2023","Blockchain Capital","Delphi Digital (Delphi Labs)","eGirl Capital","More Details"
"TurtSat","","https://icodrops.com/turtsat/","$0.0001155","4.68%","$116.92 K","$70.82 K","$70.88 K","—","0.02x","—","Nov 21, 2023","DWF Labs","","",""
"Vertex Protocol","VRTX","https://icodrops.com/vertex-protocol/","$0.0001074","-4.44%","$1.79","$107.4 K","$56.75 K","—","0.01x","$10.91 M","Nov 21, 2023","Hack VC","HTX Ventures (previously Huobi Ventures)","Jane Street Capital","More Details"
"Pyth Network","","https://icodrops.com/pyth-network/","$0.06234","-0.01%","$9.96 M","$615.5 M","$358.45 M","—","0.14x","—","Nov 20, 2023","Delphi Digital (Delphi Labs)","DWF Labs","Jump Trading","More Details"
"Elixxir","XX","https://icodrops.com/elixxir/","$0.04154","3.32%","$59.95 K","$39.56 M","—","0.36","0.12x","$9.7 M","Nov 16, 2023","","","",""
"Spacemesh","SPACE","https://icodrops.com/spacemesh/","$0.001792","-0.14%","$1.86 K","$127.18 K","$188.27 K","—","0.01x","$18.2 M","Nov 16, 2023","1kx","Bain Capital Ventures","Electric Capital","More Details"
"Chappyz","CHAPZ","https://icodrops.com/chappyz/","$0.00003552","-9.60%","$12.1 K","$362.3 K","$297.94 K","—","0.06x","—","Nov 15, 2023","","","",""
"MultiBit","MUBI","https://icodrops.com/multibit/","$0.0008954","-0.94%","$79.14 K","$897.3 K","$850.63 K","0.00047","1.93x","$180.31 K","Nov 14, 2023","","","",""
"Propbase","PROPS","https://icodrops.com/propbase/","$0.007625","1.16%","$1.36 M","$9.08 M","$3.48 M","0.0032","2.38x","$180 K","Nov 13, 2023","","","",""
"Lamas Finance","LMF","https://icodrops.com/lamas-finance/","$0.002628","-20.40%","$1.78 K","$19.21 K","$19.32 K","0.4","0.01x","—","Nov 10, 2023","","","",""
"Cool Cats","MILK","https://icodrops.com/cool-cats/","$0.00006005","1.55%","$173.77","$147.25 K","$147.25 K","—","0.54x","—","Nov 8, 2023","Animoca Brands","","",""
"Shrapnel","SHARP","https://icodrops.com/shrapnel/","$0.001298","-10.25%","$45.56 K","$3.99 M","$2.01 M","—","0.01x","$57.6 M","Nov 8, 2023","Brevan Howard","Polychain Capital","Dragonfly Capital","More Details"
"Micro AI","","https://icodrops.com/micro-ai/","$0.2533","-9.15%","$50.26 K","$284.7 K","—","—","0.1x","$2.24 M","Nov 6, 2023","","","",""
"Memecoin","MEME","https://icodrops.com/memecoin/","$0.001004","-1.38%","$4.54 M","$68.9 M","$59.95 M","0.001","1.01x","$15.87 M","Nov 3, 2023","YZi Labs (prev Binance Labs)","","",""
"AiMalls","AIT","https://icodrops.com/aimalls/","$0.5643","5.48%","$1.36 K","$527.76 K","$113.92 K","10","0.06x","—","Nov 3, 2023","Aimalls","","",""
"Prisma","","https://icodrops.com/prisma/","$0.01369","2.04%","$151.99","$4.11 M","$1.34 M","—","0.01x","—","Nov 2, 2023","0xMaki","OKX Ventures","Tetranode","More Details"
"Celestia","TIA","https://icodrops.com/celestia/","$0.4754","-0.58%","$25.51 M","$476 M","$408.9 M","0.3","1.59x","$156.5 M","Oct 30, 2023","1kx","Bain Capital Ventures","YZi Labs (prev Binance Labs)","More Details"
"Sword and Magic World","SWO","https://icodrops.com/sword-and-magic-world/","$0.0003824","0.26%","$11.99 K","$328.08 K","—","—","0.01x","—","Oct 27, 2023","","","",""
"TokenFi","","https://icodrops.com/tokenfi/","$0.008725","199.60%","$79.09 M","$87.95 M","$8.73 M","—","173.94x","$10 M","Oct 27, 2023","DWF Labs","","",""
"Beam","BEAM","https://icodrops.com/beam/","$0.002946","0.14%","$5.25 M","$172.43 M","$145.73 M","3750","0.01x","$77.75 M","Oct 26, 2023","1kx","DWF Labs","Continue Capital","More Details"
"Phantom of the Kill","OSHI","https://icodrops.com/phantom-of-the-kill/","$0.02968","-0.36%","$639.95 K","$29.68 M","—","0.015","1.98x","—","Oct 26, 2023","","","",""
"Pop Social","PPT","https://icodrops.com/pop-social/","$0.003615","-37.73%","$70.48 K","$715.4 K","—","—","0.01x","$4 M","Oct 25, 2023","Fundamental Labs","Ceras Ventures","ChainLink","More Details"
"Openfabric AI","OFN","https://icodrops.com/openfabric-ai/","$0.001968","5.43%","$72.51 K","$931.5 K","$57.01 K","0.06","0.03x","$5.33 M","Oct 24, 2023","Big Brain Holdings","Autonomy Capital","Cogitent Ventures","More Details"
"ZTX","ZTX","https://icodrops.com/ztx/","$0.0004468","0.76%","$266.81 K","$4.47 M","$3.18 M","—","0.02x","$13 M","Oct 16, 2023","Jump Crypto","Everest Ventures","Collab+Currency","More Details"
"VinuChain","VC","https://icodrops.com/vinuchain/","$0.001882","-2.53%","$232.83 K","$3.58 M","$855.7 K","0.025","0.07x","—","Oct 16, 2023","","","",""
"Unice","UNICE","https://icodrops.com/unice/","$0.0002118","-3.95%","$54.79","$209.88 K","$57.58 K","0.08","0.01x","—","Oct 13, 2023","","","",""
"Tezos Domains","TED","https://icodrops.com/tezos-domains/","$0.00349","3.46%","$12.31 K","$320.38 K","—","0.04","0.09x","—","Oct 13, 2023","","","",""
"Mountain Protocol","","https://icodrops.com/mountain-protocol/","$1.003","","$18.85","$48.14 M","$48.14 M","—","1x","$8 M","Oct 12, 2023","Multicoin Capital","Bankless","Coinbase Ventures","More Details"
"Big Time","","https://icodrops.com/big-time/","$0.0216","4.24%","$48.84 M","$107.7 M","$41.22 M","—","0.33x","$10.3 M","Oct 11, 2023","Digital Currency Group (DCG)","OKX Ventures","Circle Ventures","More Details"
"Cyber Arena","CAT","https://icodrops.com/cyber-arena/","$0.00000366","-4.08%","$261.82 K","$17.2 K","$6.33 K","0.0014","0.01x","$2.18 M","Oct 5, 2023","","","",""
"Wall Street Memes","WSM","https://icodrops.com/wall-street-memes/","$0.0002655","2.31%","$44.36","$503.12 K","$430.11 K","0.0337","0.01x","—","Sep 26, 2023","","","",""
"CrossFi","XFI","https://icodrops.com/crossfi/","$0.08344","-0.67%","$307.74 K","$31.41 M","$3.53 M","—","0.08x","—","Sep 25, 2023","","","",""
"Passage","PASG","https://icodrops.com/passage/","$0.0002204","3.86%","$1.19 K","$315.78 K","$301.51 K","—","0.01x","$6 M","Sep 13, 2023","Chorus One","Akash Network","Cogitent Ventures","More Details"
"GEODNET","GEOD","https://icodrops.com/geodnet/","$0.1441","-0.49%","$343.44 K","$134.18 M","$63.23 M","—","3.67x","$15 M","Sep 7, 2023","Multicoin Capital","Pantera Capital","CoinFund","More Details"
"Connext","NEXT","https://icodrops.com/connext/","$0.003815","5.88%","$13.87 K","$3.59 M","$2.6 M","—","0.01x","$28.8 M","Sep 5, 2023","1kx","eGirl Capital","Pantera Capital","More Details"
"Moove Protocol","MOOVE","https://icodrops.com/moove-protocol/","$0.000984","0.06%","$2.75","$22.62 K","$22.52 K","—","0.01x","—","Sep 4, 2023","Morningstar Ventures","ZBS Capital","Alpha Protocol Ventures","More Details"
"Solidus AI Tech","AITECH","https://icodrops.com/solidus-ai-tech/","$0.009769","3.11%","$1.86 M","$19.55 M","$17.13 M","0.0135","0.73x","$6.84 M","Aug 28, 2023","","","",""
"MetaElfLand","MELD","https://icodrops.com/metaelfland/","$0.00007823","-8.87%","$12.27 K","$780.7 K","—","0.0036","0.02x","—","Aug 25, 2023","","","",""
"HYTOPIA","TOPIA","https://icodrops.com/hytopia/","$0.00000819","2.25%","$9.14","$40.5 K","$12.44 K","—","0.01x","$3 M","Aug 16, 2023","Delphi Digital (Delphi Labs)","","",""
"CyberConnect","","https://icodrops.com/cyberconnect/","$0.7343","1.06%","$2.71 M","$73.45 M","$42.56 M","1.8","0.41x","$30.4 M","Aug 15, 2023","YZi Labs (prev Binance Labs)","Delphi Digital (Delphi Labs)","Multicoin Capital","More Details"
"Sei Network","SEI","https://icodrops.com/sei-network/","$0.1159","-0.90%","$43.07 M","$1.15 B","$752.32 M","0.08","1.46x","$85 M","Aug 15, 2023","Multicoin Capital","Coinbase Ventures","Hypersphere Ventures","More Details"
"HMX","","https://icodrops.com/hmx/","$0.06949","","$3.57","$694.9 K","$318.11 K","—","0.01x","—","Aug 7, 2023","99 Capital","Finlink","Rise Capital",""
"SeaPad","SPT","https://icodrops.com/seapad/","$0.00644","1.21%","$8.75","$631.2 K","—","0.05","0.13x","$550 K","Aug 6, 2023","Coinvestor Ventures","Kairon Labs","",""
"ZEEBU","","https://icodrops.com/zeebu/","$0.5699","0.42%","$66.48 K","$2.85 B","—","—","0.68x","$25 M","Aug 3, 2023","Bankai Ventures","","",""
"Ozone Metaverse","OZONE","https://icodrops.com/ozone-metaverse/","$0.00005937","-15.38%","$296.35","$79 K","$65.65 K","0.007","0.01x","$1.45 M","Jul 28, 2023","Alphabit Fund","Cogitent Ventures","Cointelegraph","More Details"
"Grape","GRP","https://icodrops.com/grape-3/","$1.826","2.45%","$33","$18.29 M","$8.13 M","—","0.01x","$35 M","Jul 28, 2023","LDA Capital","","",""
"Brickken","BKN","https://icodrops.com/brickken/","$0.1036","-1.31%","$206.72 K","$14.25 M","$8.35 M","0.1","1.04x","$5.7 M","Jul 26, 2023","Lightspeed Venture Partners","SNZ Holding","Blue Bay Ventures","More Details"
"SophiaVerse","SOPH","https://icodrops.com/sophiaverse/","$0.001418","3.43%","$70.51 K","$1.41 M","$368.91 K","0.0275","0.05x","$5.06 M","Jul 25, 2023","","","",""
"GameSwift","GSWIFT","https://icodrops.com/gameswift/","$0.001277","-1.46%","$83.7 K","$985.48 K","$460.7 K","0.0144","0.09x","$50 K","Jul 24, 2023","Hashed","P2 Ventures","SkyVision Capital","More Details"
"Worldcoin","WLD","https://icodrops.com/worldcoin/","$0.5123","0.28%","$54.81 M","$5.12 B","$1.36 B","—","0.27x","$375 M","Jul 24, 2023","1confirmation","Andreessen Horowitz (a16z)","a16z crypto CSX","More Details"
"Hatom","HTM","https://icodrops.com/hatom/","$0.02163","-3.22%","$110.16 K","$2.16 M","$360.52 K","0.4","0.05x","$8.06 M","Jul 21, 2023","Morningstar Ventures","Vendetta Capital","ZBS Capital","More Details"
"Archway","ARCH","https://icodrops.com/archway/","$0.002223","0.20%","$112.6 K","$2.55 M","$1.42 M","0.2","0.01x","$27 M","Jul 20, 2023","1confirmation","Blockchain Capital","IDEO CoLab Ventures","More Details"
"DexCheck","DCK","https://icodrops.com/dexcheck/","$0.001786","0.41%","$218.12 K","$1.7 M","$1.21 M","0.01","0.18x","$2.34 M","Jul 20, 2023","Castrum Capital","ChainGPT Labs","Coinvestor Ventures","More Details"
"Arkham","ARKM","https://icodrops.com/arkham/","$0.192","0.61%","$11.49 M","$192.1 M","$43.22 M","0.05","3.86x","$14.5 M","Jul 18, 2023","YZi Labs (prev Binance Labs)","Coinbase Ventures","Digital Currency Group (DCG)","More Details"
"Sabai Ecoverse","SABAI","https://icodrops.com/sabai-ecoverse/","$0.003438","1.31%","$1.09 M","$9.12 M","$1.84 M","0.015","0.23x","$200 K","Jul 18, 2023","","","",""
"Mantle","MNT","https://icodrops.com/mantle/","$1.047","-0.28%","$32.89 M","$6.49 B","$3.41 B","—","2.18x","—","Jul 17, 2023","","","",""
"Neon","NEON","https://icodrops.com/neon-labs/","$0.05826","0.32%","$820.24 K","$58.22 M","$15.28 M","0.1","0.58x","$45 M","Jul 17, 2023","IDEO CoLab Ventures","Jump Capital","Solana Ventures","More Details"
"Goracle","GORA","https://icodrops.com/goracle/","$0.006463","-1.29%","$5.48","$646.3 K","$245.59 K","0.45","0.01x","$2 M","Jul 10, 2023","Big Brain Holdings","Borderless Capital","Algorand","More Details"
"Rodeo","RDO","https://icodrops.com/rodeo/","$0.0002567","-0.42%","$597.14 K","$21.56 K","—","0.088","0.01x","$1.06 M","Jul 6, 2023","","","",""
"Getaverse","GETA","https://icodrops.com/getaverse/","$0.00001792","-4.43%","$17.22 K","$88.97 K","—","0.02","0.01x","$40 K","Jul 6, 2023","LD Capital","YBB Foundation","AC Capital",""
"EGO (Paysenger)","EGO","https://icodrops.com/ego-paysenger/","$0.0009613","-0.32%","$49.82 K","$311.11 K","$192.88 K","0.06","0.02x","$4.68 M","Jul 6, 2023","","","",""
"Nolus","NLS","https://icodrops.com/nolus/","$0.003352","-4.70%","$97.64 K","$3.05 M","$2.53 M","—","0.08x","$2.5 M","Jul 3, 2023","Autonomy Capital","Cogitent Ventures","DoraHacks Ventures","More Details"
"KYVE","KYVE","https://icodrops.com/kyve/","$0.003527","-3.27%","$26.55 K","$4.5 M","$3.98 M","—","0.01x","$12.8 M","Jul 1, 2023","CMS Holdings","HTX Ventures (previously Huobi Ventures)","Hypersphere Ventures","More Details"
"Maverick Protocol","MAV","https://icodrops.com/maverick-protocol/","$0.0272","-1.09%","$1.33 M","$52.54 M","$21.56 M","0.1","0.27x","$17.46 M","Jun 28, 2023","YZi Labs (prev Binance Labs)","Jump Crypto","Pantera Capital","More Details"
"Ethlas","ELS","https://icodrops.com/ethlas/","$0.001079","3.90%","$24.66","$377.65 K","—","0.3","0.01x","$9.13 M","Jun 28, 2023","Dragonfly Capital","Peak XV Partners(ex-Sequoia India)","BlockchainSpace","More Details"
"Penpie","PNP","https://icodrops.com/penpie/","$2.05","4.06%","$5.57 K","$20.5 M","$3.09 M","0.29","7x","$586 K","Jun 22, 2023","","","",""
"Joystream","JOY","https://icodrops.com/joystream/","$0.000288","-0.46%","$111.63 K","$326.2 K","$320.89 K","0.06","0.01x","$13 M","Jun 21, 2023","Alliance","FMFW","Bitmain","More Details"
"Abyss World","AWT","https://icodrops.com/abyss-world/","$0.00000228","-0.25%","$10.38 K","$22.8 K","—","—","0.01x","—","Jun 15, 2023","Big Brain Holdings","DWeb3 Capital","2Moon Capital","More Details"
"Cogito Protocol","CGV","https://icodrops.com/cogito-protocol/","$0.001305","24.34%","$91.68","$1.43 M","$117.69 K","0.04","0.03x","—","Jun 13, 2023","","","",""
"HyperGPT","HGPT","https://icodrops.com/hypergpt/","$0.005322","1.26%","$540.69 K","$5.31 M","$4.5 M","0.008","0.67x","$1.67 M","Jun 13, 2023","YAY Network","","",""
"Suiswap","SSWP","https://icodrops.com/suiswap/","$0.00000683","-6.08%","$1.19","$68.3 K","$60.39 K","—","0.01x","—","Jun 13, 2023","","","",""
"Neutron","NTRN","https://icodrops.com/neutron/","$0.02889","-5.52%","$6.25 M","$28.54 M","$18.28 M","0.09","0.32x","$10 M","Jun 3, 2023","YZi Labs (prev Binance Labs)","Delphi Digital (Delphi Labs)","CoinFund","More Details"
"Bware Labs","BWR","https://icodrops.com/bware-labs/","$0.06731","-1.01%","$11.59 K","$6.75 M","$278.05 K","0.09","0.75x","$6.85 M","May 30, 2023","Ascensive Assets","CoinGecko Ventures","Hypersphere Ventures","More Details"
"Orbofi","OBI","https://icodrops.com/orbofi/","$0.0003652","-7.08%","$22.57 K","$732.2 K","$536.46 K","0.008","0.04x","$2.93 M","May 29, 2023","OIG Oracles Investment Group","Almora Capital","Cogitent Ventures","More Details"
"Pika Protocol","PIKA","https://icodrops.com/pika-protocol/","$0.4909","2.47%","$7.35","$49.08 M","$9.33 M","0.36","1.37x","$6.84 M","May 29, 2023","","","",""
"WeFi","WEFI","https://icodrops.com/wefi/","$0.01391","0.11%","$2.14 K","$1.39 M","$582.6 K","0.3","0.05x","$125 K","May 25, 2023","","","",""
"The Unfettered","SOULS","https://icodrops.com/the-unfettered/","$0.0001454","-8.46%","$23.89 K","$327.15 K","$156.51 K","0.009","0.02x","$2.92 M","May 23, 2023","Morningstar Ventures","Vendetta Capital","Animoca Brands","More Details"
"Suia","SUIA","https://icodrops.com/suia/","$0.0007981","3.03%","$64.71","$79.81 K","—","0.39","0.01x","$1.62 M","May 16, 2023","","","",""
"LimeWire","LMWR","https://icodrops.com/limewire/","$0.0304","1.11%","$1.26 M","$19.32 M","$13.38 M","0.2","0.16x","$35.17 M","May 16, 2023","Arrington Capital","GSR Ventures","Kraken","More Details"
"Turbos Finance","TURBOS","https://icodrops.com/turbos-finance/","$0.0001543","-0.01%","$38.79 K","$1.53 M","$1.02 M","0.005","0.03x","$3.75 M","May 15, 2023","Jump Crypto","","",""
"Karate Combat","KARATE","https://icodrops.com/karate-combat/","$0.00002645","1.75%","$11.91 K","$2.91 M","$1.76 M","0.00073","0.04x","$22.4 M","May 12, 2023","Delphi Digital (Delphi Labs)","BITKRAFT Ventures","BitScale Capital","More Details"
"GoGoPool","","https://icodrops.com/gogopool/","$0.2405","1.61%","$663.28","$4.33 M","$1.71 M","—","0.13x","$5 M","May 11, 2023","Framework Ventures","CoinFund","FinTech Collective","More Details"
"SuiPad","SUIP","https://icodrops.com/suipad/","$0.003728","-1.27%","$58.16 K","$377.3 K","$257.42 K","0.05","0.08x","$1.7 M","May 11, 2023","Rarestone Capital","DAO Maker","GBV Capital","More Details"
"zkApes","","https://icodrops.com/zkapes/","$0","9.02%","$12.34 K","$96.7 K","$48.88 K","—","0.01x","—","May 10, 2023","","","",""
"Cetus protocol","","https://icodrops.com/cetus-protocol/","$0.02371","-2.31%","$3.53 M","$23.76 M","$20.97 M","0.05","0.48x","$1 M","May 10, 2023","Jump Crypto","OKX Ventures","3Commas","More Details"
"pizabrc","piza","https://icodrops.com/pizabrc/","$0.007771","","$56.38 K","$163.19 K","$163.19 K","—","0.02x","—","May 9, 2023","","","",""
"Hypercycle","HYPC","https://icodrops.com/hypercycle/","$0.007386","1.21%","$1.03 K","$15.85 M","—","0.085","0.09x","$9.38 M","May 8, 2023","","","",""
"Coinzix","ZIX","https://icodrops.com/coinzix/","$0.00001349","2.81%","$13.45 K","$80.94 K","$77.68 K","0.0005","0.03x","$2.24 M","May 5, 2023","","","",""
"SUI","SUI","https://icodrops.com/sui/","$1.494","2.75%","$316.8 M","$14.98 B","$5.58 B","0.03","49.93x","$405.37 M","May 3, 2023","Andreessen Horowitz (a16z)","YZi Labs (prev Binance Labs)","Electric Capital","More Details"
"Open Campus","EDU","https://icodrops.com/open-campus/","$0.1429","-0.43%","$3.37 M","$143 M","$92.09 M","0.05","2.88x","$10.65 M","Apr 28, 2023","YZi Labs (prev Binance Labs)","HongShan (ex-Sequoia China)","Animoca Brands","More Details"
"Alaska Gold Rush","CARAT","https://icodrops.com/alaska-gold-rush/","$0.0003142","-1.84%","$11.77 K","$294.21 K","$278.68 K","0.03","0.01x","$270 K","Apr 20, 2023","","","",""
"Iron Fish","IRON","https://icodrops.com/iron-fish/","$0.1237","-2.84%","$132.8 K","$8.5 M","$8.56 M","4.53","0.03x","$32.9 M","Apr 20, 2023","Andreessen Horowitz (a16z)","Balaji Srinivasan","Electric Capital","More Details"
"PlayZap","PLAYZAP","https://icodrops.com/playzap/","$0.005206","1.61%","$172.27 K","$742.03 K","$446.91 K","0.12","0.04x","$4.36 M","Apr 19, 2023","P2 Ventures","MEXC Global (Privcode Capital)","Primeblock Ventures","More Details"
"Delysium","AGI","https://icodrops.com/delysium/","$0.01392","0.22%","$422.22 K","$41.79 M","$22.37 M","0.033","0.42x","$14.02 M","Apr 11, 2023","Galaxy Interactive","GSR Ventures","Alameda Research","More Details"
"Reality Metaverse","RLTM","https://icodrops.com/reality-metaverse/","$0.002471","-17.17%","$67.2 K","$2.48 M","$617.49 K","0.04","0.06x","$6.72 M","Apr 11, 2023","Crypto.com","P2 Ventures","Blockchain Game Alliance","More Details"
"ChainGPT","CGPT","https://icodrops.com/chaingpt/","$0.03041","0.35%","$1.5 M","$30.4 M","$26.62 M","0.008","3.7x","$1.91 M","Apr 10, 2023","YAY Network","","",""
"WiFi Map","WIFI","https://icodrops.com/wifi-map/","$0.0007015","-26.86%","$12.92 K","$701.8 K","$486.75 K","0.025","0.03x","$1.65 M","Apr 7, 2023","DWF Labs","Trustswap","",""
"Thala Labs","","https://icodrops.com/thala-labs/","$0.03093","-0.34%","$155.39 K","$3.11 M","$1.92 M","—","0.07x","$6 M","Apr 6, 2023","ParaFi Capital","LedgerPrime","Shima Capital","More Details"
"Arken Finance","ARKEN","https://icodrops.com/arken-finance/","$0.0001234","2.60%","$43.11","$122.9 K","$111.93 K","0.004","0.03x","$2.01 M","Apr 6, 2023","","","",""
"Sector Finance","","https://icodrops.com/sector-finance/","$0.02512","2.92%","$1.97","$2.51 M","$235.22 K","0.26","0.1x","$2.62 M","Apr 4, 2023","","","",""
"Stella Fantasy","SFTY","https://icodrops.com/stella-fantasy/","$0.0002841","-0.93%","$12.29 K","$287.4 K","—","0.1","0.01x","$5.15 M","Apr 4, 2023","DeFiance Capital","Animoca Brands","Double Peak","More Details"
"OVO NFT Platform","OVO","https://icodrops.com/ovo-nft-platform/","$0.0004182","-0.84%","$12.17 K","$69.02 K","$69 K","0.16","0.01x","—","Mar 24, 2023","Gate.io","LD Capital","Avalanche Foundation","More Details"
"Arbitrum","ARB","https://icodrops.com/arbitrum/","$0.1966","-0.54%","$83.79 M","$1.97 B","$1.12 B","0.12","1.64x","$123.7 M","Mar 23, 2023","eGirl Capital","Lightspeed Venture Partners","Mark Cuban","More Details"
"Myria","MYRIA","https://icodrops.com/myria/","$0.00008981","-10.50%","$118.58 K","$4.5 M","$3.52 M","0.002","0.04x","$40 K","Mar 23, 2023","","","",""
"Space ID","ID","https://icodrops.com/space-id/","$0.06567","1.17%","$20.96 M","$132.31 M","$84.3 M","0.025","2.56x","$12.5 M","Mar 22, 2023","YZi Labs (prev Binance Labs)","Polychain Capital","dao5",""
"Mintlayer","ML","https://icodrops.com/mintlayer/","$0.009173","-1.06%","$139.96 K","$4.61 M","$588.89 K","0.25","0.04x","$5.7 M","Mar 21, 2023","Moonrock Capital","Kyros Ventures","Lotus capital","More Details"
"Wrapped Minima","WMINIMA","https://icodrops.com/wrapped-minima/","$0.006838","2.45%","$29.69","$854.38 K","$854.75 K","0.3","0.02x","$18.62 M","Mar 21, 2023","Big Brain Holdings","GSR Ventures","Blockchange Ventures","More Details"
"Honeyland","HXD","https://icodrops.com/honeyland/","$0.001607","7.00%","$34.83 K","$1.51 M","$643.56 K","0.035","0.05x","—","Mar 16, 2023","READY!","","",""
"PodFast","FAST","https://icodrops.com/podfast/","$0.001031","","$304.19","$31.5 K","—","0.0195","0.05x","$320 K","Mar 16, 2023","","","",""
"Onomy","","https://icodrops.com/onomy/","$0.008224","11.61%","$129.96 K","$1.4 M","$1.11 M","—","0.01x","$10 M","Mar 15, 2023","DWF Labs","CMS Holdings","Bitfinex","More Details"
"Staika","STIK","https://icodrops.com/staika/","$0.5459","-1.43%","$76.04 K","$136.47 M","—","0.25","2.18x","—","Mar 15, 2023","","","",""
"Rejuve.AI","RJV","https://icodrops.com/rejuve-ai/","$0.003645","10.18%","$277.86 K","$3.64 M","$1.95 M","0.015","0.25x","$3.75 M","Mar 13, 2023","Baselayer Capital","Cryptopia VC","SingularityNET",""
"Games For a Living","GFAL","https://icodrops.com/games-for-a-living/","$0.001618","0.84%","$60.24 K","$16.19 M","$5.99 M","0.004","0.4x","$8.87 M","Mar 13, 2023","Inveready","Supercell","",""
"CryptoGPT","GPT","https://icodrops.com/cryptogpt/","$0.0001377","2.27%","$54.94 K","$838.75 K","$315.97 K","0.083","0.01x","$16.15 M","Mar 10, 2023","DWF Labs","","",""
"Equilibrium","EQ","https://icodrops.com/equilibrium/","$0.00000771","-1.38%","$12.6 K","$92.28 K","—","0.0083","0.01x","$8.61 M","Mar 10, 2023","CMS Holdings","FBG Capital","Hypersphere Ventures","More Details"
"unshETH","UNSHETH","https://icodrops.com/unsheth/","$0.0003636","0.78%","$1.06","$52.18 K","$17.41 K","—","0.01x","$3.3 M","Mar 7, 2023","The Lao","300DAO","Backend Capital","More Details"
"INX","INX","https://icodrops.com/inx/","$0.17","","$1.91 K","$34 M","—","—","0.53x","$5.25 M","Mar 7, 2023","Republic","","",""
"Minima","MINIMA","https://icodrops.com/minima/","$0.008693","-1.14%","$35.14 K","$8.65 M","$5.1 M","0.21","0.04x","$13.54 M","Mar 7, 2023","Big Brain Holdings","GSR Ventures","Blockchange Ventures","More Details"
"PIP","PIP","https://icodrops.com/pip/","$0.0003646","-6.25%","$15.78 K","$364.59 K","$196.61 K","—","0.01x","—","Mar 6, 2023","CMS Holdings","Coinbase Ventures","Galaxy","More Details"
"BinaryX","BNX","https://icodrops.com/binaryx/","$0.3409","-0.63%","$2.42 M","$194.87 M","$130.18 M","—","0.33x","—","Feb 28, 2023","DWF Labs","","",""
"FactorDAO","FCTR","https://icodrops.com/factordao/","$0.0344","1.33%","$4.63 K","$3.46 M","$516 K","0.76","0.05x","$7.79 M","Feb 26, 2023","","","",""
"Arbitrove Protocol","TROVE","https://icodrops.com/arbitrove-protocol/","$0.002327","-0.19%","$2.58","$2.33 M","$698.1 K","0.0657","0.04x","$13.15 M","Feb 23, 2023","","","",""
"sudoswap","SUDO","https://icodrops.com/sudoswap/","$0.05691","8.59%","$30.58 K","$3.3 M","$1.45 M","—","0.02x","—","Feb 19, 2023","","","",""
"Carbon","CSIX","https://icodrops.com/carbon/","$0.0009557","1.21%","$1.26 M","$898.63 K","$379.02 K","0.01","0.1x","$1.9 M","Feb 17, 2023","Poolz","Trustswap","",""
"IguVerse","IGU","https://icodrops.com/iguverse/","$0.0006803","-0.99%","$12.25 K","$271.56 K","$198.32 K","0.25","0.01x","$2.71 M","Feb 16, 2023","","","",""
"Access Protocol","ACS","https://icodrops.com/access-protocol/","$0.0003035","1.15%","$1.25 M","$27.26 M","$13.62 M","—","0.04x","$1.2 M","Feb 15, 2023","CMS Holdings","Double Peak","Sora Ventures","More Details"
"Blur","BLUR","https://icodrops.com/blur/","$0.03005","-0.61%","$7.13 M","$90.42 M","$80.1 M","—","0.01x","$31 M","Feb 14, 2023","eGirl Capital","Paradigm","Manifold Trading","More Details"
"Cheelee","","https://icodrops.com/cheelee/","$0.5389","1.11%","$1.38 M","$538.5 M","$30.62 M","1.3","0.42x","$23.05 M","Feb 10, 2023","Infinity Technology Fund","VC SILA","Veligera Capital",""
"Pine","PINE","https://icodrops.com/pine/","$0.0018","","$11.85 K","$360 K","$357.92 K","0.2","0.01x","$4.82 M","Feb 9, 2023","Amber Group","Ryze Labs (Sino Global Capital)","The Spartan Group","More Details"
"Thena","THE","https://icodrops.com/thena/","$0.2008","-1.11%","$4.5 M","$56.47 M","$24.25 M","—","0.6x","$600 K","Jan 30, 2023","YZi Labs (prev Binance Labs)","Orbs","",""
"Dash 2 Trade","D2T","https://icodrops.com/dash-2-trade/","$0.0001109","-1.72%","$7.86 K","$110.9 K","$52.51 K","0.055","0.01x","$15.54 M","Jan 21, 2023","","","",""
"Tomi","TOMI","https://icodrops.com/tomi/","$0.00000002","-7.16%","$39.62 K","$7.09 M","$7.06 M","—","0.01x","—","Jan 16, 2023","","","",""
"tomiNet","TOMI","https://icodrops.com/tominet/","$0.00000002","-7.16%","$39.62 K","$7.09 M","$7.06 M","0.2","0.01x","$40.1 M","Jan 16, 2023","DWF Labs","Hirokado Kohji","Piha Equities","More Details"
"Astra Protocol","ASTRA","https://icodrops.com/astra-protocol/","$0.0006487","0.03%","$12.07 K","$300 M","—","0.3","0.01x","$128.57 M","Jan 16, 2023","Fundamental Labs","HTX Ventures (previously Huobi Ventures)","DAO Maker","More Details"
"Alongside","AMKT","https://icodrops.com/alongside/","$247.44","5.51%","$1.08 K","$1.08 M","$601.62 K","—","3.66x","$11 M","Jan 13, 2023","Andreessen Horowitz (a16z)","Coinbase Ventures","Franklin Templeton","More Details"
"Flare","FLR","https://icodrops.com/flare/","$0.01131","-0.46%","$3.52 M","$1.18 B","$911.24 M","—","0.45x","$46.3 M","Jan 10, 2023","CoinFund","Digital Currency Group (DCG)","Do Kwon","More Details"
"Echelon Prime","PRIME","https://icodrops.com/echelon-prime/","$0.7706","-3.55%","$1.4 M","$85.09 M","$42.37 M","—","0.15x","—","Jan 3, 2023","","","",""
"Astroport","","https://icodrops.com/astroport/","$0.002028","8.70%","$7.86 K","$2.23 M","$859.18 K","0.06","0.03x","$1.34 M","Dec 26, 2022","Terraform Labs (Luna)","","",""
"Terra2","LUNA","https://icodrops.com/terra2/","$0.0986","-3.78%","$11.72 M","$117.22 M","$70 M","—","0.01x","—","Dec 21, 2022","","","",""
"Sense4Fit","SFIT","https://icodrops.com/sense4fit/","$0.00005013","-1.96%","$0.13","$30.67 K","$18.78 K","0.029","0.01x","$680 K","Dec 20, 2022","","","",""
"Medieval Empires","MEE","https://icodrops.com/medieval-empires/","$0.002147","-20.34%","$248.32 K","$7.38 M","—","0.01","0.27x","$7.64 M","Dec 20, 2022","DWF Labs","Banana Capital","",""
"Superpower Squad","SQUAD","https://icodrops.com/superpower-squad/","$0.00003437","0.53%","$9.58","$33.25 K","$22.22 K","0.035","0.01x","$4.38 M","Dec 15, 2022","Everest Ventures","Ankr","KuCoin",""
"Spot","SPOT","https://icodrops.com/spot/","$1.094","0.27%","$4.32","$487.07 K","—","—","0.9x","$1 M","Dec 13, 2022","Coinbase Ventures","","",""
"DIMO","DIMO","https://icodrops.com/dimo/","$0.01262","-2.25%","$91.9 K","$12.85 M","$5.22 M","—","0.43x","$20.5 M","Dec 12, 2022","CoinFund","Slow Ventures","Borderless Capital","More Details"
"Oasys","OAS","https://icodrops.com/oasys/","$0.001891","0.76%","$309.88 K","$18.9 M","$11.84 M","0.035","0.05x","$21.03 M","Dec 12, 2022","Jump Crypto","Amber Group","Crypto.com","More Details"
"Primal","PRIMAL","https://icodrops.com/primal/","$0.00001262","-2.24%","$12.31 K","$64.15 K","$36.39 K","0.0016","0.01x","$2.32 M","Dec 8, 2022","DAO Maker","","",""
"Camelot Token","GRAIL","https://icodrops.com/camelot-token/","$110.82","-0.51%","$60.51 K","$8.14 M","$2.64 M","253","0.43x","$6.27 M","Dec 6, 2022","Arbitrum Foundation","","",""
"Hooked","HOOK","https://icodrops.com/hooked/","$0.0392","-0.75%","$1.35 M","$19.57 M","$10.67 M","0.1","0.39x","$8.5 M","Dec 1, 2022","YZi Labs (prev Binance Labs)","Sequoia Capital","",""
"Atlas Navi","NAVI","https://icodrops.com/atlas-navi/","$0.01571","5.80%","$247.9 K","$4.73 M","$2.54 M","0.0825","0.19x","$3.1 M","Nov 29, 2022","","","",""
"Across","ACX","https://icodrops.com/across/","$0.05094","-2.61%","$778.67 K","$50.92 M","$33.62 M","0.2","0.26x","$10 M","Nov 28, 2022","Blockchain Capital","Hack VC","Placeholder",""
"Across Protocol","ACX","https://icodrops.com/across-protocol/","$0.05094","-2.61%","$778.67 K","$50.92 M","$33.62 M","—","0.63x","$51 M","Nov 28, 2022","Blockchain Capital","Multicoin Capital","Paradigm","More Details"
"Humanode","HMND","https://icodrops.com/humanode/","$0.006247","0.06%","$203.17 K","$2.63 M","$1.09 M","0.13","0.04x","$13.71 M","Nov 15, 2022","Tribe Capital","Wintermute","AU21 Capital","More Details"
"BitMEX","BMEX","https://icodrops.com/bitmex/","$0.101","-0.49%","$12.42 K","$45.45 M","$10.07 M","—","0.16x","—","Nov 11, 2022","","","",""
"ResearchHub","RSC","https://icodrops.com/researchhub/","$0.1305","-0.36%","$607.06 K","$130.6 M","$16.91 M","—","25.88x","$7 M","Nov 8, 2022","Boost VC","Sora Ventures","Amjad Masad","More Details"
"Hashflow","HFT","https://icodrops.com/hashflow/","$0.02876","-1.94%","$1.67 M","$28.69 M","$19.11 M","0.4","0.07x","$30.95 M","Nov 7, 2022","Balaji Srinivasan","Electric Capital","IDEO CoLab Ventures","More Details"
"MagpieXYZ","MGP","https://icodrops.com/magpiexyz/","$0.01155","1.54%","$1.43 K","$11.53 M","$6.56 M","0.025","0.46x","$2.75 M","Oct 27, 2022","","","",""
"Vemate","VMT","https://icodrops.com/vemate/","$0.002748","","$11.91 K","$414.75 K","—","0.022","0.12x","$790 K","Oct 25, 2022","","","",""
"AshSwap","ASH","https://icodrops.com/ashswap/","$0.000574","-1.98%","$821.24","$570.1 K","$238.15 K","0.04","0.01x","$5.3 M","Oct 22, 2022","Morningstar Ventures","Spark Digital Capital","D1fferent Capital","More Details"
"Conic Finance","CNC","https://icodrops.com/conic-finance/","$0.001515","","$0.26","$12.4 K","$11.93 K","—","0.01x","$1 M","Oct 20, 2022","Michael Egorov","","",""
"Aptos","APT","https://icodrops.com/aptos/","$1.75","","$187.92 M","$1.92 B","$1.31 B","—","0.13x","$350 M","Oct 12, 2022","Andreessen Horowitz (a16z)","YZi Labs (prev Binance Labs)","Jump Crypto","More Details"
"Kapital DAO","KAP","https://icodrops.com/kapital-dao/","$0.0003387","6.24%","$2.17","$329.4 K","$43.06 K","0.2","0.01x","$7.08 M","Oct 8, 2022","Samsung NEXT","Wintermute","Yield Guild Games (YGG)","More Details"
"Infinity Angel","ING","https://icodrops.com/infinity-angel/","$0.00000355","-13.07%","$22.29 K","$17.7 K","—","0.02","0.01x","$125 K","Oct 6, 2022","Moon Knight Labs","SP Labs","",""
"ISKRA","ISK","https://icodrops.com/iskra/","$0.001169","-0.09%","$12.14 K","$1.07 M","$630.5 K","0.3","0.01x","$40.15 M","Oct 5, 2022","Animoca Brands","ROK Capital","Kakao","More Details"
"SpaceN","SN","https://icodrops.com/spacen/","$0.46","-5.81%","$12.1 K","$461 M","$18.4 M","0.05","9.4x","$80 K","Oct 2, 2022","","","",""
"Acquire.Fi","ACQ","https://icodrops.com/acquirefi/","$0.00167","-1.22%","$30.98 K","$501 K","$268.15 K","0.1","0.02x","$3.94 M","Sep 28, 2022","","","",""
"Corite","CO","https://icodrops.com/corite/","$0.0001342","0.26%","$3.23","$134.1 K","$16.4 K","0.035","0.01x","$9.87 M","Sep 28, 2022","Arche Fund","Gate.io","Kyros Ventures","More Details"
"Axelar","AXL","https://icodrops.com/axelar/","$0.07351","0.87%","$5.4 M","$89.27 M","$80.45 M","1","0.07x","$144.69 M","Sep 27, 2022","YZi Labs (prev Binance Labs)","Electric Capital","Polychain Capital","More Details"
"Drac Network","TEDDY","https://icodrops.com/drac-network/","$0.00534","1.27%","$13.19 K","$383.7 K","—","0.0002","26.64x","—","Sep 23, 2022","","","",""
"Metaplex","MPLX","https://icodrops.com/metaplex/","$0.0575","3.03%","$2.64 M","$57.57 M","$31.75 M","—","0.07x","$46 M","Sep 20, 2022","Jump Crypto","Multicoin Capital","Solana Ventures","More Details"
"ChainPort","CPT","https://icodrops.com/chainport/","$0.0004968","2.11%","$12.7 K","$336.98 K","$85.02 K","0.12","0.01x","$13.9 M","Sep 20, 2022","Fundamental Labs","Tribe Capital","DAO Maker","More Details"
"Diamond Launch","DLC","https://icodrops.com/diamond-launch/","$0.06233","32.07%","$120.67 K","$62.53 M","$55.47 M","0.035","1.81x","—","Sep 16, 2022","","","",""
"Stride","STRD","https://icodrops.com/stride/","$0.0322","2.38%","$20.92 K","$1.3 M","$1.3 M","—","0.02x","$10.7 M","Sep 14, 2022","1confirmation","Pantera Capital","Node Capital","More Details"
"Bnext","B3X","https://icodrops.com/bnext/","$0.0001724","1.30%","$12.88 K","$589.05 K","—","0.02","0.01x","$57.94 M","Sep 13, 2022","Borderless Capital","Cometa","Digital Horizons","More Details"
"Sweatcoin","SWEAT","https://icodrops.com/sweatcoin/","$0.001408","0.00%","$262.02 K","$28.18 M","$10.13 M","0.0071","0.2x","$18.69 M","Sep 13, 2022","Electric Capital","Jump Capital","OKX Ventures","More Details"
"Chirpley","CHIRP","https://icodrops.com/chirpley/","$0.000416","2.59%","$54.07 K","$411.63 K","$171.82 K","0.021","0.02x","$2.91 M","Sep 11, 2022","LVT Capital","Chainpor","Fantomstarter","More Details"
"Skeb Coin","SKEB","https://icodrops.com/skeb-coin/","$0.0002437","-0.21%","$11.69 K","$2.43 M","$2.37 M","0.0032","0.08x","$7.73 M","Sep 8, 2022","","","",""
"Super Walk","GRND","https://icodrops.com/super-walk/","$0.03668","0.94%","$427.07 K","$36.69 M","$26.34 M","0.06","0.61x","—","Sep 7, 2022","","","",""
"SuperWalk","GRND","https://icodrops.com/superwalk/","$0.03668","0.94%","$427.07 K","$36.69 M","$26.34 M","0.06","0.61x","$100 K","Sep 7, 2022","GBV Capital","HG Ventures","Krust","More Details"
"Wombat Exchange","WOM","https://icodrops.com/wombat-exchange/","$0.001456","2.73%","$29.99","$1.46 M","$324.08 K","0.075","0.02x","$9.45 M","Aug 29, 2022","YZi Labs (prev Binance Labs)","Jump Capital","Animoca Brands","More Details"
"Dogechain","DC","https://icodrops.com/dogechain/","$0.00000665","0.80%","$67.28 K","$1.14 M","$528.14 K","0.0017","0.01x","$51 K","Aug 26, 2022","","","",""
"Nodle Cash","NODL","https://icodrops.com/nodle/","$0.0001694","3.40%","$12.87 K","$303.02 K","$205.23 K","0.094","0.01x","$62.12 M","Aug 26, 2022","Blockchain.com Ventures","Blockchange Ventures","Blockhead Capital","More Details"
"WhiteBIT Token","WBT","https://icodrops.com/whitebit-token/","$56.82","1.20%","$14.4 M","$18.22 B","$12.17 B","1.9","29.64x","$88.48 M","Aug 25, 2022","","","",""
"CANTO","CANTO","https://icodrops.com/canto/","$0.001784","-3.83%","$75.75","$1.78 M","$1.09 M","—","0.01x","—","Aug 23, 2022","","","",""
"Monsterra","MSTR","https://icodrops.com/monsterra/","$0.0007793","0.15%","$12.44","$77.25 K","$9.78 K","0.2","0.01x","$2.38 M","Aug 19, 2022","Hashed","HTX Ventures (previously Huobi Ventures)","Kyros Ventures","More Details"
"Cryptostone","CPS","https://icodrops.com/cryptostone/","$0.0000012","1.56%","$445.29","$34.8 K","$11.37 K","0.0004","0.01x","$2.29 M","Aug 17, 2022","","","",""
"Basilisk","BSX","https://icodrops.com/basilisk/","$0.0000201","-2.43%","$26.83 K","$984.9 K","$473.82 K","—","0.07x","—","Aug 12, 2022","","","",""
"Cantina Royale","CRT","https://icodrops.com/cantina-royale/","$0.0001271","0.24%","$0.19","$16.76 K","—","0.04","0.01x","$6 M","Aug 7, 2022","Crypto.com","Mechanism Capital","Merit Circle","More Details"
"Aura Network","AURA","https://icodrops.com/aura-network/","$0.003629","-3.96%","$29.32 K","$2.03 M","$1.5 M","0.065","0.06x","$10.44 M","Aug 2, 2022","Hashed","Arche Fund","Gate.io","More Details"
"Radiant Capital","","https://icodrops.com/radiant-capital/","$0.009703","2.57%","$9.61 M","$14.6 M","$13.03 M","—","0.08x","$12.29 M","Jul 25, 2022","YZi Labs (prev Binance Labs)","Arbitrum Foundation","",""
"Amazy","AZY","https://icodrops.com/amazy/","$0.0001421","-0.15%","$9.92","$142.3 K","—","0.025","0.01x","$3.5 M","Jul 22, 2022","DAO Maker","Seedify Fund","",""
"Xana","XETA","https://icodrops.com/xana/","$0.00008443","-0.93%","$5.63 K","$10.55 K","$415.88 K","0.01","0.01x","$2.6 M","Jul 20, 2022","DAO Maker","Model press","RedBlock",""
"ArtMeta","MART","https://icodrops.com/artmeta/","$0.002172","0.25%","$11.87 K","$217.2 K","—","0.3","0.01x","$3.85 M","Jul 14, 2022","P2 Ventures","Polkastarter","Trustswap",""
"WingRiders","WRT","https://icodrops.com/wingriders/","$0.008914","9.89%","$11.95 K","$892.8 K","—","0.45","0.02x","$8.1 M","Jul 14, 2022","The Spartan Group","Double Peak","LongHash Ventures","More Details"
"LeverFi","LEVER","https://icodrops.com/leverfi/","$0.00001832","-0.04%","$113.45 K","$1.03 M","$1.02 M","0.00022","0.08x","$8.16 M","Jul 13, 2022","DWF Labs","Arrington Capital","Mechanism Capital","More Details"
"OpenLeverage","OLE","https://icodrops.com/openleverage/","$0.001702","-0.44%","$13.17 K","$1.7 M","—","0.05","0.03x","$1.83 M","Jul 7, 2022","YZi Labs (prev Binance Labs)","Continue Capital","FBG Capital","More Details"
"Unique Network","UNQ","https://icodrops.com/unique-network/","$0.001252","-0.16%","$33.88","$1.27 M","$355.56 K","0.25","0.01x","$53.25 M","Jul 7, 2022","Pluto Digital Assets","The Lao","Animoca Brands","More Details"
"Agoric","","https://icodrops.com/agoric/","$0.006012","1.37%","$28.82 K","$6.18 M","$4.15 M","0.65","0.01x","$90.25 M","Jul 2, 2022","Polychain Capital","gumi Cryptos Capital","Lemniscap","More Details"
"Interlay","","https://icodrops.com/interlay/","$0.0005657","-3.72%","$11.27 K","$571.6 K","$37.91 K","—","0.01x","—","Jun 30, 2022","","","",""
"Petals","PTS","https://icodrops.com/petals/","$0.00000148","-2.25%","$12.54 K","$150 K","$20.9 K","0.001","0.01x","$100 K","Jun 29, 2022","Kryptos Venture","Ultrafluid Venture","",""
"Fellaz","FLZ","https://icodrops.com/fellaz/","$0.2472","0.12%","$3.86 M","$494.4 M","—","0.1","2.47x","$166.65 K","Jun 27, 2022","PARSIQ","Cultur3 Capital","handstudio","More Details"
"Moonwell","WELL","https://icodrops.com/moonwell/","$0.007409","0.78%","$2.32 M","$36.71 M","$33.56 M","0.026","0.28x","$23 M","Jun 23, 2022","Arrington Capital","FMFW","Coinbase Ventures","More Details"
"Walken","WLKN","https://icodrops.com/walken/","$0.000222","1.49%","$943.32","$444 K","$341.01 K","0.0165","0.01x","$5.23 M","Jun 21, 2022","HTX Ventures (previously Huobi Ventures)","Morningstar Ventures","SNACKCLUB","More Details"
"JPY Coin","JPYC","https://icodrops.com/jpy-coin/","$0.007187","3.23%","$376.27","$718.3 K","—","—","0.99x","$4.4 M","Jun 20, 2022","Circle Ventures","Headline","i-nest capital",""
"Origyn Foundation","OGY","https://icodrops.com/origyn-foundation/","$0.0011","-1.25%","$121.79 K","$180 M","—","0.018","0.06x","$20 M","Jun 16, 2022","Polychain Capital","Bill Ackman","GD10 Ventures","More Details"
"Aura Finance","AURA","https://icodrops.com/aura-finance/","$0.07257","-0.89%","$13.09 K","$6.09 M","$5.16 M","—","0.12x","—","Jun 15, 2022","","","",""
"Hop Protocol","HOP","https://icodrops.com/hop-protocol/","$0.0009902","0.52%","$117.34","$989.6 K","$74.49 K","0.016","0.06x","$1 M","Jun 10, 2022","1confirmation","6MV (6th Man Ventures)","Coinbase Ventures","More Details"
"Choise.com","CHO","https://icodrops.com/choise-com/","$0.002315","0.35%","$166.5 K","$2.31 M","$1.08 M","0.15","0.02x","$1.43 M","Jun 8, 2022","Avalanche Foundation","Bitbns","Darkpool Ventures","More Details"
"WeBuy","WE","https://icodrops.com/webuy/","$0.02416","2.07%","$31.86 K","$60.42 M","—","0.5","0.05x","$8.69 M","Jun 3, 2022","AVentures DAO","Redhat capital","Staker Dao",""
"Optimism","OP","https://icodrops.com/optimism/","$0.2814","1.36%","$53.99 M","$1.21 B","$547.07 M","—","0.15x","$268.5 M","May 31, 2022","Andreessen Horowitz (a16z)","IDEO CoLab Ventures","Paradigm",""
"XREATORS","ORT","https://icodrops.com/xreators/","$0.0004858","10.86%","$12.79 K","$4.62 K","—","1","0.01x","$100 K","May 26, 2022","FBG Capital","Cobak","Hexlant","More Details"
"Konnect","KCT","https://icodrops.com/konnect/","$0.0008687","0.06%","$152.99 K","$8.68 M","$6.41 M","0.01","0.09x","$200 K","May 26, 2022","","","",""
"BH Network","BHAT","https://icodrops.com/bh-network/","$0.0002581","-3.41%","$6.38","$24 K","$23.99 K","0.072","0.01x","$4 M","May 20, 2022","ZBS Capital","elrond","Parachain Ventures","More Details"
"MBD Financials","MBD","https://icodrops.com/mbd-financials/","$0.00000569","","$89.78 K","$227.2 K","$147.6 K","—","0.01x","$10 M","May 18, 2022","LDA Capital","","",""
"Wonderman Nation","WNDR","https://icodrops.com/wonderman-nation/","$0.0237","0.92%","$11.88 K","$11.89 M","$336.91 K","0.099","0.24x","$6.93 M","May 9, 2022","Jump Capital","Shima Capital","SkyVision Capital","More Details"
"Colizeum","ZEUM","https://icodrops.com/colizeum/","$0.0003812","4.15%","$12.01 K","$384 K","—","0.075","0.01x","$9.05 M","May 7, 2022","Pluto Digital Assets","AU21 Capital","Axia8 Ventures","More Details"
"Creo Engine","CREO","https://icodrops.com/creo-engine/","$0.001849","0.09%","$771.31 K","$1.46 M","$1.11 M","0.025","0.07x","$2.86 M","May 5, 2022","Moonwhale Ventures","Cointelligence","DaoStarter","More Details"
"rLoop","RLP","https://icodrops.com/rloop/","$0.0002145","","$1.87","$12.38 K","—","0.47","0.01x","—","May 5, 2022","","","",""
"Snail Trail","SLIME","https://icodrops.com/snail-trail/","$0.0002195","2.50%","$0.1","$65.85 K","—","0.066","0.01x","$3.96 M","May 5, 2022","Republic Capital","AVentures DAO","Colony Lab","More Details"
"Project Galaxy","GAL","https://icodrops.com/project-galaxy/","$0.2942","13.76%","$98.59","$57.02 M","$37.58 M","1.5","0.19x","$25.4 M","May 5, 2022","YZi Labs (prev Binance Labs)","Blockchain Capital","Multicoin Capital","More Details"
"Aurigami","PLY","https://icodrops.com/aurigami/","$0.00001658","-1.78%","$12.82","$165.8 K","$68.42 K","0.005","0.01x","$12.05 M","May 5, 2022","Jump Crypto","Polychain Capital","Amber Group","More Details"
"Undead Blocks","UNDEAD","https://icodrops.com/undead-blocks/","$0.001693","-0.62%","$63.71 K","$847 K","$25.4 K","0.5","0.01x","$1.8 M","May 4, 2022","Animoca Brands","Double Peak","Genblock Capital",""
"Legion Network","LGX","https://icodrops.com/legion-network/","$0.00004984","-3.91%","$24.92","$42.17 K","—","0.075","0.01x","$6.79 M","Apr 28, 2022","MV Global","Shima Capital","LVT Capital","More Details"
"Evmos","EVMOS","https://icodrops.com/evmos/","$0.0009825","-8.45%","$1.08 K","$769.45 K","$548.44 K","—","0.01x","$27 M","Apr 28, 2022","Polychain Capital","Coinbase Ventures","HashKey Capital","More Details"
"Primate","PRIMATE","https://icodrops.com/primate/","$0.00176","2.27%","$2.25","$3.63 M","$1.82 M","—","0.03x","—","Apr 27, 2022","","","",""
"ApeX","APEX","https://icodrops.com/apex2/","$0.5453","6.63%","$9.89 M","$272.55 M","$68.8 M","0.05","10.81x","$500 K","Apr 27, 2022","Jump Trading","Dragonfly Capital","Kronos Research","More Details"
"BreederDAO","BREED","https://icodrops.com/breederdao/","$0.00434","1.33%","$12.84 K","$3.89 M","$3.61 M","1.5","0.01x","$12.75 M","Apr 26, 2022","Andreessen Horowitz (a16z)","Delphi Digital (Delphi Labs)","Hashed","More Details"
"Elumia","ELU","https://icodrops.com/elumia/","$0.00007663","-31.21%","$442.08","$76.54 K","$40.7 K","0.05","0.01x","$7.75 M","Apr 26, 2022","Crypto.com","Spark Digital Capital","The Spartan Group","More Details"
"Step.app","FITFI","https://icodrops.com/step-app/","$0.0005351","-4.48%","$1.91 M","$2.46 M","$2.37 M","0.0049","0.11x","$3.43 M","Apr 26, 2022","","","",""
"Hawksight","HAWK","https://icodrops.com/hawksight/","$0.0000197","-1.12%","$2.09","$98.35 K","$20.33 K","0.012","0.01x","$4.56 M","Apr 22, 2022","One Block Capital","Solana Ventures","Big Brain Holdings","More Details"
"MetaShooter","MHUNT","https://icodrops.com/metashooter/","$0.00003175","2.42%","$1.15","$3.01 K","—","0.17","0.01x","$8.04 M","Apr 21, 2022","MV Global","Good Games Guild","GOTBIT","More Details"
"Rayn","AKTIO","https://icodrops.com/rayn/","$0.163","-3.49%","$18.99 K","$9.29 M","—","1.16","0.14x","—","Apr 14, 2022","","","",""
"Nym","NYM","https://icodrops.com/nym/","$0.03985","-0.47%","$1.3 M","$39.81 M","$32.81 M","0.25","0.16x","$64.17 M","Apr 14, 2022","1kx","Andreessen Horowitz (a16z)","YZi Labs (prev Binance Labs)","More Details"
"Liqwid Finance","LQ","https://icodrops.com/liqwid-finance/","$0.6165","-2.84%","$5.51 K","$13.09 M","$12.5 M","—","0.01x","$2.7 M","Apr 11, 2022","Altonomy","Animoca Brands","Double Peak","More Details"
"Giddy","","https://icodrops.com/giddy/","$0.00000465","7.78%","$220.51","$4.65 K","$4.65 K","—","0.01x","$6.9 M","Apr 10, 2022","Clarke Capital","Peak","Pelion Venture Partners",""
"Drunk Robots","METAL","https://icodrops.com/drunk-robots/","$0.0001377","25.87%","$8.56 K","$378.95 K","$107.48 K","0.01","0.01x","$15.72 M","Apr 9, 2022","Moonrock Capital","Animoca Brands","Gate.io","More Details"
"EdgeSwap","EGS","https://icodrops.com/edgeswap/","$0.0002915","-0.37%","$20.3 K","$29.79 K","—","0.015","0.02x","$220 K","Apr 9, 2022","","","",""
"UpOnly","UPO","https://icodrops.com/uponly/","$0.001998","-2.08%","$104.38 K","$322.72 K","$319.68 K","0.16","0.01x","$7.56 M","Apr 9, 2022","x21 Digital","ZBS Capital","OIG Oracles Investment Group","More Details"
"Geojam","JAM","https://icodrops.com/geojam/","$0.00000716","-5.67%","$4.84","$57.28 K","$54.23 K","0.005","0.01x","$5.62 M","Apr 9, 2022","Angel Invest","Galaxy Ventures","",""
"Lost World","LOST","https://icodrops.com/lost-world/","$0.0001899","5.03%","$0.03","$9.37 K","$2.67 K","0.55","0.01x","$2.41 M","Apr 8, 2022","Ava Labs","Avalanche Foundation","AVentures DAO","More Details"
"Altered State Token","ASTO","https://icodrops.com/alt-estate/","$0.003366","0.06%","$1.3 K","$6.22 M","$974.4 K","—","0.01x","$11 M","Apr 8, 2022","Delphi Digital (Delphi Labs)","Coinbase Ventures","Vendetta Capital","More Details"
"SundaeSwap","SUNDAE","https://icodrops.com/sundaeswap/","$0.001882","6.64%","$3.49 K","$3.77 M","—","0.005","0.38x","$1.3 M","Apr 7, 2022","Double Peak","Alameda Research","cFund",""
"Nomad Exiles","PRIDE","https://icodrops.com/nomad-exiles/","$0.0003231","0.46%","$1","$32.31 K","—","0.1","0.01x","$4.06 M","Apr 3, 2022","MV Global","Shima Capital","316VC","More Details"
"Animal Concerts","ANML","https://icodrops.com/animal-concerts/","$0.00000952","1.79%","$11.76 K","$118.75 K","—","0.0045","0.01x","$11.34 M","Mar 31, 2022","","","",""
"Blockchain Brawlers","BRWL","https://icodrops.com/blockchain-brawlers/","$0.0004286","-1.56%","$12.73 K","$429 K","$428.6 K","—","0.01x","—","Mar 30, 2022","","","",""
"Voltage Finance","VOLT","https://icodrops.com/voltage-finance/","$0.00005658","0.14%","$146.33 K","$487.73 K","$227.99 K","0.004","0.01x","$5.12 M","Mar 30, 2022","Node Capital","Spark Digital Capital","TRGC","More Details"
"Gamium","GMM","https://icodrops.com/gamium/","$0.00002949","-1.56%","$12.34 K","$1.47 M","$1.44 M","0.0003","0.1x","$3.61 M","Mar 30, 2022","DAO Maker","Magnus Capital","MV Global","More Details"
"Karmaverse","KNOT","https://icodrops.com/karmaverse/","$0.0008509","-0.76%","$23.86 K","$159.22 K","—","0.5","0.01x","$9.18 M","Mar 29, 2022","Fundamental Labs","Altonomy","GSR Ventures","More Details"
"CoW Protocol (CowSwap)","COW","https://icodrops.com/cowswap/","$0.2215","2.64%","$5.85 M","$221.4 M","$121.64 M","0.23","0.98x","$23 M","Mar 28, 2022","1kx","Blockchain Capital","Cobie","More Details"
"Itheum","ITHEUM","https://icodrops.com/itheum/","$0.0004694","-1.51%","$547.44","$469.4 K","$228.34 K","0.04","0.01x","$7.5 M","Mar 28, 2022","Ascensive Assets","Mechanism Capital","Morningstar Ventures","More Details"
"Lumerin","LMR","https://icodrops.com/lumerin/","$0.0008132","2.56%","$74.2","$813.6 K","$514.38 K","0.45","0.01x","$20.45 M","Mar 28, 2022","Coinbase Ventures","Fenbushi Capital","Cadenza Ventures","More Details"
"H2O Dao","H2O","https://icodrops.com/h2o-dao/","$0.001787","6.83%","$192.12 K","$1.79 M","—","0.01","0.18x","$25 K","Mar 25, 2022","","","",""
"Wizardia","WZRD","https://icodrops.com/wizardia/","$0.0002693","-0.30%","$14.54 K","$80.55 K","$37.74 K","0.12","0.01x","$5.94 M","Mar 24, 2022","Vendetta Capital","AU21 Capital","Magnus Capital","More Details"
"ritestream","RITE","https://icodrops.com/ritestream/","$0.0009139","1.15%","$73.14 K","$913.8 K","$781.46 K","0.04","0.02x","$3.5 M","Mar 24, 2022","Artesian VC","SOSV","Blockchain Founders Fund","More Details"
"Metawear","WEAR","https://icodrops.com/metawear/","$0.00004185","0.14%","$11.92 K","$206.1 K","—","0.005","0.01x","$2.73 M","Mar 22, 2022","Gate.io","MV Global","BullPerks","More Details"
"Dogami","DOGA","https://icodrops.com/dogami/","$0.0002514","-1.53%","$16.5 K","$222.4 K","$194.83 K","0.075","0.01x","$24.85 M","Mar 22, 2022","Ubisoft","Animoca Brands","Ghaf Capital Partners","More Details"
"ADADao","ADAO","https://icodrops.com/adadao/","$0.0006237","138.98%","$49","$312.05 K","—","0.038","0.02x","$3.72 M","Mar 22, 2022","Satoshi Fund","Blockstack","CryptoVietnam","More Details"
"Token Traxx Music Ltd","TRAXX","https://icodrops.com/token-traxx-music-ltd/","$0.0001705","-1.41%","$2.58 K","$61.46 K","$7.65 K","0.1","0.01x","$9.92 M","Mar 21, 2022","P2 Ventures","Zilliqa","",""
"XPLA","XPLA","https://icodrops.com/xpla/","$0.01793","-6.31%","$665.53 K","$36.14 M","$15.84 M","—","0.03x","—","Mar 21, 2022","Hashed","Big Brain Holdings","Infinity Ventures Crypto (IVC)","More Details"
"Space Misfits","CROWN","https://icodrops.com/space-misfits/","$0.0004511","0.33%","$1.42","$90.22 K","—","0.16","0.01x","$3.56 M","Mar 19, 2022","OKX Ventures","Magnus Capital","MV Global","More Details"
"Stargate finance","STG","https://icodrops.com/stargate-finance/","$0.1104","1.76%","$3.4 M","$109.6 M","$43.95 M","0.25","0.44x","$30 M","Mar 18, 2022","Alameda Research","LayerZero Network","",""
"APEcoin","APE","https://icodrops.com/apecoin/","$0.2108","-0.23%","$10.77 M","$211.2 M","$158.66 M","—","0.02x","$450 M","Mar 17, 2022","Andreessen Horowitz (a16z)","Animoca Brands","FTX Ventures","More Details"
"HydraDX","HDX","https://icodrops.com/hydradx/","$0.00429","-0.30%","$27.52 K","$18.96 M","$11.32 M","0.0115","0.37x","$23.1 M","Mar 16, 2022","CMS Holdings","Hypersphere Ventures","AU21 Capital","More Details"
"MarsDAO","MDAO","https://icodrops.com/marsdao/","$0.007914","2.51%","$41.18 K","$759.79 K","$558.72 K","1.1","0.01x","$10.5 M","Mar 16, 2022","","","",""
"Zebec Protocol","ZBCN","https://icodrops.com/zebec-protocol/","$0.002534","-0.31%","$3.13 M","$251.79 M","$245.57 M","0.021","0.12x","$30.6 M","Mar 16, 2022","Lightspeed Venture Partners","Coinbase Ventures","Hack VC","More Details"
"Degis","DEG","https://icodrops.com/degis/","$0.00002307","","$0.9","$992.01","$139.32","0.6","0.01x","$6.4 M","Mar 15, 2022","Rarestone Capital","3Commas","Evernew Capital","More Details"
"CoinBurp","BURP","https://icodrops.com/coinburp/","$0.0001357","1.94%","$6.87","$67.85 K","—","0.11","0.01x","$6.9 M","Mar 15, 2022","Moonrock Capital","Morningstar Ventures","Pluto Digital Assets","More Details"
"Souni","SON","https://icodrops.com/souni/","$0.00000139","-14.65%","$38.73","$13.9 K","$13.4 K","0.002","0.01x","$3.5 M","Mar 15, 2022","AU21 Capital","Kyros Ventures","x21 Digital","More Details"
"DeFiHorse","DFH","https://icodrops.com/defihorse/","$0.0001261","1.53%","$20.11","$84.23 K","—","0.25","0.01x","$6.7 M","Mar 15, 2022","Shima Capital","AlphaTrue","Asteroid Capital","More Details"
"Stader Labs","SD","https://icodrops.com/stader-labs/","$0.2353","0.55%","$2.81 M","$28.27 M","$16.23 M","—","0.05x","$39.99 M","Mar 15, 2022","Pantera Capital","Accomplice","Amber Group","More Details"
"Duet Protocol","DUET","https://icodrops.com/duet-protocol/","$0.0001446","2.11%","$6.34","$60.69 K","—","0.34","0.01x","$7.01 M","Mar 11, 2022","One Block Capital","3Commas","Cabin VC","More Details"
"Dexalot","ALOT","https://icodrops.com/dexalot/","$0.0756","-0.61%","$19.68 K","$7.58 M","$4.61 M","0.6","0.13x","$6.75 M","Mar 9, 2022","Woodstock Fund","Republic Capital","Muhabbit Capital","More Details"
"Duckie Land","MMETA","https://icodrops.com/duckie-land/","$0.003264","1.96%","$2.78","$326.6 K","—","0.5","0.01x","$4.67 M","Mar 9, 2022","Automatic Venture Group (AVG)","Avstar Capital","AZer Capital","More Details"
"Shade Protocol","SHD","https://icodrops.com/shade-protocol/","$0.156","-0.71%","$213.26 K","$1.57 M","$809.63 K","6.45","0.02x","$5 M","Mar 9, 2022","Momentum 6","NGC Ventures","Shima Capital","More Details"
"Stepn","GST, GMT","https://icodrops.com/stepn/","$0.01636","7.93%","$87.22 M","$83.52 M","$50.9 M","0.01","1.61x","$9.2 M","Mar 9, 2022","YZi Labs (prev Binance Labs)","6MV (6th Man Ventures)","Alliance","More Details"
"DeFiato","DFIAT","https://icodrops.com/defiato/","$0.0007251","3.49%","$2.65","$181.28 K","$111.63 K","0.08","0.01x","$4.7 M","Mar 8, 2022","DAO Maker","Double Peak","Mirana Ventures","More Details"
"Mars Protocol","MARS","https://icodrops.com/mars-protocol/","$0.005676","-10.02%","$973.66","$2.55 M","$1.51 M","—","0.01x","—","Mar 7, 2022","Delphi Digital (Delphi Labs)","Terraform Labs (Luna)","WE3",""
"Okratech","ORT","https://icodrops.com/okratech/","$0.0002613","-1.64%","$159.03 K","$228.64 K","$227.52 K","0.05","0.01x","$2.83 M","Mar 5, 2022","DWF Labs","Bybit","GOTBIT",""
"Outer Ring","GQ","https://icodrops.com/outer-ring/","$0.00002976","2.43%","$13.05 K","$248.14 K","$236.85 K","0.004","0.01x","$7.62 M","Mar 3, 2022","OKX Ventures","Black Dragon","Yellow Blocks","More Details"
"Era7","ERA","https://icodrops.com/era7/","$0.0001906","9.02%","$5.53","$77.45 K","—","0.09","0.01x","$1.8 M","Mar 2, 2022","HashKey Capital","Waterdrip Capital","AlphaCoin Fund","More Details"
"Orbler","ORBR","https://icodrops.com/orbler/","$0.05183","-0.10%","$20.95 K","$103.66 M","$52.64 M","3.3","0.02x","$122.22 K","Mar 2, 2022","Chain Capital","Gate.io","MEXC Global (Privcode Capital)","More Details"
"Metan Evolutions","METAN","https://icodrops.com/metan-evolutions/","$0.002665","19.97%","$13.45 K","$267.3 K","—","0.15","0.02x","$2.6 M","Mar 1, 2022","One Block Capital","Gate.io","Shima Capital","More Details"
"Kyberdyne","KBD","https://icodrops.com/kyberdyne/","$0.0000555","-5.45%","$11.33 K","$28.07 K","—","0.045","0.01x","$3.52 M","Feb 28, 2022","AU21 Capital","Gate.io","Shima Capital","More Details"
"Faith Tribe","FRTB","https://icodrops.com/faith-tribe/","$0.004138","1.81%","$299.61 K","$20.68 M","$11.18 M","0.01","0.41x","$350 K","Feb 25, 2022","","","",""
"Qitchain Network","QTC","https://icodrops.com/qitchain-network/","$0.02579","2.96%","$31.9 K","$2.7 M","—","11.31","0.01x","$90.48 K","Feb 24, 2022","","","",""
"pSTAKE","PSTAKE","https://icodrops.com/pstake/","$0.001343","-5.20%","$2.63 M","$677.5 K","$671.5 K","0.4","0.01x","$20 M","Feb 24, 2022","YZi Labs (prev Binance Labs)","Coinbase Ventures","DeFiance Capital","More Details"
"Tap Fantasy","TAP","https://icodrops.com/tap-fantasy/","$0.0000598","","$11.86 K","$60.71 K","—","0.04","0.01x","$5.45 M","Feb 22, 2022","NGC Ventures","Shima Capital","ArkStream Capital","More Details"
"Alpine F1","ALPINE","https://icodrops.com/alpine-f1/","$0.6066","1.35%","$4.19 M","$24.27 M","$11.39 M","1","0.61x","$4 M","Feb 21, 2022","YZi Labs (prev Binance Labs)","","",""
"Kunci Coin","KUNCI","https://icodrops.com/kunci-coin/","$0.0001195","-33.21%","$811.69","$477.6 K","$147.29 K","—","0.01x","—","Feb 18, 2022","","","",""
"BBS Network","BBS","https://icodrops.com/bbs-network/","$0.002961","-0.18%","$13.14","$2.96 M","$208.16 K","0.23","0.01x","$7.53 M","Feb 17, 2022","YZi Labs (prev Binance Labs)","Polychain Capital","Digital Currency Group (DCG)","More Details"
"X2Y2","X2Y2","https://icodrops.com/x2y2/","$0.001309","1.51%","$132.37 K","$763.03 K","$494.29 K","—","0.01x","—","Feb 16, 2022","Defined","Goplus","NFTScan","More Details"
"ALEX Lab","","https://icodrops.com/alex-lab/","$0.001089","-2.35%","$223.82 K","$661.07 K","$660.47 K","—","0.01x","$18.3 M","Feb 16, 2022","DWF Labs","CMS Holdings","The Spartan Group","More Details"
"Everdome","DOME","https://icodrops.com/everdome/","$0.0000076","23.07%","$44.17 K","$690.83 K","$144.39 K","0.0012","0.01x","$6.5 M","Feb 15, 2022","","","",""
"Qmall","QMALL","https://icodrops.com/qmall/","$0.01149","15.20%","$16.37","$1.15 M","$811.88 K","0.0333","0.35x","$1.85 M","Feb 15, 2022","","","",""
"UX Chain (Umee)","UMEE","https://icodrops.com/ux-chain-umee/","$0.0001372","-0.53%","$50.26","$1.76 M","$608.14 K","0.07","0.01x","$38.3 M","Feb 15, 2022","IDEO CoLab Ventures","Polychain Capital","CMS Holdings","More Details"
"RSS3","","https://icodrops.com/rss3/","$0.01119","2.90%","$2.04 M","$11.53 M","$9.93 M","0.36","0.03x","$25.27 M","Feb 14, 2022","Balaji Srinivasan","DWF Labs","Coinbase Ventures","More Details"
"Alethea AI","ALI","https://icodrops.com/alethea-ai/","$0.002713","-1.97%","$324.81 K","$26.81 M","$24.74 M","0.0678","0.04x","$31.4 M","Feb 14, 2022","IDEO CoLab Ventures","Mark Cuban","Multicoin Capital","More Details"
"Seeded Network","SEEDED","https://icodrops.com/seeded-network/","$0.0003163","-3.42%","$9.47","$16.38 K","—","0.18","0.01x","$1.45 M","Feb 13, 2022","x21 Digital","ZBS Capital","Athena Ventures","More Details"
"Concordium","CCD","https://icodrops.com/concord/","$0.01076","5.36%","$298.85 K","$153.21 M","$126.88 M","—","0.13x","$51 M","Feb 10, 2022","G1 Ventures","NewTribe Capital","Shaween Chan",""
"ZKSpace","ZKS","https://icodrops.com/zkspace/","$0.00007914","-10.89%","$33.97","$53.03 K","$17.68 K","0.025","0.01x","$1.68 M","Feb 10, 2022","FBG Capital","Bixin Ventures","SNZ Holding","More Details"
"Altair","AIR","https://icodrops.com/altair/","$0.001506","-6.35%","$1.16 K","$712.96 K","$593.56 K","0.1","0.02x","$4.68 M","Feb 9, 2022","","","",""
"Heroes of NFT","HON","https://icodrops.com/heroes-of-nft/","$0.003309","1.16%","$2.43 K","$647.8 K","$297.98 K","0.1","0.03x","$2.95 M","Feb 9, 2022","ZBS Capital","4YF Capital","Avalanche Foundation","More Details"
"KingdomX","KT","https://icodrops.com/kingdomx/","$0.0009118","-0.11%","$16.8 K","$910.8 K","$428.21 K","0.012","0.08x","$2.46 M","Feb 9, 2022","HTX Ventures (previously Huobi Ventures)","DAO Maker","Double Peak","More Details"
"Sheesha Finance Polygon","MSHEESHA","https://icodrops.com/sheesha-finance-polygon/","$0.00003612","-0.50%","$85.67","$32.33 K","$32.28 K","0.02","0.01x","$3.4 M","Feb 7, 2022","","","",""
"Rubix","RBT","https://icodrops.com/rubix/","$147.34","-5.19%","$53.75 K","$8.02 B","—","—","0.92x","$100 M","Feb 6, 2022","LDA Capital","","",""
"Everscale","EVER","https://icodrops.com/everscale/","$0.009532","1.26%","$66.77 K","$20.34 M","$18.93 M","—","0.03x","—","Feb 4, 2022","","","",""
"Sommelier","SOMM","https://icodrops.com/sommelier/","$0.0005812","-7.10%","$157.34","$307.6 K","$216.43 K","—","0.01x","$27.5 M","Feb 1, 2022","Multicoin Capital","Polychain Capital","Standard Crypto","More Details"
"Panther Protocol","ZKP","https://icodrops.com/panther-protocol/","$0.008839","-3.19%","$72.8 K","$3.1 M","$2.97 M","0.6","0.01x","$31.8 M","Feb 1, 2022","A195 Capital","Rarestone Capital","AU21 Capital","More Details"
"Synesis One","SNS","https://icodrops.com/synesis-one/","$0.000646","0.06%","$6.34 K","$646 K","$294.74 K","0.05","0.01x","$550 K","Jan 30, 2022","A195 Capital","MetaCartel Ventures","Yield Guild Games (YGG)","More Details"
"Affyn","FYN","https://icodrops.com/affyn/","$0.0007345","1.92%","$12.18 K","$733 K","$186.59 K","0.14","0.01x","$19.27 M","Jan 30, 2022","Big Brain Holdings","MV Global","Black Dragon","More Details"
"Unilab","ULAB","https://icodrops.com/unilab/","$0.002946","2.81%","$18.86","$294.7 K","—","0.18","0.02x","$1.95 M","Jan 30, 2022","x21 Digital","Alpha Blockz","Alpha Hunt","More Details"
"Jones DAO","JONES","https://icodrops.com/jones-dao/","$0.2306","3.21%","$78.14","$2.31 M","$1.2 M","19.1","0.01x","$29 M","Jan 30, 2022","Tetranode","0xSami","Arbitrum Foundation","More Details"
"Ambire Wallet","WALLET","https://icodrops.com/ambire-wallet/","$0.01734","-12.24%","$213.14 K","$13.2 M","$12.12 M","0.07","0.25x","$2.78 M","Jan 29, 2022","Ascensive Assets","FMFW","MetaCartel Ventures","More Details"
"GensoKishi","MV","https://icodrops.com/gensokishi/","$0.004635","6.14%","$210.21 K","$9.27 M","$1.84 M","0.019","0.24x","$2.09 M","Jan 28, 2022","","","",""
"Hubble Protocol","HBB","https://icodrops.com/hubble-protocol/","$0.004901","0.20%","$123.32","$489.4 K","$334.83 K","1","0.01x","$21.8 M","Jan 28, 2022","Delphi Digital (Delphi Labs)","Multicoin Capital","Alliance","More Details"
"Spellfire","SPELLFIRE","https://icodrops.com/spellfire/","$0.00005054","-5.27%","$41.08 K","$35.65 K","$32.35 K","0.025","0.01x","$3.99 M","Jan 27, 2022","DAO Maker","Genblock Capital","Shima Capital","More Details"
"Ronin","RON","https://icodrops.com/ronin/","$0.1311","-2.21%","$1.38 M","$130.8 M","$94.53 M","—","0.03x","$159 M","Jan 27, 2022","Andreessen Horowitz (a16z)","Mark Cuban","ConsenSys","More Details"
"Compendium.Fi","CMFI","https://icodrops.com/compendiumfi/","$0.00009392","2.42%","$31.37","$46.9 K","$11.15 K","0.08","0.01x","$2.85 M","Jan 26, 2022","Axia8 Ventures","Digital Renaissance","PetRock Capital","More Details"
"Metastrike","MTS","https://icodrops.com/metastrike/","$0.0000525","0.27%","$1.53","$29.66 K","$13.63 K","0.05","0.01x","$4.26 M","Jan 26, 2022","Jump Capital","Blockchain Gaming Fund","Magnus Capital","More Details"
"Metafluence","METO","https://icodrops.com/metafluence/","$0.00005983","-0.05%","$20.59 K","$287.14 K","$107.69 K","0.0075","0.01x","$5.78 M","Jan 25, 2022","MV Global","OIG Oracles Investment Group","CRT Capital Group","More Details"
"Acala Network","ACA","https://icodrops.com/acala-network/","$0.009794","-1.88%","$4.1 M","$16.11 M","$11.43 M","1","0.01x","$1.46 B","Jan 25, 2022","1confirmation","Pantera Capital","Polychain Capital","More Details"
"SpaceFalcon","FCON","https://icodrops.com/spacefalcon/","$0.00000396","-3.41%","$80.71","$75.24 K","$69 K","0.002","0.01x","$4.8 M","Jan 25, 2022","OKX Ventures","Magnus Capital","Momentum 6","More Details"
"Lootex","LOOT","https://icodrops.com/lootex/","$0.0009447","-0.02%","$17.08 K","$94.47 K","$12.28 K","0.8","0.01x","$9.4 M","Jan 24, 2022","HTX Ventures (previously Huobi Ventures)","Morningstar Ventures","OKX Ventures","More Details"
"Fringe Finance","FRIN","https://icodrops.com/fringe-finance/","$0.0001059","0.94%","$53.36 K","$104.9 K","$69.32 K","0.0395","0.01x","$7.38 M","Jan 23, 2022","Spark Digital Capital","Black Edge Capital","",""
"Iron Bank","IB","https://icodrops.com/iron-bank/","$0.3376","4.52%","$7.77","$2.36 M","$64.09 K","—","0.01x","—","Jan 22, 2022","","","",""
"Bitget","BGB","https://icodrops.com/bitget/","$3.507","0.97%","$89.96 M","$3.23 B","$2.44 B","—","29.47x","$10 M","Jan 21, 2022","Dragonfly Capital","","",""
"CitaDAO","KNIGHT","https://icodrops.com/citadao/","$0.0007041","-3.73%","$424.96","$7.04 M","$1.02 M","0.0017","0.42x","$1 M","Jan 21, 2022","Kyber Network","SNZ Holding","Sora Ventures","More Details"
"BitTorrent","BTT","https://icodrops.com/bittorrent/","$0.0000004","1.74%","$6.45 M","$396 M","$394.42 M","0.00000012","3.33x","$42.26 M","Jan 21, 2022","YZi Labs (prev Binance Labs)","DCM Ventures","Accel","More Details"
"PsyOptions","PSY","https://icodrops.com/psyoptions/","$0.000163","-3.33%","$3.71 K","$168.3 K","$64.68 K","0.12","0.01x","$10.8 M","Jan 21, 2022","CMS Holdings","mgnr.io","One Block Capital","More Details"
"ParagonsDAO","PDT","https://icodrops.com/paragonsdao/","$0.0513","","$0.38","$5.6 M","$5.49 M","0.34","0.15x","$27.07 M","Jan 20, 2022","Framework Ventures","Paradigm","CMS Holdings","More Details"
"Verve","verve","https://icodrops.com/verve/","$0.0003267","1.79%","$35.38","$81.6 K","$81.68 K","0.001","0.33x","$600 K","Jan 20, 2022","","","",""
"HeroesChained","HEC","https://icodrops.com/heroeschained/","$0.0005047","4.97%","$8.39","$50.47 K","$25.15 K","0.35","0.01x","$4.54 M","Jan 20, 2022","OKX Ventures","Kosmos Ventures","Kyros Ventures","More Details"
"Opyn","OSQTH","https://icodrops.com/opyn/","$96.2","0.64%","$14.78","$520.94 K","—","—","0.1x","$9.11 M","Jan 20, 2022","1kx","Balaji Srinivasan","Paradigm","More Details"
"League of Kingdoms","LOKA","https://icodrops.com/league-of-kingdoms/","$0.0274","1.80%","$264.64","$12.28 M","$760.17 K","0.16","0.17x","$7.1 M","Jan 20, 2022","Andreessen Horowitz (a16z)","YZi Labs (prev Binance Labs)","Sequoia Capital","More Details"
"GARI Network","GARI","https://icodrops.com/gari-network/","$0.00119","-2.47%","$204.95 K","$1.32 M","$668.23 K","0.2","0.01x","$103.97 M","Jan 18, 2022","CoinFund","Galaxy","HTX Ventures (previously Huobi Ventures)","More Details"
"Astar","ASTR","https://icodrops.com/astar/","$0.01028","-0.07%","$961.45 K","$88.41 M","$84.91 M","0.51","0.02x","$34.4 M","Jan 18, 2022","YZi Labs (prev Binance Labs)","Polychain Capital","Crypto.com","More Details"
"Nosana","NOS","https://icodrops.com/nosana/","$0.2005","-2.93%","$176.83 K","$20.03 M","$9.66 M","0.1","2x","$65.71 M","Jan 17, 2022","Genblock Capital","PetRock Capital","SkyVision Capital","More Details"
"Astar Network Crowdloan","ASTR","https://icodrops.com/astar-network/","$0.01028","-0.07%","$961.45 K","$88.41 M","$84.91 M","0.51","0.02x","—","Jan 17, 2022","","","",""
"GovWorld","GOV","https://icodrops.com/govworld/","$0.0013","2.73%","$207.8","$130 K","$60.07 K","0.08","0.02x","$2.03 M","Jan 15, 2022","","","",""
"Desmos","DSM","https://icodrops.com/desmos/","$0.007066","0.12%","$206.06","$1.16 M","$654.2 K","0.05","0.14x","$60 K","Jan 15, 2022","","","",""
"Market Making Pro","MMPRO","https://icodrops.com/market-making-pro/","$0.00356","-3.75%","$15.79 K","$356.6 K","$327.81 K","0.06","0.06x","$2.7 M","Jan 13, 2022","","","",""
"Bixos","UBXS","https://icodrops.com/bixos/","$0.001965","2.05%","$1.54 K","$167.28 K","$112.31 K","0.3","0.01x","—","Jan 13, 2022","","","",""
"Revuto","REVU","https://icodrops.com/revuto/","$0.001995","0.22%","$44.8 K","$560.81 K","$363.32 K","0.12","0.02x","$9.93 M","Jan 11, 2022","Black Dragon","Kudasai Japan","",""
"Gods Unchained","GODS","https://icodrops.com/gods-unchained/","$0.06173","21.30%","$2.51 M","$30.97 M","$25.58 M","0.24","0.27x","$10.32 M","Jan 11, 2022","Coinbase Ventures","Continue Capital","Galaxy","More Details"
"WeWay","WWY","https://icodrops.com/weway/","$0.00000384","-1.93%","$12.24 K","$26.88 K","$5.53 K","0.005","0.01x","$2.6 M","Jan 11, 2022","BSCPad","Velas","Yoola",""
"Goldfinch Finance","GFI","https://icodrops.com/goldfinch-finance/","$0.2189","8.11%","$522.83 K","$21.43 M","$20.45 M","—","0.01x","$37.7 M","Jan 11, 2022","Andreessen Horowitz (a16z)","Balaji Srinivasan","IDEO CoLab Ventures","More Details"
"Moonbeam","GLMR","https://icodrops.com/moonbeam/","$0.02385","-0.75%","$1.7 M","$29.15 M","$24.7 M","0.25","0.1x","$31.95 M","Jan 11, 2022","YZi Labs (prev Binance Labs)","Arrington Capital","Coinbase Ventures","More Details"
"Islander","ISA","https://icodrops.com/islander/","$0.00000022","2.01%","$10.51","$3.15 K","$120.07","0.0015","0.01x","$1.74 M","Jan 10, 2022","Fundamental Labs","Spark Digital Capital","Kyros Ventures","More Details"
"LooksRare","LOOKS","https://icodrops.com/looksrare/","$0.001188","-1.59%","$1.03 M","$1.19 M","$1.19 M","0.18","0.01x","$5.95 M","Jan 10, 2022","DeFiance Capital","Primitive Ventures","",""
"Solice","SLC","https://icodrops.com/solice/","$0.0001034","-4.27%","$9.78 K","$42.92 K","—","0.07","0.01x","$60.4 M","Jan 7, 2022","CMS Holdings","DeFiance Capital","Jump Capital","More Details"
"Galaxy Fight Club","GCOIN","https://icodrops.com/galaxy-fight-club/","$0.0006635","4.72%","$11.93 K","$93.39 K","$9.54 K","0.5","0.01x","$11.68 M","Jan 7, 2022","Sequoia Capital","HTX Ventures (previously Huobi Ventures)","Rarestone Capital","More Details"
"Aelin","","https://icodrops.com/aelin/","$329.81","0.13%","$1.41","$1.65 M","—","—","0.01x","—","Jan 6, 2022","","","",""
"Phonon DAO","PHONON","https://icodrops.com/phonon-dao/","$0.000006","447.28%","$35.22","$60 K","$43.04 K","—","0.01x","—","Jan 6, 2022","","","",""
"Luna Rush","LUS","https://icodrops.com/luna-rush/","$0.00006431","1.63%","$41.54","$22.51 K","$292.62","0.06","0.01x","$2.53 M","Jan 5, 2022","x21 Digital","Alpha Moon Capital","Avstar Capital","More Details"
"Synchrony","SCY","https://icodrops.com/synchrony/","$0.00000009","3.51%","$19.51","$88.4","—","0.04","0.01x","$5.3 M","Jan 5, 2022","HashKey Capital","mgnr.io","Wintermute","More Details"
"GenesysGo Shadow","SHDW","https://icodrops.com/genesysgo-shadow/","$0.04605","1.10%","$63.66 K","$460.3 K","$7.78 M","1.73","0.03x","$52.03 M","Jan 5, 2022","","","",""
"Ertha","ERTHA","https://icodrops.com/ertha/","$0.0000937","0.29%","$62.58","$187.24 K","$187.4 K","0.018","0.01x","$6.55 M","Jan 4, 2022","AU21 Capital","Momentum 6","x21 Digital","More Details"
"Multichain","MULTI","https://icodrops.com/multichain/","$0.3041","1.75%","$13.99 K","$30.35 M","$4.42 M","—","0.02x","$60 M","Jan 4, 2022","YZi Labs (prev Binance Labs)","HongShan (ex-Sequoia China)","HashKey Capital","More Details"
"MeanFi","MEAN","https://icodrops.com/meanfi/","$0.00009651","-0.23%","$5.73","$20.2 K","$18.9 K","2.15","0.01x","$8.7 M","Jan 4, 2022","Big Brain Holdings","Gate.io","SkyVision Capital","More Details"
"Kintsugi","KINT","https://icodrops.com/kintsugi/","$0.02189","4.54%","$10.62 K","$210 K","$80.91 K","—","0.01x","—","Jan 3, 2022","","","",""
"AXL INU","AXL","https://icodrops.com/axl-inu/","$0.00000328","","—","$230.76 K","—","0.00053","0.01x","$2.15 M","Jan 3, 2022","","","",""
"Light Year","LC","https://icodrops.com/light-year/","$0.005602","-2.49%","$227.36","$560.6 K","—","0.15","0.04x","$2.96 M","Dec 31, 2021","FBG Capital","CryptoVietnam","DeFi Eye","More Details"
"AgeOfGods","AOG","https://icodrops.com/ageofgods/","$0.000881","-0.33%","$12.31 K","$237.95 K","$91.16 K","0.1","0.01x","$300 K","Dec 30, 2021","Moonwhale Ventures","Atesis Capital","Aussie Capital","More Details"
"Coinweb","CWEB","https://icodrops.com/coinweb/","$0.002308","2.58%","$80.31 K","$17.56 M","$5.56 M","0.013","0.18x","$9.41 M","Dec 30, 2021","Morningstar Ventures","Magnus Capital","MV Global","More Details"
"Decimated","DIO","https://icodrops.com/decimated/","$0.0007385","0.52%","$64.25 K","$733.4 K","$401.2 K","0.05","0.01x","$8.5 M","Dec 29, 2021","500 Startups","Arrington Capital","BlockVc","More Details"
"Hummingbot","","https://icodrops.com/hummingbot/","$0.0008156","1.23%","$223.86","$815.5 K","$451.25 K","—","0.01x","$14.1 M","Dec 28, 2021","1kx","Bain Capital Ventures","Arrington Capital","More Details"
"ALL.ART","AART","https://icodrops.com/allart/","$0.00002999","3.14%","$12.34 K","$149.84 K","$122.81 K","0.024","0.01x","$6.9 M","Dec 28, 2021","HTX Ventures (previously Huobi Ventures)","Solana Ventures","Spark Digital Capital","More Details"
"Bit Hotel","BTH","https://icodrops.com/bit-hotel/","$0.0001618","0.82%","$3","$161.8 K","—","0.017","0.01x","$2.82 M","Dec 27, 2021","AltcoinBuzz","Dutch Game Studio","Excalibur Capital","More Details"
"Avocado Dao","AVG","https://icodrops.com/avocado-dao/","$0.003478","2.33%","$8.61","$3.45 M","$522.97 K","1.64","0.01x","$45.2 M","Dec 27, 2021","YZi Labs (prev Binance Labs)","Hashed","Solana Ventures","More Details"
"Gamma Strategies","GAMMA","https://icodrops.com/gamma-strategies/","$0.003484","-35.30%","$23.78","$328 K","$226.81 K","—","0.01x","$603 K","Dec 27, 2021","Arbitrum Foundation","","",""
"ApolloX","APX","https://icodrops.com/apollox/","$0.2437","0.05%","$1.13 K","$969.17 M","$9.13 M","—","1.18x","—","Dec 26, 2021","YZi Labs (prev Binance Labs)","3Commas","Kronos Research","More Details"
"Trisolaris","TRI","https://icodrops.com/trisolaris/","$0.00006111","0.08%","$259.66","$30.66 K","$22.03 K","—","0.01x","$4.5 M","Dec 24, 2021","Electric Capital","Jump Crypto","Dragonfly Capital","More Details"
"Imperium Empires","IME","https://icodrops.com/imperium-empires/","$0.00000051","0.81%","$1.71","$5.1 K","$673.99","0.0045","0.01x","$3.1 M","Dec 23, 2021","CMS Holdings","GBV Capital","Kyros Ventures","More Details"
"Katana Inu","KATA","https://icodrops.com/katana-inu/","$0.00003899","0.10%","$24.98 K","$1.95 M","$1.45 M","0.00075","0.05x","$7.65 M","Dec 23, 2021","MV Global","x21 Digital","LVT Capital","More Details"
"Sentre","SNTR","https://icodrops.com/sentre/","$0.0002566","1.19%","$11.94 K","$256.6 K","$256.59 K","0.0543","0.01x","$1.09 M","Dec 23, 2021","Gate.io","","",""
"Supe Infinity","SUPE","https://icodrops.com/supe-infinity/","$0.0009705","14.55%","$13.09 K","$968.5 K","—","8.88","0.01x","$149.97 K","Dec 22, 2021","","","",""
"MonkeyBall","MBS","https://icodrops.com/monkeyball/","$0.0001635","-22.79%","$17.62 K","$170.4 K","$102.26 K","—","0.01x","$3 M","Dec 22, 2021","Jump Crypto","Morningstar Ventures","NFX","More Details"
"MonkeyLeague","MBS","https://icodrops.com/monkeyleague/","$0.0001635","-22.79%","$17.62 K","$170.4 K","$102.26 K","0.04","0.01x","$27.4 M","Dec 22, 2021","6MV (6th Man Ventures)","CMS Holdings","Jump Capital","More Details"
"Rainmaker Games","RAIN","https://icodrops.com/rainmaker-games/","$0.0000281","3.16%","$2.34","$27.24 K","$18.6 K","0.25","0.01x","$6.43 M","Dec 21, 2021","CMS Holdings","CoinFund","Merit Circle","More Details"
"Minto","BTCMT","https://icodrops.com/minto/","$0.7394","0.86%","$116.04 K","$22.17 M","$4.77 M","1.75","0.42x","$1.78 M","Dec 21, 2021","","","",""
"izumi Finance","iZi","https://icodrops.com/izumi-finance/","$0.007831","-0.02%","$121.43 K","$15.68 M","$6.17 M","0.04","0.2x","$29.16 M","Dec 21, 2021","Divergence Ventures","Fenbushi Capital","HashKey Capital","More Details"
"Guild of Guardians","GOG","https://icodrops.com/guild-of-guardians/","$0.003836","2.68%","$21.5 K","$3.7 M","$3.14 M","0.075","0.05x","$6.7 M","Dec 21, 2021","Coinbase Ventures","Continue Capital","Galaxy","More Details"
"MagicCraft","MCRT","https://icodrops.com/magiccraft/","$0.0002176","0.72%","$85.51 K","$1.57 M","$1.1 M","0.006","0.04x","$5.56 M","Dec 21, 2021","Gate.io","MV Global","OIG Oracles Investment Group","More Details"
"Platypus","PTP","https://icodrops.com/platypus/","$0.0001615","2.47%","$0.13","$48.45 K","$6.69 K","0.1","0.01x","$4.35 M","Dec 20, 2021","CMS Holdings","DeFiance Capital","Mechanism Capital","More Details"
"WAM","WAM","https://icodrops.com/wam/","$0.0008928","-1.26%","$17.69 K","$894.7 K","$414.96 K","0.02","0.04x","$2.74 M","Dec 20, 2021","DAO Maker","Double Peak","Gate.io","More Details"
"Chumbi Valley","CHMB","https://icodrops.com/chumbi-valley/","$0.00000222","-8.41%","$413.93","$71.09 K","$46.77 K","0.001","0.01x","$3.76 M","Dec 17, 2021","Spark Digital Capital","CinchBlock","OnBlock Ventures","More Details"
"Crafting Finance","CRF","https://icodrops.com/crafting-finance/","$0.0002342","0.26%","$11.91 K","$468.4 K","—","0.04","0.01x","$80 K","Dec 17, 2021","CMS Holdings","Continue Capital","Spark Digital Capital","More Details"
"Pollen DeFi","PLN","https://icodrops.com/pollen-defi/","$0.00002415","3.47%","$0.49","$2.15 K","$2.14 K","0.65","0.01x","$8 M","Dec 17, 2021","Rarestone Capital","P2 Ventures","LVT Capital","More Details"
"Safle","SAFLE","https://icodrops.com/safle/","$0.0001762","0.20%","$1.27","$176 K","—","0.11","0.01x","$4.6 M","Dec 17, 2021","Woodstock Fund","AU21 Capital","Draper Dragon","More Details"
"Nova Finance","NOVA","https://icodrops.com/nova-finance/","$0.004076","0.49%","$52.06 K","$40.69 K","—","2","0.01x","$3.2 M","Dec 17, 2021","Morningstar Ventures","Rarestone Capital","Solana Ventures","More Details"
"Nitro League","NITRO","https://icodrops.com/nitro-league/","$0.0001093","7.41%","$5.05 K","$98.48 K","$22.08 K","0.12","0.01x","$6.65 M","Dec 17, 2021","HTX Ventures (previously Huobi Ventures)","Morningstar Ventures","Woodstock Fund","More Details"
"MetaGods","MGOD","https://icodrops.com/metagods/","$0.00009048","1.77%","$19.11","$53.65 K","$1.28 K","0.045","0.01x","$4.24 M","Dec 17, 2021","Hashed","Boxmining","DAO Maker","More Details"
"Lyra","LYRA","https://icodrops.com/lyra/","$0.053","-1.63%","$343.09 K","$52.97 M","$30.79 M","—","0.29x","—","Dec 16, 2021","","","",""
"Domi Online","DOMI","https://icodrops.com/domi-online/","$0.001632","-2.51%","$23.74 K","$1.63 M","$750.72 K","0.12","0.01x","$3.8 M","Dec 16, 2021","6MV (6th Man Ventures)","Cumberland","Morningstar Ventures","More Details"
"Star Sharks","SSS, SEA","https://icodrops.com/star-sharks/","$0.04079","0.98%","$5.15","$4.08 M","—","0.53","0.08x","$4.8 M","Dec 16, 2021","YZi Labs (prev Binance Labs)","Fundamental Labs","Vendetta Capital","More Details"
"Gearbox Protocol","GEAR","https://icodrops.com/gearbox-protocol/","$0.0009978","0.60%","$105.7 K","$9.98 M","$9.98 M","0.015","0.07x","$8.04 M","Dec 15, 2021","1kx","Cobie","eGirl Capital","More Details"
"Colony","CLY","https://icodrops.com/colony/","$0.02929","3.48%","$107 K","$4.39 M","$3.3 M","0.65","0.04x","$11.16 M","Dec 15, 2021","Continue Capital","Greenfield One","HashKey Capital","More Details"
"SENATE","DAO","https://icodrops.com/senate/","$0.0008609","-1.69%","$81.53","$140.56 K","$118.4 K","0.18","0.01x","$10.59 M","Dec 15, 2021","OKX Ventures","Animoca Brands","MV Global","More Details"
"Sidus Heroes","SIDUS, SENATE","https://icodrops.com/sidus-heroes/","$0.0000739","0.09%","$103.39 K","$1.39 M","$1.17 M","0.0018","0.04x","$23.55 M","Dec 15, 2021","DWF Labs","OKX Ventures","Sfermion","More Details"
"Soldex","SOLX","https://icodrops.com/soldex/","$0.00001029","-1.12%","$17.37","$5.14 K","$4.33 K","0.12","0.01x","$3 M","Dec 14, 2021","Moonwhale Ventures","Alphabit Fund","AVA Capital","More Details"
"Hashtagger","MOOO","https://icodrops.com/hashtagger/","$0.0173","7.45%","$12.04 K","$553.8 K","$34.36 K","0.8","0.02x","$464 K","Dec 14, 2021","CMS Holdings","Spark Digital Capital","GBV Capital","More Details"
"Voxies Tactics","VOXEL","https://icodrops.com/voxies-tactics/","$0.01288","6.95%","$2.5 M","$3.49 M","$3.28 M","0.2","0.06x","$6 M","Dec 14, 2021","YZi Labs (prev Binance Labs)","","",""
"Humans","HEART","https://icodrops.com/humans/","$0.001791","-1.19%","$152.17 K","$13.96 M","$13.97 M","0.015","0.12x","$10.17 M","Dec 13, 2021","Morningstar Ventures","elrond","Polkastarter",""
"DappRadar","RADAR","https://icodrops.com/dappradar/","$0.0004798","4.86%","$40.01 K","$4.56 M","$460.65 K","—","0.01x","$7.33 M","Dec 13, 2021","Blockchain.com Ventures","Prosus Ventures","Naspers","More Details"
"SolChicks","CHICKS","https://icodrops.com/solchicks/","$0.00001529","-1.06%","$3.97","$152.9 K","$9.77 K","0.05","0.01x","$15 M","Dec 13, 2021","Fundamental Labs","HashKey Capital","AU21 Capital","More Details"
"99Starz","STZ","https://icodrops.com/99starz/","$0.01585","6.03%","$12.53 K","$1.55 M","—","0.5","0.03x","$5.76 M","Dec 12, 2021","Animoca Brands","Gate.io","Athena Ventures","More Details"
"League of Ancients","LOA","https://icodrops.com/league-of-ancients/","$0.0008132","-5.59%","$12.15 K","$813.2 K","$344.49 K","0.58","0.01x","$6.15 M","Dec 12, 2021","OKX Ventures","Gate.io","Magnus Capital","More Details"
"Silo","SILO","https://icodrops.com/silo/","$0.00806","-0.03%","$7.15 K","$7.22 M","$841.23 K","0.1","0.08x","$10.93 M","Dec 12, 2021","Arbitrum Foundation","Sonic","",""
"Cornucopias","COPI","https://icodrops.com/cornucopias/","$0.005593","8.26%","$3.27 K","$16.78 M","$4.04 M","0.0037","1.53x","$600 K","Dec 10, 2021","","","",""
"Realy Metaverse","REAL","https://icodrops.com/realy-metaverse/","$0.002344","3.59%","$0.01","$234.4 K","—","1","0.01x","$1 M","Dec 10, 2021","Multicoin Capital","SNZ Holding","Alameda Research","More Details"
"MetaVPad","METAV","https://icodrops.com/metavpad/","$0.0006745","1.57%","$170.77","$148.28 K","$148.39 K","0.001","0.68x","$800 K","Dec 10, 2021","","","",""
"Agoras: Currency of Tau","AGRS","https://icodrops.com/agoras-currency-of-tau/","$0.3835","-1.41%","$5.54 K","$16.12 M","$11.45 M","6.1","0.06x","—","Dec 10, 2021","","","",""
"Sipher","SIPHER","https://icodrops.com/sipher/","$0.0107","0.49%","$2.49 K","$11.04 M","$1.22 M","1.06","0.01x","$49.23 M","Dec 10, 2021","Delphi Digital (Delphi Labs)","Arrington Capital","BITKRAFT Ventures","More Details"
"Credefi","CREDI","https://icodrops.com/credefi/","$0.002034","8.54%","$85.86 K","$2.03 M","$1.52 M","0.014","0.15x","$2.21 M","Dec 9, 2021","Moonrock Capital","AU21 Capital","Magnus Capital","More Details"
"Colony Lab","CLY","https://icodrops.com/colony-lab/","$0.02929","3.48%","$107 K","$4.39 M","$3.3 M","0.4","0.07x","$21 M","Dec 9, 2021","HashKey Capital","Spark Digital Capital","Bixin Ventures","More Details"
"Blockasset","BLOCK","https://icodrops.com/blockasset/","$0.002007","-5.44%","$16.81 K","$625.1 K","$626.66 K","0.078","0.03x","$4.54 M","Dec 9, 2021","OKX Ventures","Solana Ventures","Animoca Brands","More Details"
"BlockchainSpace","GUILD","https://icodrops.com/blockchainspace/","$0.006197","3.78%","$8.94 K","$6.04 M","$2.82 M","0.52","0.01x","$20.47 M","Dec 8, 2021","BitScale Capital","CMS Holdings","CoinGecko Ventures","More Details"
"Attack Wagon","ATK","https://icodrops.com/attack-wagon/","$0.0000571","3.61%","$12.02 K","$56.97 K","—","0.025","0.01x","$2.28 M","Dec 8, 2021","x21 Digital","Almora Capital","Aussie Capital","More Details"
"Sway Social","SWAY","https://icodrops.com/sway-social/","$0.0004252","-5.05%","$11.83 K","$42.62 K","$21.03 K","0.07","0.01x","$285 K","Dec 8, 2021","AU21 Capital","Alphabit Fund","LucidBlue Ventures","More Details"
"Propel","PEL","https://icodrops.com/propel/","$0.0004102","2.37%","$6.59","$41.02 K","$15.46 K","0.13","0.01x","$2.42 M","Dec 7, 2021","Genblock Capital","x21 Digital","Amesten Capital","More Details"
"Waves.Exchange","WX","https://icodrops.com/waves-exchange/","$0.00431","1.86%","$140.4","$4.29 M","—","1","0.01x","$17.51 M","Dec 7, 2021","","","",""
"Wicrypt","WNT","https://icodrops.com/wicrypt/","$0.005376","2.63%","$96.21 K","$1.08 M","$140.45 K","0.2","0.03x","$2.06 M","Dec 5, 2021","Pluto Digital Assets","AU21 Capital","Chain Capital","More Details"
"Flux Protocol","FLX","https://icodrops.com/flux-protocol/","$0.03149","0.22%","$687.92 K","$31.33 M","$8.46 M","1.65","0.02x","$21.84 M","Dec 5, 2021","Coinbase Ventures","CoinFund","Greenfield One","More Details"
"GuildFi","GF","https://icodrops.com/guildfi/","$0.1798","-3.33%","$6.11 K","$179.8 M","$45.35 M","4.03","0.04x","$145.76 M","Dec 5, 2021","Pantera Capital","Coinbase Ventures","Dapper Labs","More Details"
"Zentry","ZENT","https://icodrops.com/zentry/","$0.004338","1.85%","$2.17 M","$42.08 M","$34.23 M","—","0.11x","—","Dec 4, 2021","DWF Labs","The Spartan Group","LongHash Ventures","More Details"
"Creaticles","CRE8","https://icodrops.com/creaticles/","$0.0004536","0.22%","$11.62 K","$445.3 K","$35.4 K","0.095","0.01x","$40.05 M","Dec 3, 2021","","","",""
"The Monopolist","MONO","https://icodrops.com/the-monopolist/","$0.0000072","0.14%","$5.05","$7.22 K","—","0.0075","0.01x","$1.12 M","Dec 3, 2021","x21 Digital","OIG Oracles Investment Group","VeriChains Lab","More Details"
"Victoria VR","VR","https://icodrops.com/victoria-vr/","$0.004192","-0.23%","$459.24 K","$70.43 M","$70.43 M","0.0029","1.42x","$13.57 M","Dec 3, 2021","DAO Maker","Wave Financial Group","Altered Ventures","More Details"
"Operon Origins","ORO","https://icodrops.com/operon-origins/","$0.0004187","4.26%","$13.35 K","$35.72 K","$39.11 K","0.1","0.01x","$2.19 M","Dec 3, 2021","AU21 Capital","Genblock Capital","Magnus Capital","More Details"
"Decentral Games","DG","https://icodrops.com/decentral-games/","$0.0004666","-3.96%","$149.29","$418.93 K","$89.5 K","0.0277","0.02x","$5 M","Dec 3, 2021","AU21 Capital","Cluster Capital","Collab+Currency","More Details"
"Maiar DEX","MEX","https://icodrops.com/maiar-dex/","$0.00000089","-3.93%","$170.92 K","$3.59 M","$3.72 M","—","0.01x","—","Dec 2, 2021","","","",""
"Umami Finance","","https://icodrops.com/umami-finance/","$0.6638","0.05%","$19.98","$663.8 K","$598.63 K","—","0.01x","$603 K","Dec 2, 2021","Arbitrum Foundation","","",""
"Symbiosis Finance","SIS","https://icodrops.com/symbiosis-finance/","$0.05004","-2.13%","$1.87 M","$100 M","$4.82 M","1","0.05x","$9.71 M","Dec 2, 2021","YZi Labs (prev Binance Labs)","Amber Group","Blockchain.com Ventures","More Details"
"Moonscape","MSCP","https://icodrops.com/moonscape/","$0.00007424","","$102.36","$82.49 K","$66.94 K","0.00013","0.59x","$73 K","Dec 1, 2021","Pluto Digital Assets","Momentum 6","SkyVision Capital","More Details"
"Witnet","WIT","https://icodrops.com/witnet/","$0.0007117","2.22%","$36.14","$811.87 K","$948.64 K","0.0244","0.03x","$9.09 M","Dec 1, 2021","CoinFund","Oyster Ventures","James Sowers","More Details"
"Integritee","TEER","https://icodrops.com/integritee/","$0.0163","-11.89%","$283.72","$176 K","$64.84 K","7","0.01x","$2.15 M","Dec 1, 2021","FBG Capital","OKX Ventures","AU21 Capital","More Details"
"Santos FC Fan Token","SANTOS","https://icodrops.com/santos-fc-fan-token/","$1.694","-0.72%","$1.29 M","$51.18 M","$22.69 M","2.5","0.68x","$1 M","Dec 1, 2021","","","",""
"Biconomy","BICO","https://icodrops.com/biconomy/","$0.04347","-0.77%","$4.79 M","$43.55 M","$43.48 M","0.3","0.15x","$24.3 M","Dec 1, 2021","Bain Capital Ventures","Balaji Srinivasan","YZi Labs (prev Binance Labs)","More Details"
"xHashtag","XTAG","https://icodrops.com/xhashtag/","$0.004877","-5.05%","$50.02 K","$491.1 K","$322.71 K","0.25","0.02x","$2.85 M","Nov 30, 2021","AU21 Capital","Chain Capital","Gate.io","More Details"
"Heroes TD","HTD","https://icodrops.com/heroes-td/","$0.002616","2.89%","$69.67","$1.23 M","—","0.06","0.04x","$2.5 M","Nov 28, 2021","VeriChains Lab","Alpha Moon Capital","AlphaTrue","More Details"
"NuNet","NTX","https://icodrops.com/nunet/","$0.007266","3.66%","$34.21 K","$7 M","$3.66 M","0.03","0.24x","$5.48 M","Nov 28, 2021","Moonrock Capital","AU21 Capital","Digital Asset Capital Management (DACM)","More Details"
"UniX","UNIX","https://icodrops.com/unix/","$0.0001328","-1.88%","$8.12","$32.52 K","$32.52 K","0.44","0.01x","$30.1 M","Nov 28, 2021","Pluto Digital Assets","AU21 Capital","MV Global","More Details"
"TaleCraft","CRAFT","https://icodrops.com/talecraft/","$0.000982","0.40%","$11.65 K","$29.46 K","$6.88 K","0.28","0.01x","$3.33 M","Nov 27, 2021","ZBS Capital","Avalanche Foundation","AVentures DAO","More Details"
"IX Token","IXT","https://icodrops.com/ix-token/","$0.127","0.00%","$15.25 K","$19.45 M","$16.69 M","—","0.09x","—","Nov 26, 2021","","","",""
"Dtravel","TRVL","https://icodrops.com/dtravel/","$0.002074","5.57%","$207.2 K","$2.07 M","$864.13 K","0.09","0.02x","$8.36 M","Nov 26, 2021","HTX Ventures (previously Huobi Ventures)","AU21 Capital","DHVC","More Details"
"Starcoin","STC","https://icodrops.com/starcoin/","$0.000927","1.27%","$16.7 K","$2.92 M","$340.95 K","0.2","0.01x","$100.2 K","Nov 26, 2021","","","",""
"Vader Protocol","VADER","https://icodrops.com/vader-protocol/","$0.00000865","","$32.49","$216.25 K","—","0.032","0.09x","$2.19 M","Nov 26, 2021","","","",""
"CHEQD Network","CHEQ","https://icodrops.com/cheqd-network/","$0.00893","1.13%","$349.64 K","$11.1 M","$8.64 M","—","0.01x","$3.3 M","Nov 26, 2021","Bixin Ventures","Double Peak","Outlier Ventures","More Details"
"Kujira","KUJI","https://icodrops.com/kujira/","$0.04794","-9.96%","$376.21","$5.85 M","$5.87 M","—","0.02x","—","Nov 26, 2021","","","",""
"Euler","EUL","https://icodrops.com/euler/","$2.92","-0.09%","$2.11 M","$78.53 M","$54.56 M","—","0.64x","$40.8 M","Nov 26, 2021","Jump Crypto","Paradigm","CMT Digital","More Details"
"Holoride","RIDE","https://icodrops.com/holoride/","$0.0003691","3.01%","$11.9 K","$368.92 K","$324.77 K","0.04","0.01x","$17.9 M","Nov 26, 2021","Morningstar Ventures","Vendetta Capital","Woodstock Fund","More Details"
"Bemil","BEM","https://icodrops.com/bemil/","$0.00001102","3.11%","$31.69","$11.01 K","$11.02 K","0.01","0.01x","$1.9 M","Nov 25, 2021","Spark Digital Capital","Vendetta Capital","DAO Maker","More Details"
"Zenlink","ZLK","https://icodrops.com/zenlink/","$0.001266","4.32%","$0.08","$90.98 K","$68.94 K","2","0.01x","$1.2 M","Nov 25, 2021","Continue Capital","HashKey Capital","Hypersphere Ventures","More Details"
"Real Realm","REAL","https://icodrops.com/real-realm/","$0.00003742","-0.40%","$11.97 K","$4.24 K","—","0.0125","0.01x","$1.64 M","Nov 25, 2021","AU21 Capital","Lotus capital","Alpha Moon Capital","More Details"
"EarthFund","1Earth","https://icodrops.com/earthfund/","$0.0001299","7.77%","$12.73 K","$122.9 K","$9.45 K","0.029","0.01x","$1.3 M","Nov 24, 2021","","","",""
"DeFi Land","DFL","https://icodrops.com/defi-land/","$0.00004778","3.29%","$17.86 K","$464 K","$341.02 K","0.005","0.01x","$4.55 M","Nov 24, 2021","Jump Capital","Rarestone Capital","3Commas","More Details"
"EVERY GAME","EGAME","https://icodrops.com/every-game/","$0.00000432","-3.32%","$11.83 K","$36.65 K","—","0.005","0.01x","$50 K","Nov 23, 2021","HTX Ventures (previously Huobi Ventures)","Celo","DaoStarter","More Details"
"Wolf Game","WOOL","https://icodrops.com/wolf-game/","$0.00000815","-37.54%","$26.03","$623.61","—","—","0.01x","—","Nov 23, 2021","","","",""
"SonarWatch","SONAR","https://icodrops.com/sonarwatch/","$0.003553","4.28%","$2","$354.89 K","—","0.2","0.02x","$700 K","Nov 22, 2021","HTX Ventures (previously Huobi Ventures)","Solana Ventures","Genblock Capital","More Details"
"Elpis Battle","EBA","https://icodrops.com/elpis-battle/","$0.001291","0.92%","$212.01","$603.63 K","$28.62 K","0.03","0.04x","$2.45 M","Nov 22, 2021","Hashed","Arche Fund","Kyros Ventures","More Details"
"Gold Fever","NGL","https://icodrops.com/gold-fever/","$0.000677","","$1.47 K","$135.4 K","$27.75 K","0.14","0.01x","$4.17 M","Nov 21, 2021","","","",""
"Apricot Finance","APR","https://icodrops.com/apricot-finance/","$0.00008971","2.86%","$0.09","$87.82 K","$14.76 K","0.3","0.01x","$16.8 M","Nov 20, 2021","CMS Holdings","Lemniscap","Solana Ventures","More Details"
"ConstitutionDAO","PEOPLE","https://icodrops.com/constitutiondao/","$0.009821","3.43%","$14.35 M","$49.86 M","$49.7 M","0.0493","0.2x","$22.04 M","Nov 19, 2021","Chris Dixon","","",""
"Aurora","AURORA","https://icodrops.com/aurora/","$0.04696","1.60%","$355.76 K","$46.66 M","$31.33 M","1","0.05x","$17.77 M","Nov 19, 2021","Electric Capital","Pantera Capital","Dragonfly Capital","More Details"
"Numbers Protocol","NUM","https://icodrops.com/numbers/","$0.008826","5.80%","$127.62 K","$7.68 M","$7.57 M","0.04","0.22x","$6.53 M","Nov 19, 2021","YZi Labs (prev Binance Labs)","DAO Maker","Protocol Labs",""
"Dexsport","DESU","https://icodrops.com/dexsport/","$0.01151","0.09%","$575.41","$7.58 M","$2.25 M","0.0225","0.51x","$2.66 M","Nov 18, 2021","Black Dragon","BSCPad","DAO Ventures","More Details"
"Genopets","GENE","https://icodrops.com/genopets/","$0.005209","0.06%","$1.21 K","$499.3 K","$455.93 K","0.8","0.01x","$10.7 M","Nov 18, 2021","Pantera Capital","CMS Holdings","CMT Digital","More Details"
"Fabwelt","WELT","https://icodrops.com/fabwelt/","$0.00007817","-1.27%","$22.88","$39.09 K","$17.9 K","0.014","0.01x","$1.03 M","Nov 17, 2021","Shima Capital","Moonwhale Ventures","Banter Capital","More Details"
"Velhalla","SCAR","https://icodrops.com/velhalla/","$0.00003102","2.14%","$10.8","$308.14 K","$88.36 K","0.001","0.03x","$325 K","Nov 16, 2021","","","",""
"FC Porto Fan Token","PORTO","https://icodrops.com/fc-porto-fan-token/","$1.054","","$922.38 K","$42.08 M","$11.94 M","1","1.06x","$4 M","Nov 16, 2021","","","",""
"xx network","xx coin","https://icodrops.com/xx-network/","$0.04154","3.32%","$59.95 K","$39.56 M","—","0.36","0.12x","$26.73 M","Nov 16, 2021","Chris Larsen","","",""
"ParaSwap","PSP","https://icodrops.com/paraswap/","$0.01586","270.45%","$1.04 K","$28.55 M","$11.82 M","0.0096","1.65x","$5.7 M","Nov 15, 2021","Blockchain Capital","Alliance","Arrington Capital","More Details"
"HowlCity","HWL","https://icodrops.com/howlcity/","$0.0000234","-0.26%","$16.88","$12.65 K","—","0.025","0.01x","$2.17 M","Nov 15, 2021","AU21 Capital","Lotus capital","x21 Digital","More Details"
"ASPO World","ASPO","https://icodrops.com/aspo-world/","$0.0009062","-0.21%","$1.9","$453.1 K","$72.44 K","0.05","0.02x","$250 K","Nov 14, 2021","Vendetta Capital","ZBS Capital","GEM Capital","More Details"
"UXD Protocol","UXP","https://icodrops.com/uxd-protocol/","$0.00006782","4.66%","$0.2","$474.74 K","$474.74 K","0.19","0.01x","$60.1 M","Nov 14, 2021","Multicoin Capital","CMS Holdings","Alameda Research","More Details"
"Elemon","ELMON","https://icodrops.com/elemon/","$0.0004783","2.15%","$68.98","$935.4 K","$308.46 K","0.009","0.05x","$2.29 M","Nov 13, 2021","x21 Digital","Basics Capital","Fomocraft Ventures","More Details"
"Crabada","CRA","https://icodrops.com/crabada/","$0.0001332","-0.15%","$1.46","$133.2 K","$47.42 K","0.018","0.01x","$1.68 M","Nov 13, 2021","SkyVision Capital","Zee Prime Capital","Avalanche Foundation","More Details"
"Defactor","FACTR","https://icodrops.com/defactor/","$0.01136","-3.20%","$66.1 K","$3.4 M","$3.39 M","0.07","0.16x","$14.2 M","Nov 13, 2021","BD Venture","COSIMO Ventures","Dutch Crypto Investors (DCI)","More Details"
"Cryowar","CWAR","https://icodrops.com/cryowar/","$0.0008315","-1.17%","$11.64 K","$831.5 K","$216.19 K","0.028","0.03x","$3.04 M","Nov 12, 2021","Mechanism Capital","Vendetta Capital","Animoca Brands","More Details"
"Boba","BOBA","https://icodrops.com/boba/","$0.04177","0.51%","$357.78 K","$20.92 M","$20.62 M","—","0.04x","$115 M","Nov 12, 2021","Alliance","Crypto.com","Hack VC","More Details"
"Good Games Guild","GGG","https://icodrops.com/good-games-guild/","$0.001302","5.44%","$12.33 K","$112.5 K","$52.08 K","0.3","0.01x","$2.09 M","Nov 12, 2021","OKX Ventures","AU21 Capital","Drops Ventures","More Details"
"PlayPad","PPAD","https://icodrops.com/playpad/","$0.0003028","-2.29%","$12.9 K","$27.18 K","—","0.055","0.01x","$825 K","Nov 11, 2021","Big Brain Holdings","Skynet Trading","2A Ventures","More Details"
"StarLaunch","STARS","https://icodrops.com/starlaunch/","$0.00425","0.15%","$41.33","$424.6 K","—","0.0667","0.06x","$2 M","Nov 10, 2021","","","",""
"PulsePad","PLSPAD","https://icodrops.com/pulsepad/","$0.0001312","-0.15%","$12 K","$653.12 K","$21.74 K","0.001","0.13x","$710 K","Nov 10, 2021","","","",""
"Aleph Zero","AZERO","https://icodrops.com/aleph-zero/","$0.01073","-2.61%","$124.83 K","$3.6 M","$2.86 M","1.2","0.01x","$20.95 M","Nov 10, 2021","Node Capital","Genblock Capital","Kyros Ventures","More Details"
"Project SEED","SHILL","https://icodrops.com/project-seed/","$0.0001087","0.21%","$11.79 K","$108.7 K","$38.81 K","0.025","0.01x","$3.4 M","Nov 9, 2021","HTX Ventures (previously Huobi Ventures)","Solana Ventures","Vendetta Capital","More Details"
"Phoenix Global","PHB","https://icodrops.com/phoenix-global/","$0.2608","-1.13%","$2.19 M","$15.99 M","$15.97 M","—","0.29x","$39.51 M","Nov 9, 2021","","","",""
"The Ethereum Name Service","ENS","https://icodrops.com/the-ethereum-name-service/","$9.9","-0.20%","$21.15 M","$942 M","$378.11 M","—","0.55x","$1 M","Nov 9, 2021","Ethereum Foundation","ChainLink","Ethereum Classic Labs","More Details"
"Galactic Arena","GAN","https://icodrops.com/galactic-arena/","$0.00003766","2.06%","$12.72 K","$30.48 K","—","0.005","0.01x","$1.23 M","Nov 8, 2021","OIG Oracles Investment Group","ApeSwap","Lighthouse ventures","More Details"
"Cere Network","CERE","https://icodrops.com/cere-network/","$0.0003636","-0.30%","$87.6 K","$3.64 M","$2.52 M","0.024","0.02x","$93.93 M","Nov 8, 2021","YZi Labs (prev Binance Labs)","Arrington Capital","BlockVc","More Details"
"PixelVerse","PIXEL","https://icodrops.com/pixelverse/","$0.00004301","3.61%","$12.59 K","$43.01 K","—","0.015","0.01x","$1.82 M","Nov 7, 2021","Moonwhale Ventures","OIG Oracles Investment Group","Almora Capital","More Details"
"Sator","SAO","https://icodrops.com/sator/","$0.0001374","-3.30%","$11.99 K","$68.7 K","$7.55 K","0.044","0.01x","$2.05 M","Nov 7, 2021","CMT Digital","Morningstar Ventures","Axia8 Ventures","More Details"
"Merit Circle","MC","https://icodrops.com/merit-circle/","$0.04455","0.33%","$31.54","$29.93 M","$530.44 K","3.2","0.01x","$110.14 M","Nov 5, 2021","YZi Labs (prev Binance Labs)","BitScale Capital","DeFiance Capital","More Details"
"Immutable X","IMX","https://icodrops.com/immutable-x/","$0.2437","0.69%","$9.07 M","$489.4 M","$484.71 M","0.16","1.53x","$298.56 M","Nov 5, 2021","Framework Ventures","Arrington Capital","BITKRAFT Ventures","More Details"
"Bit2Me","B2M","https://icodrops.com/bit2me/","$0.01158","0.03%","$34.87 K","$57.42 M","$34.21 M","—","0.09x","$50.68 M","Nov 4, 2021","Yield Guild Games (YGG)","Cardano Foundation","Inveready","More Details"
"Angle","ANGLE","https://icodrops.com/angle/","$0.01558","5.83%","$138.66","$15.6 M","$3.14 M","—","0.01x","$5.56 M","Nov 4, 2021","Andreessen Horowitz (a16z)","Divergence Ventures","Fabric Ventures","More Details"
"Mines Of Dalarnia","DAR","https://icodrops.com/mines-of-dalarnia/","$0.0149","-1.28%","$1.07 M","$11.7 M","$11.08 M","0.075","0.2x","$3.66 M","Nov 4, 2021","BitScale Capital","Crypto.com","Animoca Brands","More Details"
"DOSE Token","DOSE","https://icodrops.com/dose-token/","$0.00000809","2.98%","$371.3","$40.4 K","$6.91 K","0.03","0.01x","$3.22 M","Nov 3, 2021","Yield Guild Games (YGG)","Animoca Brands","Everest Ventures","More Details"
"GooseFX","GOFX","https://icodrops.com/goosefx/","$0.0000391","","$2.75","$27.18 K","$14.78 K","0.13","0.01x","$4.85 M","Nov 3, 2021","Animoca Brands","Bixin Ventures","Double Peak","More Details"
"Zam.io","ZAM","https://icodrops.com/zamio/","$0.00003769","0.07%","$1.24 K","$2.56 K","—","0.03","0.01x","$3.51 M","Nov 3, 2021","Gate.io","OIG Oracles Investment Group","Alves Ventures","More Details"
"Gaia Everworld","GAIA","https://icodrops.com/gaia-everworld/","$0.0001727","-0.73%","$16.36","$86.75 K","$72.96 K","0.16","0.01x","$4.59 M","Nov 2, 2021","AU21 Capital","Momentum 6","Shima Capital","More Details"
"Dreams Quest","DREAMS","https://icodrops.com/dreams-quest/","$0.000112","0.96%","$115.97 K","$186.93 K","$175.18 K","0.012","0.01x","$3.12 M","Nov 2, 2021","AU21 Capital","Momentum 6","Black Dragon","More Details"
"Gains Network","GNS","https://icodrops.com/gains-network/","$1.122","-0.74%","$3.16 M","$29.36 M","$29.47 M","—","1.13x","$250 K","Nov 2, 2021","P2 Ventures","","",""
"Meta Doge","MTDU","https://icodrops.com/meta-doge/","$0","-0.08%","$9.1","$28.3 K","$14.5 K","0.01","0.01x","$898.2 K","Nov 1, 2021","Gate.io","AceStarter","Babylons","More Details"
"Vodra","VDR","https://icodrops.com/vodra/","$0.0007571","3.54%","$12.14 K","$1.51 M","—","0.0115","0.07x","$1.29 M","Oct 31, 2021","P2 Ventures","Skynet Trading","BBS Finance","More Details"
"Swash","SWASH","https://icodrops.com/swash/","$0.001839","0.23%","$14.98 K","$1.83 M","$1.83 M","0.09","0.02x","$11.71 M","Oct 31, 2021","Bixin Ventures","Gate.io","Outlier Ventures","More Details"
"Pontoon","TOON","https://icodrops.com/pontoon/","$0.00001758","-1.09%","$51.46 K","$1.74 K","$413.27","0.35","0.01x","$3.93 M","Oct 29, 2021","Morningstar Ventures","Draper Dragon","Genblock Capital","More Details"
"Scallop","SCLP","https://icodrops.com/scallop/","$0.01177","0.73%","$1.22","$1.18 M","$760.14 K","0.15","0.08x","$2.46 M","Oct 28, 2021","Spark Digital Capital","AU21 Capital","Magnus Capital","More Details"
"NFT Champions","CHAMP","https://icodrops.com/nft-champions/","$0.00006047","-8.18%","$1","$60.47 K","$60.47 K","0.01","0.01x","$1.6 M","Oct 28, 2021","Gate.io","CG-ART","Sigma Studios","More Details"
"Clearpool","CPOOL","https://icodrops.com/clearpool/","$0.03764","16.36%","$21.98 M","$34.12 M","$32.53 M","0.04","0.83x","$3.25 M","Oct 28, 2021","Arrington Capital","FBG Capital","HashKey Capital","More Details"
"MetaWars","WARS","https://icodrops.com/metawars/","$0.00005177","-0.02%","$1.71","$77.59 K","$3.81 K","0.008","0.01x","$2.55 M","Oct 27, 2021","Boxmining","Double Peak","Magnus Capital","More Details"
"Fei Protocol","Tribe / Fei (Stable)","https://icodrops.com/fei-protocol/","$0.9882","-0.05%","$22.66 K","$3.6 M","$3.34 M","—","0.99x","$19 M","Oct 27, 2021","Andreessen Horowitz (a16z)","Framework Ventures","Variant","More Details"
"OneArt","1ART","https://icodrops.com/oneart/","$0.0002269","1.68%","$30.64","$105.79 K","$32.54 K","0.1","0.01x","$1.81 M","Oct 26, 2021","Digital Strategies","Gate.io","GBV Capital","More Details"
"Baked Token","BAKED","https://icodrops.com/baked-token/","$0.00035","0.19%","$11.24 K","$104.76 K","$24.43 K","0.03","0.01x","$1.42 M","Oct 26, 2021","AU21 Capital","MV Global","x21 Digital","More Details"
"Aurory","AURY","https://icodrops.com/aurory/","$0.07475","-2.47%","$9.49 K","$7.38 M","$5.62 M","15.55","0.01x","$108.85 M","Oct 26, 2021","Ascensive Assets","CMS Holdings","Solana Ventures","More Details"
"Marnotaur","TAUR","https://icodrops.com/marnotaur/","$0.001079","20.60%","$13.02 K","$161.85 K","—","0.047","0.02x","$1.65 M","Oct 25, 2021","Pluto Digital Assets","ZBS Capital","Metrix Capital","More Details"
"BloXmove","BLXM","https://icodrops.com/bloxmove/","$0.00107","","$22.48","$53.5 K","$18.07 K","0.8","0.01x","$3.3 M","Oct 23, 2021","CoinIX","MV Global","AW3 Labs","More Details"
"Lazio Fan Token","LAZIO","https://icodrops.com/lazio-fan-token/","$1.006","-0.40%","$1.05 M","$40.24 M","$12.2 M","1","1x","$4 M","Oct 21, 2021","","","",""
"Roco Finance","ROCO","https://icodrops.com/roco-finance/","$0.01009","-0.30%","$6.86","$1.01 M","$174.54 K","0.12","0.08x","$4.2 M","Oct 21, 2021","HTX Ventures (previously Huobi Ventures)","Gate.io","Momentum 6","More Details"
"XCarnival","XCV","https://icodrops.com/xcarnival/","$0.0004763","0.40%","$69.56 K","$475 K","$376.58 K","0.0111","0.04x","$2 M","Oct 20, 2021","Fundamental Labs","Everest Ventures","Gate.io","More Details"
"King Shiba","KINGSHIB","https://icodrops.com/king-shiba/","$0.0003742","33.00%","$44.41 K","$156.01 K","$130.98 K","0.075","0.01x","$190 K","Oct 20, 2021","","","",""
"Braintrust","BTRST","https://icodrops.com/braintrust/","$0.125","0.55%","$71.1 K","$30.45 M","$30.17 M","8","0.02x","$141.81 M","Oct 20, 2021","IDEO CoLab Ventures","Multicoin Capital","Pantera Capital","More Details"
"ShoeFy","SHOE","https://icodrops.com/shoefy/","$0.0006954","63.42%","$14.54 K","$69.15 K","$9.05 K","0.4","0.01x","$4.7 M","Oct 19, 2021","AU21 Capital","Gate.io","Basics Capital","More Details"
"SSV Network","SSV","https://icodrops.com/ssv-network/","$3.991","3.77%","$6.19 M","$59.93 M","$59.39 M","—","0.21x","$10 M","Oct 19, 2021","Amber Group","Coinbase Ventures","Digital Currency Group (DCG)","More Details"
"Sinverse","SIN","https://icodrops.com/sinverse/","$0.0003127","1.39%","$117.92 K","$313.2 K","$267.65 K","0.02","0.02x","$4.76 M","Oct 17, 2021","AU21 Capital","Gate.io","Magnus Capital","More Details"
"Internet of Energy Network","IOEN","https://icodrops.com/internet-of-energy-network/","$0.0005089","1.43%","$11.97 K","$507.2 K","$161.35 K","0.025","0.02x","$2.77 M","Oct 16, 2021","AU21 Capital","P2 Ventures","Black Dragon","More Details"
"DAOSquare","RICE","https://icodrops.com/daosquare/","$0.003482","24.18%","$20.23 K","$349.7 K","—","0.2","0.02x","$13.13 M","Oct 16, 2021","CMS Holdings","HashKey Capital","IOSG Ventures","More Details"
"Socean","SCNSOL","https://icodrops.com/socean/","$177.51","2.97%","$521.26 K","$118.58 M","$38.73 M","—","1.2x","$5.75 M","Oct 15, 2021","CMS Holdings","Dragonfly Capital","Jump Capital","More Details"
"Ore Network","ORE","https://icodrops.com/ore-network/","$0.0002386","2.64%","$20.42","$250.16 K","$134.36 K","0.15","0.01x","$450 K","Oct 15, 2021","","","",""
"Highstreet","HIGH","https://icodrops.com/highstreet/","$0.2181","-0.56%","$4.16 M","$21.67 M","$17.04 M","14.29","0.02x","$11.45 M","Oct 15, 2021","YZi Labs (prev Binance Labs)","HTX Ventures (previously Huobi Ventures)","Mechanism Capital","More Details"
"Nakamoto Games","NAKA","https://icodrops.com/nakamoto-games/","$0.07139","0.91%","$652.92 K","$12.86 M","$6.77 M","0.18","0.4x","$17.98 M","Oct 15, 2021","P2 Ventures","x21 Digital","ZBS Capital","More Details"
"Blockchain Monster Hunt","BCMC","https://icodrops.com/blockchain-monster-hunt/","$0.0005838","-3.34%","$554.86","$611.19 K","$142.13 K","0.09","0.01x","$4.26 M","Oct 14, 2021","Morningstar Ventures","Animoca Brands","P2 Ventures","More Details"
"FireStarter","FLAME","https://icodrops.com/firestarter/","$0.002364","0.05%","$167.9 K","$233.87 K","$162.03 K","0.06","0.04x","$1.41 M","Oct 14, 2021","G-Eazy","Ghastly","Jauz","More Details"
"HappyFans","HAPPY","https://icodrops.com/happyfans/","$0.00000009","2.12%","$6.95","$9.1 K","$2.6 K","0.000065","0.01x","$1.9 M","Oct 14, 2021","","","",""
"DecentraWeb","DWEB","https://icodrops.com/decentraweb/","$0.001964","-1.71%","$209.13","$195.89 K","$98.93 K","0.12","0.02x","$2.65 M","Oct 13, 2021","","","",""
"Defina","FINA","https://icodrops.com/defina/","$0.0006495","-0.98%","$36.78","$66.32 K","$63.46 K","0.4","0.01x","$685 K","Oct 12, 2021","HTX Ventures (previously Huobi Ventures)","OKX Ventures","Moonwhale Ventures","More Details"
"Botto","BOTTO","https://icodrops.com/botto/","$0.0654","3.12%","$67.86 K","$6.11 M","$3.19 M","—","0.09x","$1.67 M","Oct 9, 2021","1kx","Variant","Collab+Currency",""
"Waggle Network","WAG","https://icodrops.com/waggle-network/","$0.0002562","-0.15%","$12 K","$25.76 K","$1.86 K","0.25","0.01x","$3.25 M","Oct 9, 2021","Spark Digital Capital","TRGC","AU21 Capital","More Details"
"Warena","RENA","https://icodrops.com/warena/","$0.0002847","-0.22%","$11.85 K","$28.47 K","$1.95 K","0.17","0.01x","$1.9 M","Oct 9, 2021","YZi Labs (prev Binance Labs)","Animoca Brands","DAO Maker","More Details"
"AstroSwap","ASTRO","https://icodrops.com/astroswap/","$0.00001196","6.28%","$41.58","$45.4 K","$40.98 K","0.00095","0.01x","$1.15 M","Oct 7, 2021","BlueZilla","","",""
"Bloktopia","BLOK","https://icodrops.com/bloktopia/","$0.00009182","-0.54%","$117.08 K","$7.23 M","$2.3 M","0.00025","0.36x","$8.39 M","Oct 7, 2021","Animoca Brands","AU21 Capital","Genblock Capital","More Details"
"FUFU","FUFU","https://icodrops.com/fufu/","$0.00001259","0.96%","$34.88","$10.39 K","$10.07 K","0.02","0.01x","$1.9 M","Oct 6, 2021","Morningstar Ventures","Boxmining","GBV Capital","More Details"
"YouClout","YCT","https://icodrops.com/youclout/","$0.00002694","-1.68%","$12.95 K","$26.94 K","—","0.035","0.01x","$2.77 M","Oct 6, 2021","FMFW","AU21 Capital","Gate.io","More Details"
"Continuum World","UM","https://icodrops.com/continuum-world/","$0.00005617","2.02%","$47.3","$55.22 K","—","0.015","0.01x","$2.39 M","Oct 5, 2021","Pluto Digital Assets","AU21 Capital","P2 Ventures","More Details"
"Green Beli","GRBE","https://icodrops.com/green-beli/","$0.0003991","","$11.47 K","$399.1 K","—","0.008","0.05x","$1.16 M","Oct 5, 2021","AU21 Capital","Momentum 6","x21 Digital","More Details"
"My Master War","MAT","https://icodrops.com/my-master-war/","$0.001412","2.17%","$97.63","$140.3 K","$136.1 K","0.12","0.01x","$1.5 M","Oct 5, 2021","Morningstar Ventures","Animoca Brands","Icetea Labs (Icetea.io)","More Details"
"Brokoli Network","BRKL","https://icodrops.com/brokoli-network/","$0.0028","2.11%","$12.68 K","$350.75 K","$149.72 K","0.064","0.04x","$2.25 M","Oct 5, 2021","DAO Maker","Gate.io","CoinBurp","More Details"
"Jax.Network","WJXN","https://icodrops.com/jax-network/","$0.008975","2.53%","$34.23","$359.86 K","—","—","0.01x","—","Oct 4, 2021","","","",""
"Enjinstarter","EJS","https://icodrops.com/enjinstarter/","$0.00002648","-2.41%","$10.66","$130.59 K","$109.57 K","0.008","0.01x","$10.93 M","Oct 3, 2021","AU21 Capital","Momentum 6","ArkStream Capital","More Details"
"GameZone","GZONE","https://icodrops.com/gamezone/","$0.001511","-0.89%","$11.75 K","$1.27 M","$1.27 M","0.005","0.3x","$550 K","Sep 30, 2021","","","",""
"Orion Money","ORION","https://icodrops.com/orion-money/","$0.0004696","1.48%","$12.2 K","$469.5 K","$44.61 K","0.05","0.01x","$5.7 M","Sep 30, 2021","Divergence Ventures","Hashed","Node Capital","More Details"
"Allbridge","ABR","https://icodrops.com/allbridge/","$0.06741","0.59%","$7.76","$6.52 M","$1.38 M","0.2","0.34x","$125 K","Sep 30, 2021","","","",""
"Beta Finance","BETA","https://icodrops.com/beta-finance/","$0.01586","14.06%","$12.98 K","$15.9 M","$15.86 M","0.06","0.27x","$11.55 M","Sep 30, 2021","Delphi Digital (Delphi Labs)","Multicoin Capital","DeFiance Capital","More Details"
"NASDEX Token","NSDX","https://icodrops.com/nasdex-token/","$0.005537","-0.92%","$12.6 K","$433.13 K","$105.12 K","0.25","0.02x","$1.48 M","Sep 29, 2021","Gate.io","OIG Oracles Investment Group","Excalibur Capital","More Details"
"Ridotto","RDT","https://icodrops.com/ridotto/","$0.004227","124.70%","$47.17","$2.11 M","$1.33 M","0.0525","0.08x","$2.94 M","Sep 29, 2021","Magnus Capital","Black Dragon","OIG Oracles Investment Group","More Details"
"Divergence","DIVER","https://icodrops.com/divergence/","$0.006483","0.39%","$73.39 K","$6.35 M","$4.28 M","0.32","0.02x","—","Sep 28, 2021","","","",""
"Gro Protocol","GRO","https://icodrops.com/gro-protocol/","$0.02511","2.57%","$23.24","$894.19 K","$392.25 K","4.7","0.01x","$9.15 M","Sep 28, 2021","Framework Ventures","Variant","Divergence Ventures","More Details"
"Revest Finance","RVST","https://icodrops.com/revest-finance/","$0.002479","2.34%","$55.42","$247.8 K","$226.49 K","0.14","0.02x","$6.72 M","Sep 27, 2021","Kronos Research","Chainflow Capital","DeltaHub Capital","More Details"
"GemGuardian","GemG","https://icodrops.com/gemguardian/","$0.003843","1.82%","$18.06","$384.3 K","—","0.1","0.04x","$385 K","Sep 26, 2021","OIG Oracles Investment Group","Titans Ventures","DeltaHub Capital","More Details"
"Mobius Finance","MOT","https://icodrops.com/mobius-finance/","$0.0001896","7.81%","$12.41 K","$2.24 K","—","0.25","0.01x","$2.79 M","Sep 25, 2021","AU21 Capital","Chain Capital","Gate.io","More Details"
"DeFi Kingdoms","JEWEL","https://icodrops.com/defi-kingdoms/","$0.01504","0.76%","$1.07 K","$1.83 M","$1.71 M","—","0.01x","—","Sep 24, 2021","","","",""
"Opulous","OPUL","https://icodrops.com/opulous/","$0.01001","-1.14%","$241.28 K","$5.03 M","$4.45 M","0.05","0.2x","$6.45 M","Sep 23, 2021","Algorand","R3","Rand Labs","More Details"
"Flourishing AI","AI","https://icodrops.com/flourishing-ai/","$0.004075","2.75%","$14.95","$217.62 K","$96.58 K","0.12","0.03x","$1.59 M","Sep 23, 2021","ApeSwap","Bittrex","BSCPad","More Details"
"Octopus Network","OCT","https://icodrops.com/octopus-network/","$0.02741","-3.59%","$66.63 K","$2.74 M","$2.74 M","1.8","0.02x","$15.05 M","Sep 23, 2021","Electric Capital","Ascensive Assets","Continue Capital","More Details"
"Forest Knight","KNIGHT","https://icodrops.com/forest-knight/","$0.00448","-0.52%","$376.71","$455.19 K","$213.3 K","0.15","0.03x","$335 K","Sep 22, 2021","Animoca Brands","Double Peak","Gate.io","More Details"
"handle.fi","FOREX","https://icodrops.com/handle-fi/","$0.0003304","20.64%","$12.27 K","$138.43 K","$37.72 K","0.21","0.01x","$4.41 M","Sep 21, 2021","CMS Holdings","Lemniscap","mgnr.io","More Details"
"Thales","THALES","https://icodrops.com/thales/","$0.2852","1.89%","$290.08","$28.49 M","$18.31 M","2.5","0.11x","$7.5 M","Sep 20, 2021","Framework Ventures","IOSG Ventures","The Lao","More Details"
"Larix","LARIX","https://icodrops.com/larix/","$0.0000171","-0.15%","$33.33","$170.9 K","—","0.0075","0.01x","$200 K","Sep 19, 2021","FBG Capital","Fenbushi Capital","HTX Ventures (previously Huobi Ventures)","More Details"
"Parrot","PRT","https://icodrops.com/parrot/","$0.00002799","1.60%","$0.67","$62.01 K","—","0.037","0.01x","$89.77 M","Sep 19, 2021","mgnr.io","Ryze Labs (Sino Global Capital)","Arche Fund","More Details"
"Radix DLT","RADIX","https://icodrops.com/radix-dlt/","$0.00156","0.53%","$174.37 K","$37.44 M","$20.79 M","0.039","0.04x","$28.7 M","Sep 18, 2021","DWF Labs","LocalGlobe","Wise","More Details"
"Vee.Finance","VEE","https://icodrops.com/vee-finance/","$0.00001188","0.85%","$20.3","$119.1 K","—","0.01","0.01x","$7.5 M","Sep 17, 2021","FBG Capital","HTX Ventures (previously Huobi Ventures)","Gate.io","More Details"
"Monsta Infinite","MONI","https://icodrops.com/monsta-infinite/","$0.001889","0.27%","$66.11 K","$515.7 K","$416.66 K","0.2","0.01x","$4.43 M","Sep 16, 2021","MV Global","x21 Digital","OIG Oracles Investment Group","More Details"
"Paribus","PBX","https://icodrops.com/paribus/","$0.00004074","5.89%","$15.03 K","$379.27 K","$306.03 K","0.0003","0.14x","$997 K","Sep 16, 2021","Foundation Capital","General Catalyst","x21 Digital","More Details"
"Tracer","TCR","https://icodrops.com/tracer/","$0.0001912","3.13%","$48.3","$191.2 K","$134.65 K","0.075","0.01x","$8.25 M","Sep 16, 2021","Framework Ventures","0xMaki","The Lao","More Details"
"Torum","XTM","https://icodrops.com/torum/","$0.001872","3.12%","$61.46 K","$1.5 M","$363.35 K","0.06","0.03x","$2.25 M","Sep 16, 2021","HTX Ventures (previously Huobi Ventures)","AU21 Capital","Chain Capital","More Details"
"Integral","ITGR","https://icodrops.com/integral/","$0.001855","2.38%","$11.72 K","$555.25 K","$406.32 K","0.92","0.01x","$35.77 M","Sep 15, 2021","","","",""
"XP Network","XPNET","https://icodrops.com/xp-network/","$0.000265","1.99%","$358.88","$264.8 K","$34.95 K","0.02","0.01x","$5.56 M","Sep 15, 2021","AU21 Capital","Kosmos Ventures","Magnus Capital","More Details"
"Realm","REALM","https://icodrops.com/realm/","$0.00001897","-49.26%","$0.03","$18.97 K","$18.52 K","0.03","0.01x","$2.88 M","Sep 15, 2021","Moonrock Capital","GBV Capital","NGC Ventures","More Details"
"Grape Protocol","GRAPE","https://icodrops.com/grape-protocol/","$0.0001063","-2.02%","$0.96","$7.71 K","—","0.02","0.01x","$1.8 M","Sep 15, 2021","Multicoin Capital","Double Peak","LongHash Ventures","More Details"
"CryptoMines Eternal","ETERNAL","https://icodrops.com/cryptomines-eternal/","$0.03739","0.74%","$365.57","$187.05 K","—","670","0.01x","$535.7 K","Sep 14, 2021","","","",""
"GMX","GMX","https://icodrops.com/gmx/","$8.4","-1.41%","$2.63 M","$86.96 M","$87.06 M","0.82","10.27x","$14.5 M","Sep 13, 2021","Arbitrum Foundation","Avalanche Foundation","",""
"Aladdin DAO","ALD","https://icodrops.com/aladdin-dao/","$0.0236","1.40%","$14.87 K","$3.54 M","$3.54 M","—","0.03x","—","Sep 10, 2021","1kx","Multicoin Capital","Polychain Capital","More Details"
"Copycat Finance","COPYCAT","https://icodrops.com/copycat-finance/","$0.001609","1.19%","$72.37","$321.4 K","—","0.17","0.01x","$983.46 K","Sep 10, 2021","YZi Labs (prev Binance Labs)","","",""
"PolkaFantasy","XP","https://icodrops.com/polkafantasy/","$0.005941","0.08%","$269.5 K","$83.42 K","—","0.05","0.12x","$1.66 M","Sep 10, 2021","Morningstar Ventures","AU21 Capital","Evernew Capital","More Details"
"YAY.games","YAY","https://icodrops.com/yay-games/","$0.0002142","-3.18%","$666.81","$214 K","$134.46 K","0.011","0.02x","$1.9 M","Sep 8, 2021","AU21 Capital","Black Dragon","MEXC Global (Privcode Capital)","More Details"
"IXS (IX Swap)","IXS","https://icodrops.com/ix-swap/","$0.143","8.60%","$162.57 K","$25.74 M","$25.74 M","0.39","0.37x","$2.74 M","Sep 8, 2021","AU21 Capital","Faculty Capital","Baksh Capital","More Details"
"WagyuSwap","WAG","https://icodrops.com/wagyuswap/","$0.0003785","-0.04%","$124.56","$189.25 K","$20.5 K","0.01","0.04x","$225 K","Sep 7, 2021","","","",""
"Dope Wars Paper","PAPER","https://icodrops.com/dope-wars-paper/","$0.0001727","14.48%","$50.51","$245.21 K","$156.76 K","—","0.01x","—","Sep 6, 2021","1kx","","",""
"Talken","TALK","https://icodrops.com/talken/","$0.003504","-2.24%","$91.82 K","$1.75 M","$1.22 M","1.25","0.01x","$1.05 M","Sep 6, 2021","FBG Capital","HTX Ventures (previously Huobi Ventures)","Gate.io","More Details"
"NFT Launch","NFTL","https://icodrops.com/nft-launch/","$0.0007656","1.71%","$137.6","$771.2 K","$103.36 K","0.0015","0.51x","$363.75 K","Sep 3, 2021","","","",""
"Crypto Raiders","RAIDER","https://icodrops.com/crypto-raiders/","$0.002027","1.64%","$202.92","$202.7 K","$71.18 K","1.2","0.01x","$6 M","Sep 3, 2021","Delphi Digital (Delphi Labs)","DeFiance Capital","Merit Circle","More Details"
"Vega Protocol","VEGA","https://icodrops.com/vega-protocol/","$0.0009043","5.17%","$43.64","$66.56 K","$56.11 K","15","0.01x","$59.85 M","Sep 3, 2021","Pantera Capital","Alliance","Arrington Capital","More Details"
"Adventure Gold","AGLD","https://icodrops.com/adventure-gold/","$0.2698","-0.07%","$5.63 M","$24.88 M","$23.37 M","—","0.59x","—","Sep 2, 2021","","","",""
"NearPad","PAD","https://icodrops.com/nearpad/","$0.0004821","-0.69%","$15.84","$72.27 K","$15.57 K","0.25","0.01x","$2.95 M","Sep 2, 2021","Genblock Capital","NGC Ventures","LD Capital","More Details"
"Wanaka","WANA","https://icodrops.com/wanaka/","$0.001691","-1.95%","$21.03","$844.44 K","$293.42 K","—","0.01x","—","Sep 1, 2021","","","",""
"Wanaka Farm","WANA","https://icodrops.com/wanaka-farm/","$0.001691","-1.95%","$21.03","$844.94 K","$293.42 K","0.04","0.04x","$1.46 M","Sep 1, 2021","Kyber Network","Moonwhale Ventures","Babylons","More Details"
"DeHub","DEHUB","https://icodrops.com/dehub/","$0.0006191","-1.27%","$11.58 K","$2.97 M","$2.97 M","0.001","0.62x","$400 K","Sep 1, 2021","","","",""
"Star Atlas","ATLAS","https://icodrops.com/star-atlas/","$0.0002915","1.79%","$1.17 M","$10.5 M","$6.62 M","0.0014","0.21x","$1.75 M","Sep 1, 2021","Mechanism Capital","Ryze Labs (Sino Global Capital)","Spark Digital Capital","More Details"
"Star Atlas DAO","POLIS","https://icodrops.com/star-atlas-dao/","$0.02743","4.73%","$123.88 K","$9.87 M","$8.72 M","0.14","0.2x","$996.8 K","Sep 1, 2021","Mechanism Capital","Ryze Labs (Sino Global Capital)","Spark Digital Capital","More Details"
"BaconDAO","BACON","https://icodrops.com/bacondao/","$0.0000911","-1.39%","$11.72 K","$1.52 K","—","0.04","0.01x","$895 K","Aug 31, 2021","AU21 Capital","Magnus Capital","Momentum 6","More Details"
"Pandora Protocol","PNDR","https://icodrops.com/pandora-protocol/","$0.001912","-0.48%","$9.56","$37.05 K","—","0.14","0.01x","$150 K","Aug 31, 2021","A195 Capital","Spark Digital Capital","AU21 Capital","More Details"
"CyberDragon Gold","GOLD","https://icodrops.com/cyberdragon-gold/","$0.001065","-0.16%","$33.74","$78.84 M","—","0.007","0.15x","$60 K","Aug 29, 2021","","","",""
"CrossSwap","CSWAP","https://icodrops.com/crossswap/","$0.006648","","$1.33","$132.96 K","$132.96 K","0.01","0.66x","$300 K","Aug 27, 2021","","","",""
"EPIK Prime","EPIK","https://icodrops.com/epik-prime/","$0.0001579","-23.80%","$33.25 K","$305.2 K","$202.41 K","0.012","0.01x","$4.47 M","Aug 27, 2021","Animoca Brands","Signum Capital","Garena","More Details"
"Tune.FM","JAM","https://icodrops.com/tunefm/","$0.0000602","10.46%","$34.8 K","$1.78 M","$1.79 M","—","0.01x","$20 M","Aug 27, 2021","LDA Capital","","",""
"The Open Network","TON","https://icodrops.com/the-open-network/","$1.65","-0.60%","$98.79 M","$8.5 B","$4.05 B","—","2.35x","$658 M","Aug 27, 2021","DWF Labs","Pantera Capital","Animoca Brands","More Details"
"Synthetify Token","SNY","https://icodrops.com/synthetify-token/","$0.0001479","3.94%","$12.09 K","$14.29 K","$1.71 K","1.5","0.01x","$1.05 M","Aug 24, 2021","Alliance","CMS Holdings","Divergence Ventures","More Details"
"Streamr","DATA","https://icodrops.com/streamr/","$0.005989","0.65%","$648.23 K","$7.73 M","$7.36 M","0.047","0.13x","$30.7 M","Aug 23, 2021","Fabric Ventures","Andreas Schwartz","EIT Digital Accelerator","More Details"
"X World Games","XWG","https://icodrops.com/x-world-games/","$0.00005377","-57.02%","$183.32","$532.5 K","$183.81 K","0.00048","0.11x","$1.2 M","Aug 20, 2021","FBG Capital","Chain Capital","Kyros Ventures","More Details"
"DEXTools","DEXT","https://icodrops.com/dextools/","$0.1867","0.72%","$99.77 K","$20.87 M","$13.05 M","—","0.27x","—","Aug 20, 2021","OKX Ventures","","",""
"Babylons","BABI","https://icodrops.com/babylons/","$0.0001761","2.94%","$12.04 K","$34.42 K","$16.53 K","0.04","0.01x","$1.68 M","Aug 20, 2021","Bitexen","Everse Capital","Ferrum Network","More Details"
"Polytrade","TRADE","https://icodrops.com/polytrade/","$0.05264","-1.53%","$383.87 K","$5.46 M","$2.17 M","0.15","0.35x","$11.51 M","Aug 19, 2021","DWF Labs","AU21 Capital","Axia8 Ventures","More Details"
"Bepro Network","BEPRO","https://icodrops.com/bepro-network/","$0.00005371","5.70%","$181.47 K","$537 K","$537.1 K","0.002","0.03x","$3.05 M","Aug 19, 2021","CMS Holdings","NGC Ventures","Blockground Capital","More Details"
"BENQI","QI","https://icodrops.com/benqi/","$0.003181","0.06%","$499.69 K","$22.91 M","$22.9 M","0.009","0.35x","$10.95 M","Aug 19, 2021","Arrington Capital","Ascensive Assets","Dragonfly Capital","More Details"
"SuperRare","RARE","https://icodrops.com/superrare/","$0.02181","0.58%","$2.56 M","$21.88 M","$17.98 M","0.062","0.35x","$9 M","Aug 17, 2021","1confirmation","Mark Cuban","Naval Ravikant","More Details"
"Dexlab","DXL","https://icodrops.com/dexlab/","$0.0002997","2.20%","$4.66","$299.3 K","$15.74 K","0.016","0.02x","$1.28 M","Aug 16, 2021","Axia8 Ventures","Bixin Ventures","Evernew Capital","More Details"
"Moola Market","MOO","https://icodrops.com/moola-market/","$0.0007392","","$1.29","$73.92 K","$54.53 K","0.0594","0.01x","$1.4 M","Aug 16, 2021","Polychain Capital","Greenfield One","Davoa Capital","More Details"
"BitDAO","BIT","https://icodrops.com/bitdao/","$1.11","6.96%","$778.8","$10.44 B","—","2","0.56x","$630 M","Aug 16, 2021","Pantera Capital","Dragonfly Capital","Fenbushi Capital","More Details"
"Sukhavati Network","SKT","https://icodrops.com/sukhavati-network/","$0.0005677","12.78%","$13.14 K","$351.66 K","—","0.4","0.01x","$8.05 M","Aug 13, 2021","OKX Ventures","AU21 Capital","Chain Capital","More Details"
"Mango Markets","MNGO","https://icodrops.com/mango-markets/","$0.01888","1.36%","$29.68 K","$21.18 M","$21.1 M","0.14","0.12x","$70.46 M","Aug 12, 2021","","","",""
"RaiderToken","RAIDER","https://icodrops.com/raidertoken/","$0.002134","0.10%","$38.28","$213.3 K","—","1.2","0.01x","$6 M","Aug 12, 2021","Delphi Digital (Delphi Labs)","DeFiance Capital","Merit Circle","More Details"
"Polymath","POLY","https://icodrops.com/polymath/","$0.02236","-0.35%","$6.7 K","$22.3 M","$2.45 M","0.26","0.09x","$58.72 M","Aug 11, 2021","George Burke","","",""
"hi Dollar","HI","https://icodrops.com/hi-dollar/","$0.0000471","-1.04%","$173.84","$4.71 M","$3.1 M","—","0.01x","$30 M","Aug 11, 2021","Animoca Brands","","",""
"Port Finance","PORT","https://icodrops.com/port-finance/","$0.002097","4.13%","$14.55 K","$210.2 K","$74.7 K","0.4","0.01x","$7.74 M","Aug 11, 2021","Brevan Howard","Jump Capital","Rarestone Capital","More Details"
"Buying.com","BUY","https://icodrops.com/buyingcom/","$0.002035","-4.22%","$207.93 K","$2.01 M","$675.19 K","0.025","0.08x","$5.08 M","Aug 10, 2021","","","",""
"Orca","ORCA","https://icodrops.com/orca/","$1.139","1.33%","$3.81 M","$85.42 M","$68.52 M","1.98","0.57x","$19.02 M","Aug 10, 2021","Polychain Capital","Coinbase Ventures","DeFiance Capital","More Details"
"Saber Labs","SBR","https://icodrops.com/saber-labs/","$0.000809","3.05%","$44.5 K","$80.07 K","$1.82 M","0.005","0.16x","$7.7 M","Aug 8, 2021","Multicoin Capital","CMS Holdings","Divergence Ventures","More Details"
"EQIFI","EQX","https://icodrops.com/eqifi/","$0.000263","-0.15%","$8.38 K","$136.6 K","$131.5 K","0.15","0.01x","$10 M","Aug 7, 2021","Magnus Capital","x21 Digital","Fomocraft Ventures","More Details"
"Lithium","LITH","https://icodrops.com/lithium/","$0.00000659","1.15%","$10.68","$65.9 K","$59.82 K","0.006","0.01x","$8.01 M","Aug 5, 2021","Pantera Capital","Divergence Ventures","FBG Capital","More Details"
"Landshare","LAND","https://icodrops.com/landshare/","$0.2878","0.05%","$163.04 K","$1.93 M","$1.54 M","8.54","0.03x","$750 K","Aug 5, 2021","OIG Oracles Investment Group","ICO Pantera","",""
"HoDooi.com","HOD","https://icodrops.com/hodooi-com/","$0.00009172","1.89%","$11.88 K","$91.52 K","$45.11 K","0.045","0.01x","$4.82 M","Aug 5, 2021","Morningstar Ventures","AU21 Capital","MV Global","More Details"
"Only1","LIKE","https://icodrops.com/only1/","$0.003121","-1.98%","$224.46 K","$1.56 M","$1.03 M","0.23","0.01x","$4.43 M","Aug 4, 2021","GBV Capital","Newman Capital","NGC Ventures","More Details"
"Efinity","EFI","https://icodrops.com/efinity/","$0.04169","20.98%","$10.35 K","$71.7 M","$3.62 M","0.2","0.19x","$38.9 M","Aug 4, 2021","Alliance","Arrington Capital","Blockchain.com Ventures","More Details"
"zkRace (former DeRace)","ZERC","https://icodrops.com/zkrace/","$0.01243","-1.10%","$78.79 K","$1.49 M","$1.49 M","0.05","0.25x","$2.04 M","Aug 3, 2021","CMS Holdings","mgnr.io","Animoca Brands","More Details"
"Eden Network","EDEN","https://icodrops.com/eden-network/","$0.06792","1.79%","$185.86 K","$6.8 M","$898.76 K","—","0.02x","$17.4 M","Aug 2, 2021","Multicoin Capital","Jump Capital","Wintermute","More Details"
"DFX Finance","DFX","https://icodrops.com/dfx-finance/","$0.001224","-5.15%","$121.38","$122.4 K","$53.34 K","0.46","0.01x","$5 M","Jul 31, 2021","Polychain Capital","Alliance","CMS Holdings","More Details"
"Spores Network","SPO","https://icodrops.com/spores-network/","$0.00006813","2.15%","$22.91 K","$341.05 K","$72.1 K","0.005","0.01x","$2.96 M","Jul 30, 2021","NGC Ventures","P2 Ventures","x21 Digital","More Details"
"CryptoZoon","ZOON","https://icodrops.com/cryptozoon/","$0.0004616","12.05%","$12.13 K","$461.49 K","$321.97 K","0.001","0.4x","$306 K","Jul 30, 2021","","","",""
"SafeLaunch","SFEX","https://icodrops.com/safelaunch/","$0.01601","2.31%","$5.97","$160.1 K","—","0.5","0.03x","$130.5 K","Jul 30, 2021","","","",""
"Bitgert","BRISE","https://icodrops.com/bitgert/","$0.00000003","1.23%","$647.38 K","$26.8 M","$10.6 M","0.00000017","0.15x","$3.15 M","Jul 29, 2021","","","",""
"PureFi","UFI","https://icodrops.com/purefi/","$0.003019","2.66%","$1.43","$301.9 K","$282.18 K","0.045","0.07x","$1.07 M","Jul 27, 2021","Digital Strategies","MV Global","Infinity Ventures Crypto (IVC)","More Details"
"Yield Guild Games","YGG","https://icodrops.com/yield-guild-games/","$0.06708","1.07%","$9.02 M","$67.14 M","$46.03 M","0.19","0.35x","$40.83 M","Jul 27, 2021","Andreessen Horowitz (a16z)","Delphi Digital (Delphi Labs)","DWF Labs","More Details"
"Splinterlands","SPS","https://icodrops.com/splinterlands/","$0.006415","-0.47%","$19.63 K","$17.69 M","$9.98 M","0.018","0.36x","$7.3 M","Jul 26, 2021","Yield Guild Games (YGG)","3Commas","Animoca Brands","More Details"
"Ref Finance","REF","https://icodrops.com/ref-finance/","$0.05591","-1.48%","$247.42","$5.59 M","$2.54 M","0.0457","1.22x","$5.02 M","Jul 26, 2021","Jump Crypto","Dragonfly Capital","OKX Ventures","More Details"
"Coin98 Labs","C98","https://icodrops.com/coin98-labs/","$0.02332","0.70%","$3.74 M","$23.23 M","$23.32 M","0.075","0.31x","$20.25 M","Jul 23, 2021","DWF Labs","Multicoin Capital","CoinGecko Ventures","More Details"
"ShapeShift","FOX","https://icodrops.com/shapeshift/","$0.01141","2.18%","$152.93 K","$11.3 M","$7.1 M","—","0.01x","$12.8 M","Jul 22, 2021","Blockchain Capital","Pantera Capital","Digital Currency Group (DCG)","More Details"
"Mint Club","MINT","https://icodrops.com/mint-club/","$0.004594","2.32%","$1.55 K","$2.93 M","$1.85 M","0.00002","226x","$57.6 M","Jul 21, 2021","","","",""
"Karura","KAR","https://icodrops.com/karura/","$0.009751","-0.05%","$82.98 K","$1.57 M","$1.14 M","—","0.01x","$98.11 M","Jul 20, 2021","1confirmation","Pantera Capital","Polychain Capital","More Details"
"DinoSwap","DINO","https://icodrops.com/dinoswap/","$0.000506","1.16%","$66.66","$81.17 K","$78.67 K","0.48","0.01x","$4.7 M","Jul 17, 2021","DeFiance Capital","Hashed","OKX Ventures","More Details"
"Baanx","BXX","https://icodrops.com/baanx/","$0.01741","-4.09%","$8.23 K","$4.36 M","$4.3 M","—","0.06x","$20 M","Jul 15, 2021","British Business Bank","Chiron Partners","Exodus","More Details"
"Centrifuge","CFG","https://icodrops.com/centrifuge/","$0.1144","1.29%","$461.56 K","$78.2 M","$65.66 M","0.38","0.3x","$53.83 M","Jul 14, 2021","Arrington Capital","Strobe (Prev. BlockTower Capital)","Coinbase Ventures","More Details"
"Decubate","DCB","https://icodrops.com/decubate/","$0.002865","-0.65%","$98.02 K","$2.72 M","$1.09 M","0.015","0.19x","$1.86 M","Jul 12, 2021","AU21 Capital","MV Global","Waterdrip Capital","More Details"
"OpenOcean","OOE","https://icodrops.com/openocean/","$0.002116","1.83%","$78.74 K","$2.1 M","$1.07 M","0.04","0.05x","$5.77 M","Jul 12, 2021","YZi Labs (prev Binance Labs)","Multicoin Capital","CMS Holdings","More Details"
"Thorstarter","XRUNE","https://icodrops.com/thorstarter/","$0.0009791","3.66%","$102.94","$489.55 K","$79 K","0.01","0.1x","$3 M","Jul 4, 2021","IDEO CoLab Ventures","Brilliance Ventures","True Ventures","More Details"
"Railgun","RAIL","https://icodrops.com/railgun/","$1.786","-11.24%","$302.06 K","$102.58 M","$24.09 M","—","2.63x","$10 M","Jul 3, 2021","Digital Currency Group (DCG)","","",""
"JOE","JOE","https://icodrops.com/joe/","$0.06494","-0.32%","$2.48 M","$30.26 M","$26.14 M","—","1.94x","$6.21 M","Jul 3, 2021","Delphi Digital (Delphi Labs)","DeFiance Capital","Mechanism Capital","More Details"
"StarLink","STARL","https://icodrops.com/starlink/","$0.00000025","1.88%","$22.53 K","$2.5 M","$2.49 M","0.000011","0.02x","$80.97 K","Jul 1, 2021","","","",""
"ZoidPay","ZPAY","https://icodrops.com/zoidpay/","$0.003606","-4.03%","$1.14 K","$2.52 M","$1.41 M","0.13","0.03x","—","Jul 1, 2021","","","",""
"Polker","PKR","https://icodrops.com/polker/","$0.000423","5.16%","$54.18 K","$423.9 K","$81.91 K","0.0225","0.02x","$752.25 K","Jul 1, 2021","MV Global","","",""
"SX Network","SX","https://icodrops.com/sx-network/","$0.06006","2.04%","$3.78","$60.02 M","—","—","0.13x","$9.5 M","Jun 30, 2021","CMS Holdings","Hack VC","Naval Ravikant","More Details"
"Yieldly","YLDY","https://icodrops.com/yieldly/","$0.00000233","0.87%","$2.07","$23.3 K","—","0.002","0.01x","$2.25 M","Jun 29, 2021","CMS Holdings","OKX Ventures","Kosmos Ventures","More Details"
"Floki Inu","FLOKI","https://icodrops.com/floki-inu/","$0.00004118","1.57%","$15.91 M","$398.13 M","$392.88 M","0.000046","0.9x","$6.34 M","Jun 28, 2021","DWF Labs","","",""
"Evanesco","EVA","https://icodrops.com/evanesco/","$0.0000376","3.26%","$148.31","$1.5 K","—","0.15","0.01x","$404.78 K","Jun 28, 2021","FBG Capital","OKX Ventures","Spark Digital Capital","More Details"
"Dopex","DPX","https://icodrops.com/dopex/","$3.41","","$0.34","$1.71 M","—","134","0.03x","$2.25 M","Jun 25, 2021","Tetranode","DCVC","LedgerPrime","More Details"
"VitaDAO","VITA","https://icodrops.com/vitadao/","$0.4999","-0.12%","$710.91 K","$13.99 M","$12.85 M","0.93","0.54x","$6 M","Jun 24, 2021","","","",""
"Taboo Token","TABOO","https://icodrops.com/taboo-token/","$0.00002649","2.67%","$1.1","$259.14 K","$259.14 K","0.025","0.01x","$121.22 K","Jun 24, 2021","","","",""
"Tranchess","CHESS","https://icodrops.com/tranchess/","$0.03484","1.49%","$627.56 K","$10.47 M","$7.18 M","0.1","0.35x","$1.5 M","Jun 24, 2021","YZi Labs (prev Binance Labs)","The Spartan Group","LongHash Ventures","More Details"
"COVA","COVA","https://icodrops.com/cova/","$0.000366","0.16%","$90.84 K","$2.38 M","$760.54 K","0.000031","11.71x","$80 M","Jun 23, 2021","","","",""
"Chainge","CHNG","https://icodrops.com/chainge/","$0.0004901","-1.86%","$2 K","$588.12 K","$232.33 K","0.07","0.01x","$400 K","Jun 22, 2021","","","",""
"Chainge Finance","XCHNG","https://icodrops.com/chainge-finance/","$0.0004901","-1.86%","$2 K","$588.12 K","$232.33 K","—","0.01x","$60 M","Jun 22, 2021","Alpha Token Capital","Coded Fi","Global Emerging Markets (GEM Digital Limited)",""
"Covalent","CQT","https://icodrops.com/covalent-2/","$0.0009579","4.04%","$9.2 K","$957.6 K","$820.13 K","0.25","0.01x","$18.94 M","Jun 22, 2021","1kx","YZi Labs (prev Binance Labs)","Delphi Digital (Delphi Labs)","More Details"
"Nabox","NABOX","https://icodrops.com/nabox/","$0.00000286","4.37%","$345.68","$2.86 M","$596.64 K","0.00003","0.1x","$1.38 M","Jun 21, 2021","OKX Ventures","ZB.COM","LD Capital","More Details"
"CrossWallet","CWT","https://icodrops.com/crosswallet/","$0.0011","1.85%","$3.79","$55 K","$137.5 K","0.002","0.55x","$328.5 K","Jun 21, 2021","","","",""
"Swarm","BZZ","https://icodrops.com/swarm/","$0.173","-1.70%","$307.55 K","$10.91 M","$9.1 M","1.92","0.09x","$15.93 M","Jun 21, 2021","BitScale Capital","HashKey Capital","Alphemy Capital","More Details"
"Polychain Monsters","PMON","https://icodrops.com/polychain-monsters/","$0.03165","1.53%","$11.88","$290.21 K","$107.93 K","0.35","0.09x","$833 K","Jun 19, 2021","Ascensive Assets","Divergence Ventures","Moonrock Capital","More Details"
"Osmosis","OSMO","https://icodrops.com/osmosis/","$0.05329","1.61%","$1.13 M","$52.76 M","$40.34 M","—","0.01x","$21 M","Jun 19, 2021","1confirmation","Paradigm","Do Kwon","More Details"
"Human Protocol","HMT","https://icodrops.com/human-protocol/","$0.007923","-2.99%","$88.12 K","$8.04 M","$6 M","0.5","0.02x","$100.1 M","Jun 17, 2021","Jump Crypto","Hashed","Hypersphere Ventures","More Details"
"Instadapp","INST","https://icodrops.com/instadapp/","$2.63","2.73%","$2.73 M","$262 M","$203.17 M","—","0.11x","$12.4 M","Jun 16, 2021","Balaji Srinivasan","IDEO CoLab Ventures","Pantera Capital","More Details"
"Rich Quack","QUACK","https://icodrops.com/rich-quack/","$0","1.99%","$136.02 K","$17.3 M","$7.67 M","0.0000000026","0.07x","$10 K","Jun 16, 2021","","","",""
"Sovryn","SOV","https://icodrops.com/sovryn/","$0.06533","-4.53%","$37.63 K","$6.53 M","$3.2 M","5","0.01x","$29 M","Jun 14, 2021","Balaji Srinivasan","Greenfield One","AscendEX","More Details"
"TrustFi","TFI","https://icodrops.com/trustfi/","$0.004076","0.46%","$773.8","$407.4 K","$203.31 K","0.08","0.05x","$1.73 M","Jun 14, 2021","CoinGecko Ventures","AU21 Capital","LongHash Ventures","More Details"
"Faraland","FARA","https://icodrops.com/faraland/","$0.003428","2.06%","$15.62","$342.26 K","$78.6 K","0.18","0.02x","$2.76 M","Jun 14, 2021","Moonrock Capital","Morningstar Ventures","Rarestone Capital","More Details"
"Cratos","","https://icodrops.com/cratos/","$0.0000972","-0.86%","$207.04 K","$9.73 M","$4.79 M","—","0.11x","—","Jun 12, 2021","","","",""
"iMe","LIME","https://icodrops.com/ime/","$0.004926","-0.35%","$201.07 K","$4.91 M","$3.72 M","0.02","0.25x","$1.94 M","Jun 11, 2021","OKX Ventures","LVT Capital","NewTribe Capital","More Details"
"Stratos","STOS","https://icodrops.com/stratos/","$0.05925","-0.22%","$121.46 K","$5.92 M","$2.3 M","0.3","0.2x","$2.13 M","Jun 10, 2021","Fenbushi Capital","Fundamental Labs","Spark Digital Capital","More Details"
"Decentralized Social","DESO","https://icodrops.com/decentralized-social/","$5.02","0.20%","$23.47 K","$54.26 M","$44.6 M","—","0.03x","$200 M","Jun 10, 2021","Andreessen Horowitz (a16z)","Pantera Capital","Polychain Capital","More Details"
"Aldrin","RIN","https://icodrops.com/aldrin/","$0.001341","0.44%","$5.67","$66.95 K","$16.58 K","2","0.01x","$8.48 M","Jun 9, 2021","A195 Capital","Rarestone Capital","AU21 Capital","More Details"
"NFT Stars","NFTS","https://icodrops.com/nft-stars/","$0.007062","1946.59%","$28.31","$141.24 K","$9.7 K","2","0.01x","$800 K","Jun 8, 2021","Morningstar Ventures","Pluto Digital Assets","AU21 Capital","More Details"
"PlanetWatch","PLANETS","https://icodrops.com/planetwatch/","$0.00001716","-0.98%","$3.68","$12.06 K","$5.48 K","—","0.01x","$3.2 M","Jun 7, 2021","Borderless Capital","Algorand Foundation","Ambient Network",""
"Automata","ATA","https://icodrops.com/automata/","$0.01782","-0.29%","$2.82 M","$17.55 M","$16.43 M","0.04","0.45x","$3.4 M","Jun 7, 2021","YZi Labs (prev Binance Labs)","Jump Crypto","Divergence Ventures","More Details"
"Universe.XYZ","XYZ","https://icodrops.com/universe-xyz/","$0.0001911","1.73%","$48.79","$216.9 K","$141.87 K","0.0205","0.01x","$4.3 M","Jun 6, 2021","Adam D’Augelli","Not3Lau Capital","",""
"TRONPAD","TRONPAD","https://icodrops.com/tronpad/","$0.001083","1.80%","$1.45","$194.22 K","$828.73 K","0.001","1.09x","$409.45 K","Jun 4, 2021","BlueZilla","Tron","",""
"Phuture","PHTR","https://icodrops.com/phuture/","$0.001571","","$11.84 K","$156.7 K","$97.9 K","0.3","0.01x","$1.78 M","Jun 4, 2021","Ascensive Assets","FMFW","Moonrock Capital","More Details"
"NiiFi","NIIFI","https://icodrops.com/niifi/","$0.0006272","","$3.69","$557.51 K","—","0.045","0.01x","$3.27 M","Jun 2, 2021","A195 Capital","Morningstar Ventures","AU21 Capital","More Details"
"B-cube.ai","BCUBE","https://icodrops.com/b-cube-ai/","$0.009871","0.48%","$572.81","$489.21 K","$348.56 K","0.6","0.02x","$4.79 M","Jun 1, 2021","","","",""
"Manifold Finance","FOLD","https://icodrops.com/manifold-finance/","$0.5923","0.12%","$1.36 K","$1.18 M","$1.17 M","3","0.2x","$2.65 M","Jun 1, 2021","Ascensive Assets","Moonrock Capital","Rarestone Capital","More Details"
"Solanium","SLIM","https://icodrops.com/solanium/","$0.02194","1.42%","$144.62 K","$2.16 M","$2.19 M","0.2","0.11x","$3.54 M","Jun 1, 2021","Rarestone Capital","TRGC","Genblock Capital","More Details"
"Charged Particles","IONX","https://icodrops.com/charged-particles/","$0.0008818","11.73%","$13.49 K","$88.18 K","$70.44 K","0.2","0.01x","$1.95 M","May 31, 2021","CoinGecko Ventures","gmoney","HashKey Capital","More Details"
"Mina Protocol","MINA","https://icodrops.com/coda-protocol/","$0.08206","-0.88%","$5.49 M","$102.03 M","$104.05 M","0.25","0.32x","$140.15 M","May 31, 2021","Brevan Howard","Electric Capital","Multicoin Capital","More Details"
"Spell Token","","https://icodrops.com/spell-token/","$0.0002444","-0.74%","$3.64 M","$47.92 M","$41.92 M","—","0.19x","$1.21 M","May 28, 2021","Arbitrum Foundation","","",""
"Freela","FREELA","https://icodrops.com/freela/","$0.0002951","3.54%","$1.93","$295.1 K","—","0.01","0.03x","$1.6 M","May 28, 2021","AU21 Capital","Kyros Ventures","Lotus capital","More Details"
"Virtue Poker","VPP","https://icodrops.com/virtue-poker/","$0.0003688","47.47%","$985.13","$184.3 K","—","0.13","0.01x","$250 K","May 28, 2021","Pantera Capital","ConsenSys","Fenbushi Capital","More Details"
"Kalmar","KALM","https://icodrops.com/kalmar/","$0.1552","5955.70%","$1.14","$1.55 M","$1.33 M","2","0.08x","$2.9 M","May 27, 2021","A195 Capital","3Commas","AU21 Capital","More Details"
"Rigel Protocol","RGP","https://icodrops.com/rigel-protocol/","$0.001163","1.22%","$2.21","$20.35 K","$2.9 K","1.5","0.01x","$2.04 M","May 27, 2021","","","",""
"Fear NFT Games","FEAR","https://icodrops.com/fear-nft-games/","$0.001358","1.79%","$11.75 K","$56.68 K","$24.06 K","0.1","0.01x","$1.24 M","May 27, 2021","DAO Maker","","",""
"dotmoovs","MOOV","https://icodrops.com/dotmoovs/","$0.0005181","4.16%","$12.87 K","$518.1 K","$378.82 K","0.004","0.13x","$1 M","May 25, 2021","Ascensive Assets","Moonrock Capital","Morningstar Ventures","More Details"
"Manchester City Fan Token","CITY","https://icodrops.com/manchester-city-fan-token/","$0.7249","2.32%","$12.73 M","$14.28 M","$9 M","—","0.06x","—","May 25, 2021","","","",""
"Tulip Protocol","TULIP","https://icodrops.com/tulip-protocol/","$0.02476","-1.00%","$22.66","$247.3 K","$20.18 K","4.17","0.01x","$5 M","May 24, 2021","Amber Group","CMS Holdings","Jump Capital","More Details"
"Media Industry Licensing Content","MLT","https://icodrops.com/media-industry-licensing-content/","$0.02301","0.16%","$22.93 K","$4.61 M","$3.37 M","0.09","0.26x","$4.54 M","May 20, 2021","MV Global","x21 Digital","Titans Ventures","More Details"
"Spectra","APW","https://icodrops.com/spectra/","$0.2965","96.97%","$88.49","$14.79 M","$2.86 M","0.33","0.89x","$3.65 M","May 19, 2021","Alliance","Rarestone Capital","The Spartan Group","More Details"
"YooShi","YOOSHI","https://icodrops.com/yooshi/","$0","1.78%","$24.59","$2.75 M","$998.77 K","—","0.02x","—","May 18, 2021","","","",""
"AscendEx token","ASD","https://icodrops.com/ascendex-token/","$0.02028","-8.06%","$1.03 M","$15.83 M","$15.07 M","0.0151","1.33x","$63.7 M","May 18, 2021","Polychain Capital","Hack VC","Jump Capital","More Details"
"GeroWallet","GERO","https://icodrops.com/gerowallet/","$0.001128","-0.33%","$4.13","$564 K","—","0.008","0.14x","$1.28 M","May 18, 2021","PARSIQ","AADA Finance","ADA Handle","More Details"
"Metis","METIS","https://icodrops.com/metis/","$5.38","-9.27%","$19.2 M","$53.9 M","$39 M","5","1.08x","$5.05 M","May 18, 2021","Chain Capital","Waterdrip Capital","AC Capital","More Details"
"Convex Finance","","https://icodrops.com/convex-finance/","$1.85","","$5.32 M","$184.89 M","$182.71 M","—","0.61x","—","May 17, 2021","","","",""
"Ispolink","ISP","https://icodrops.com/ispolink/","$0.0001108","12.35%","$172.3 K","$1.13 M","$879.6 K","0.0016","0.07x","$3.51 M","May 17, 2021","AU21 Capital","Gate.io","Genblock Capital","More Details"
"ColdStack","CLS","https://icodrops.com/coldstack/","$0.01185","-0.25%","$17.77 K","$588.2 K","$278.64 K","1.39","0.01x","$2.85 M","May 15, 2021","Morningstar Ventures","Spark Digital Capital","Vendetta Capital","More Details"
"TheForce Trade","FOC","https://icodrops.com/theforce-trade/","$0.0004038","1.62%","$85.05","$180.76 K","$32.38 K","0.3","0.01x","$3.59 M","May 15, 2021","Moonwhale Ventures","7 O'Clock Capital","Ape Capital","More Details"
"Polkaswap","PSWAP","https://icodrops.com/polkaswap/","$0.0002786","19.24%","$1.83 K","$976.92 K","$962.37 K","—","0.01x","—","May 14, 2021","","","",""
"PolkaRare","PRARE","https://icodrops.com/polkarare/","$0.0005559","-2.24%","$12.36 K","$55.46 K","$6.33 K","0.1","0.01x","$2.2 M","May 11, 2021","Moonrock Capital","Morningstar Ventures","OKX Ventures","More Details"
"Loser Coin","LOWB","https://icodrops.com/loser-coin/","$0.00000081","2.18%","$12.09 K","$49.44 K","$48.84 K","0.0003","0.01x","$300 K","May 11, 2021","","","",""
"Casper","CSPR","https://icodrops.com/casperlabs/","$0.004441","-2.19%","$2.16 M","$62.89 M","$60.91 M","0.015","0.3x","$74.8 M","May 11, 2021","Arrington Capital","HashKey Capital","Woodstock Fund","More Details"
"DFINITY","ICP","https://icodrops.com/dfinity/","$3.099","-0.40%","$39.43 M","$1.7 B","$1.69 B","4.58","0.68x","$167.2 M","May 11, 2021","Andreessen Horowitz (a16z)","Multicoin Capital","Polychain Capital","More Details"
"CateCoin","CATE","https://icodrops.com/catecoin/","$0.00000008","0.81%","$367.87 K","$78.1 K","$4.51 M","0.000005","0.02x","$175.08 K","May 10, 2021","","","",""
"CryptoBlades","SKILL","https://icodrops.com/cryptoblades/","$0.06108","3.92%","$10.44","$61.37 K","$44.79 K","110","0.01x","$405 K","May 10, 2021","","","",""
"My DeFi Pet","DPET","https://icodrops.com/my-defi-pet/","$0.004556","-2.29%","$13.23 K","$454.7 K","$196.83 K","0.08","0.06x","$1 M","May 8, 2021","OKX Ventures","Spark Digital Capital","Animoca Brands","More Details"
"Omni Consumer Protocol","OCP","https://icodrops.com/omni-consumer-protocol/","$0.003776","0.62%","$237.42","$377.2 K","$44.94 K","0.1","0.04x","$1.38 M","May 5, 2021","","","",""
"Chia","","https://icodrops.com/chia/","$4.85","-1.22%","$4.05 M","$161.65 M","$69.9 M","—","0.01x","$69.69 M","May 4, 2021","Andreessen Horowitz (a16z)","IDEO CoLab Ventures","DCM Ventures","More Details"
"BlackHole Protocol","BLACK","https://icodrops.com/blackhole-protocol/","$0.007131","213.45%","$65.6","$713.1 K","—","0.05","0.14x","$683 K","May 4, 2021","AU21 Capital","Gate.io","NGC Ventures","More Details"
"Rally","RLY","https://icodrops.com/rally/","$0.00003963","5.22%","$1.64 K","$589.95 K","$226.6 K","0.55","0.01x","$56.83 M","May 4, 2021","1confirmation","Andreessen Horowitz (a16z)","Balaji Srinivasan","More Details"
"Smooth Love Potion","","https://icodrops.com/smooth-love-potion/","$0.0007749","-0.78%","$2.23 M","$28.23 M","$28.22 M","—","0.01x","—","May 2, 2021","","","",""
"Maple","MPL","https://icodrops.com/maple/","$0.1867","-0.03%","$44.51 K","$1.87 M","$824.84 K","5","0.04x","$8.9 M","May 2, 2021","Framework Ventures","Polychain Capital","BitScale Capital","More Details"
"PolyDoge","POLYDOGE","https://icodrops.com/polydoge/","$0","-2.12%","$2.64 K","$166.74 K","$166.5 K","0.000000077","0.01x","$150 K","May 1, 2021","","","",""
"NAOS Finance","NAOS","https://icodrops.com/naos-finance/","$0.001771","1.74%","$13.03 K","$388.16 K","$149.16 K","0.18","0.01x","$5.4 M","Apr 30, 2021","Alliance","CMS Holdings","HTX Ventures (previously Huobi Ventures)","More Details"
"Media Network","MEDIA","https://icodrops.com/media-network/","$0.2416","-0.84%","$1.7 K","$209.77 K","$60.4 K","10","0.02x","$1 M","Apr 30, 2021","Alameda Research","","",""
"BlockBank","BBANK","https://icodrops.com/blockbank/","$0.00001812","12.14%","$14.84","$7.25 K","$3.83 K","0.075","0.01x","$13.19 M","Apr 29, 2021","Kyros Ventures","Black Dragon","Moonwhale Ventures","More Details"
"Altura","ALU","https://icodrops.com/altura/","$0.00838","4.73%","$1.92 M","$8.35 M","$8.3 M","0.00057","14.89x","$216 K","Apr 29, 2021","Ascension","InnoFinCon","Moonfare",""
"Pendle","PENDLE","https://icodrops.com/pendle/","$1.909","1.19%","$26.03 M","$538 M","$314.21 M","0.8","2.4x","$17.14 M","Apr 28, 2021","YZi Labs (prev Binance Labs)","Alliance","CMS Holdings","More Details"
"Truebit","TRU","https://icodrops.com/truebit/","$0.1576","3.47%","$195.7 K","$25.77 M","—","—","1.63x","—","Apr 28, 2021","","","",""
"Charli3","C3","https://icodrops.com/charli3/","$0.0172","-1.97%","$75.36","$1.72 M","$613.6 K","0.0424","0.41x","$1.04 M","Apr 27, 2021","K300 Venture","","",""
"Refinable","FINE","https://icodrops.com/refinable/","$0.00044","3.13%","$11.86 K","$220 K","$18.07 K","0.033","0.01x","$3.09 M","Apr 27, 2021","AU21 Capital","Double Peak","GBV Capital","More Details"
"Bonfire","","https://icodrops.com/bonfire/","$0.00000001","2.45%","$82.86","$7.44 M","—","—","0.13x","$6.2 M","Apr 26, 2021","Variant","Coinbase Ventures","Libertus Capital","More Details"
"Mogul Productions","STARS","https://icodrops.com/mogul-productions/","$0.00001487","-1.24%","$68.09","$5.91 K","$4.56 K","0.5","0.01x","—","Apr 23, 2021","","","",""
"Busy","BUSY","https://icodrops.com/busy/","$0.0001621","-3.18%","$13.15 K","$44.12 K","$41.34 K","0.06","0.01x","$2.1 M","Apr 23, 2021","Spark Digital Capital","Gate.io","Momentum 6","More Details"
"BSCStation","BSCS","https://icodrops.com/bscstation/","$0.0009603","0.41%","$11.89 K","$383.06 K","$237.89 K","0.01","0.1x","$855 K","Apr 23, 2021","IOSG Ventures","Morningstar Ventures","Spark Digital Capital","More Details"
"Hord","HORD","https://icodrops.com/hord/","$0.001377","0.24%","$12.03 K","$440.64 K","$122.02 K","0.025","0.06x","$2 M","Apr 23, 2021","Pluto Digital Assets","Arche Fund","AU21 Capital","More Details"
"KyberNetwork","KNC","https://icodrops.com/kybernetwork/","$0.2341","-0.49%","$2.75 M","$56.5 M","$39.83 M","0.44","0.53x","$53.67 M","Apr 22, 2021","YZi Labs (prev Binance Labs)","Alliance","Hashed","More Details"
"Obortech","OBOT","https://icodrops.com/obortech/","$0.004183","0.78%","$10.17","$1.26 M","$826.14 K","0.038","0.11x","$440 K","Apr 22, 2021","","","",""
"DeHive","DHV","https://icodrops.com/dehive/","$0.01336","5.85%","$23.02 K","$82.7 K","$53.7 K","3","0.01x","$3.85 M","Apr 22, 2021","LVT Capital","Titans Ventures","Dutch Crypto Investors (DCI)","More Details"
"Saito","SAITO","https://icodrops.com/saito/","$0.001327","-4.67%","$38.34 K","$5.66 M","$2.63 M","0.004","0.34x","$6.32 M","Apr 22, 2021","A195 Capital","OKX Ventures","Spark Digital Capital","More Details"
"XFai","XFIT","https://icodrops.com/xfai/","$0.004092","2.91%","$399.76","$1.64 M","—","0.12","0.03x","$3.9 M","Apr 21, 2021","Rarestone Capital","Vendetta Capital","AU21 Capital","More Details"
"Crowny","CRWNY","https://icodrops.com/crowny/","$0.002284","-2.46%","$3.53 K","$1.86 M","$1.6 M","0.0056","0.41x","$1.35 M","Apr 21, 2021","Rarestone Capital","AU21 Capital","DAO Maker","More Details"
"Sentinel","DVPN","https://icodrops.com/sentinel/","$0.0000791","0.90%","$130.3 K","$2.65 M","$2.62 M","0.0025","0.03x","$3.5 M","Apr 20, 2021","Woodstock Fund","Digital Strategies","Genblock Capital","More Details"
"KelVPN","KEL","https://icodrops.com/kelvpn/","$0.0007648","-0.93%","$49.75 K","$74.28 K","—","0.09","0.01x","$2.47 M","Apr 19, 2021","Magnus Capital","Black Dragon","Moonwhale Ventures","More Details"
"Unizen","ZCX","https://icodrops.com/unizen/","$0.005444","6.76%","$106.79 K","$4.76 M","$3.54 M","0.03","0.18x","$3.3 M","Apr 16, 2021","Jun Capital","","",""
"Franklin","FLY","https://icodrops.com/franklin/","$0.00006205","5.72%","$4.89","$104.52 K","$32.23 K","0.024","1.02x","$6.94 M","Apr 16, 2021","FBG Capital","Fundamental Labs","Bixin Ventures","More Details"
"Global Coin Research","","https://icodrops.com/global-coin-research/","$0.08981","0.17%","$6.49","$898.1 K","$898.1 K","—","0.09x","$1.2 M","Apr 16, 2021","1kx","IDEO CoLab Ventures","Beryl Li","More Details"
"Reflexer","RAI","https://icodrops.com/reflexer/","$2.04","1.11%","$990.52","$2.04 M","$395.34 K","—","0.01x","$5.84 M","Apr 15, 2021","Andreessen Horowitz (a16z)","Pantera Capital","Paradigm","More Details"
"BeyondFi","BYN","https://icodrops.com/beyondfi/","$0.0004442","0.37%","$65.27 K","$44.58 K","$3.94 K","0.5","0.01x","$8.18 M","Apr 14, 2021","A195 Capital","HTX Ventures (previously Huobi Ventures)","OKX Ventures","More Details"
"Vulcan Forged","vulcan-forged","https://icodrops.com/vulcan-forged/","$0.4721","0.91%","$5.4 M","$23.68 M","$11.28 M","0.4","1.18x","$6 M","Apr 14, 2021","","","",""
"Ethereum Push Notification Serv…","PUSH","https://icodrops.com/ethereum-push-notification-service/","$0.01527","-1.43%","$339.03 K","$1.54 M","$1.38 M","0.12","0.13x","$11.61 M","Apr 13, 2021","Balaji Srinivasan","YZi Labs (prev Binance Labs)","Jump Crypto","More Details"
"Mobox","MBOX","https://icodrops.com/mobox/","$0.03074","0.33%","$2.78 M","$16.88 M","$15.38 M","—","0.01x","—","Apr 13, 2021","YZi Labs (prev Binance Labs)","DWF Labs","CoinGecko Ventures","More Details"
"Revomon","REVO","https://icodrops.com/revomon/","$0.02906","67010.76%","$286.76","$2.91 M","$1.03 M","0.14","0.21x","$1.7 M","Apr 12, 2021","","","",""
"Deeper Network","DPR","https://icodrops.com/deeper-network/","$0.0001469","1.92%","$26.37 K","$1.47 M","$479.76 K","0.02","0.01x","$13.35 M","Apr 10, 2021","Spark Digital Capital","AU21 Capital","Brilliance Ventures","More Details"
"Kattana","KTN","https://icodrops.com/kattana/","$0.009431","1.14%","$14.87 K","$94.16 K","$88.52 K","1","0.01x","$1.53 M","Apr 9, 2021","Ascensive Assets","Moonrock Capital","Morningstar Ventures","More Details"
"Finminity","FMT","https://icodrops.com/finminity/","$0.00538","1.76%","$81.67","$53.82 K","$20.22 K","0.57","0.01x","$1.3 M","Apr 7, 2021","GBV Capital","Genblock Capital","Lotus capital","More Details"
"Metaverse Index","MVI","https://icodrops.com/metaverse-index/","$6.97","1.82%","$353.61","$276.03 K","$703.7 K","—","0.06x","—","Apr 7, 2021","","","",""
"Gains Associates","GAINS","https://icodrops.com/gains-associates/","$0.0136","1.63%","$4.48 K","$1.36 M","$526.24 K","0.05","0.27x","$1.24 M","Apr 7, 2021","Moonrock Capital","Morningstar Ventures","Vendetta Capital","More Details"
"Alien Worlds","TLM","https://icodrops.com/alien-worlds/","$0.002103","-0.12%","$3.24 M","$14.49 M","$13.15 M","0.003","0.69x","$2.51 M","Apr 7, 2021","YZi Labs (prev Binance Labs)","3Commas","Animoca Brands","More Details"
"Boson Protocol","BOSON","https://icodrops.com/boson-protocol/","$0.04085","6.88%","$230.53 K","$8.19 M","$6.77 M","0.75","0.05x","$14.52 M","Apr 7, 2021","FBG Capital","Rarestone Capital","Animoca Brands","More Details"
"8Pay","8PAY","https://icodrops.com/8pay/","$0.002675","","$4.01","$237.78 K","$160.53 K","0.07","0.04x","$2.44 M","Apr 5, 2021","In Square Ventures","Meridian Capital","",""
"Liquity","LQTY","https://icodrops.com/liquity/","$0.3691","-2.00%","$2.12 M","$36.87 M","$35.26 M","—","0.04x","$8.4 M","Apr 5, 2021","1kx","Pantera Capital","Polychain Capital","More Details"
"MiL.K","MLK","https://icodrops.com/mil-k/","$0.07068","1.08%","$608.43 K","$69.96 M","$36.83 M","0.45","0.16x","$14.09 M","Apr 5, 2021","","","",""
"AIOZ Network","AIOZ","https://icodrops.com/aioz-network/","$0.09554","-0.24%","$5.04 M","$117.47 M","$117.2 M","0.015","6.39x","$1.35 M","Apr 3, 2021","Vendetta Capital","3Apes Capital","Global Key Investment","More Details"
"Persistence","XPRT","https://icodrops.com/persistence/","$0.007895","0.42%","$57.93 K","$1.7 M","$1.68 M","0.45","0.02x","$4.15 M","Apr 2, 2021","Arrington Capital","IOSG Ventures","Moonrock Capital","More Details"
"Seedify.fund","","https://icodrops.com/seedifyfund/","$0.09937","0.67%","$770.67 K","$9.94 M","$8.8 M","—","0.14x","—","Apr 1, 2021","","","",""
"Strike","","https://icodrops.com/strike/","$0.007133","-0.04%","$54.14 K","$46.64 K","$40.49 K","—","0.01x","$80 M","Apr 1, 2021","Ten31","","",""
"StakeWise","SWISE","https://icodrops.com/stakewise/","$0.006267","2.48%","$1.41 K","$6.28 M","$4.73 M","0.008","0.78x","$2 M","Apr 1, 2021","Greenfield One","gumi Cryptos Capital","Blockdaemon","More Details"
"Ramifi Protocol","RAM","https://icodrops.com/ramifi-protocol/","$0.003359","0.08%","$10.63 K","$11.28 K","—","1","0.01x","$950.5 K","Mar 31, 2021","Moonrock Capital","Morningstar Ventures","Pluto Digital Assets","More Details"
"Rage.fan","RAGE","https://icodrops.com/rage-fan/","$0.0001485","1.05%","$13.33 K","$59.28 K","$19.4 K","0.04","0.01x","$1.76 M","Mar 31, 2021","Ascensive Assets","Moonrock Capital","Spark Digital Capital","More Details"
"Unmarshal","MARSH","https://icodrops.com/unmarshal/","$0.001433","-2.09%","$1.07 K","$143.3 K","$96.93 K","0.17","0.01x","$2.8 M","Mar 30, 2021","Spark Digital Capital","Woodstock Fund","Altonomy","More Details"
"Blind Boxes","BLES","https://icodrops.com/blind-boxes/","$0.003948","2514.22%","$64.29","$394.5 K","$71.88 K","0.15","0.03x","$2.45 M","Mar 27, 2021","Gate.io","P2 Ventures","1inch","More Details"
"Convergence","CONV","https://icodrops.com/convergence/","$0.00000303","2.02%","$29.71","$30.4 K","$11.91 K","0.005","0.01x","$3.75 M","Mar 26, 2021","CMS Holdings","Divergence Ventures","Hashed","More Details"
"KickPad","KPAD","https://icodrops.com/kickpad/","$0.0009615","1.47%","$12.07","$195.92 K","$54.54 K","0.04","0.02x","$1.55 M","Mar 25, 2021","Kardia Ventures","","",""
"A2DAO","ATD","https://icodrops.com/a2dao/","$0.009694","-1.66%","$31.95","$165.99 K","$87.95 K","0.1","0.1x","—","Mar 24, 2021","","","",""
"Ellipsis","EPS","https://icodrops.com/ellipsis/","$0.02068","1.59%","$118.94","$14.95 M","$14.44 M","—","0.01x","—","Mar 24, 2021","","","",""
"DoraFactory","DORA","https://icodrops.com/dorafactory/","$0.008918","0.89%","$71.19 K","$9.27 M","$4.79 M","8","0.01x","$26.23 M","Mar 24, 2021","YZi Labs (prev Binance Labs)","CMS Holdings","Fundamental Labs","More Details"
"Taraxa","TARA","https://icodrops.com/taraxa/","$0.0002711","8.56%","$77.73 K","$2.89 M","$1.63 M","0.01","0.03x","$12.72 M","Mar 22, 2021","LongHash Ventures","Youbi Capital","",""
"K21","K21","https://icodrops.com/k21/","$0.0266","2.71%","$12 K","$558.6 K","$489.05 K","1.92","0.01x","$2.23 M","Mar 22, 2021","Divergence Ventures","Mechanism Capital","Morningstar Ventures","More Details"
"Friends With Benefits","FWB","https://icodrops.com/friends-with-benefits/","$0.3116","1.83%","$46.87","$311.7 K","$186.17 K","—","0.01x","$23.7 M","Mar 20, 2021","Andreessen Horowitz (a16z)","Polychain Capital","Variant","More Details"
"Dafi Protocol","DAFI","https://icodrops.com/dafi-protocol/","$0.0002432","2.87%","$20.73 K","$547.2 K","$276.99 K","0.0033","0.07x","$1.06 M","Mar 19, 2021","Moonrock Capital","Morningstar Ventures","Rarestone Capital","More Details"
"Oddz","ODDZ","https://icodrops.com/oddz/","$0.0004365","0.23%","$58.09 K","$44.25 K","$43.21 K","0.17","0.01x","$2.73 M","Mar 18, 2021","TRGC","Woodstock Fund","Altonomy","More Details"
"PolkaFoundry","PKF","https://icodrops.com/polkafoundry/","$0.00375","","$1.88","$750 K","$430.1 K","0.1","0.04x","$2.4 M","Mar 17, 2021","Rarestone Capital","Spark Digital Capital","Vendetta Capital","More Details"
"Konomi Network","KONO","https://icodrops.com/konomi-network/","$0.0005372","-2.30%","$6.03","$53.72 K","$53.72 K","0.4","0.01x","$5.2 M","Mar 17, 2021","A195 Capital","CMS Holdings","Altonomy","More Details"
"Carnomaly","CARR","https://icodrops.com/carnomaly/","$0.0003711","7.09%","$11.39 K","$645.05 K","$649.42 K","0.65","0.01x","$140.73 M","Mar 16, 2021","","","",""
"My Neighbor Alice","ALICE","https://icodrops.com/my-neighbor-alice/","$0.1732","1.10%","$6.34 M","$17.29 M","$15.95 M","0.13","1.38x","$2.2 M","Mar 15, 2021","BitScale Capital","Rarestone Capital","Arche Fund","More Details"
"keyTango","","https://icodrops.com/keytango/","$0.00445","2.90%","$48.17","$222.45 K","$60.19 K","0.5","0.01x","$3.43 M","Mar 12, 2021","GBV Capital","Outlier Ventures","Signum Capital","More Details"
"Mute","MUTE","https://icodrops.com/mute/","$0.01824","-1.60%","$42.93","$722.8 K","$729.6 K","—","0.12x","—","Mar 11, 2021","","","",""
"ChainGuardians","CGG","https://icodrops.com/chainguardians/","$0.0004733","-3.20%","$8.01","$129.36 K","$52.96 K","0.12","0.01x","$1.49 M","Mar 11, 2021","Moonrock Capital","Morningstar Ventures","Animoca Brands","More Details"
"Belt Finance","BELT","https://icodrops.com/belt-finance/","$0.04699","1.74%","$3.93","$2.45 M","$965.37 K","20","0.01x","$3 M","Mar 10, 2021","","","",""
"Nerve Finance","NRV","https://icodrops.com/nerve-finance/","$0.0003875","-12.42%","$1.76 K","$38.71 K","$17.92 K","—","0.01x","$2 M","Mar 8, 2021","CMS Holdings","Alameda Research","Primitive Ventures","More Details"
"Idavoll DAO","IDV","https://icodrops.com/idavoll-dao/","$0.00003479","-0.03%","$11.67 K","$69.58 K","$32.16 K","0.009","0.01x","$2 M","Mar 8, 2021","Spark Digital Capital","Chain Capital","Gate.io","More Details"
"Ethernity.io","ERN","https://icodrops.com/ethernityio/","$0.7229","1.28%","$4.38 M","$21.71 M","$21.69 M","0.28","2.64x","$2.8 M","Mar 8, 2021","Morningstar Ventures","Spark Digital Capital","Woodstock Fund","More Details"
"Big Data Protocol","BDP","https://icodrops.com/big-data-protocol/","$0.01805","1.10%","$88.38 K","$1.17 M","$954.12 K","—","0.01x","—","Mar 7, 2021","","","",""
"Unslashed Finance","USF","https://icodrops.com/unslashed-finance/","$0.002174","-35.17%","$2.9 K","$186.96 K","$60.55 K","0.15","0.01x","$2 M","Mar 3, 2021","BitScale Capital","Lemniscap","P2P Capital","More Details"
"Unido","UDO","https://icodrops.com/unido/","$0.0002785","1.07%","$51.2","$32.05 K","$21.49 K","0.06","0.01x","$1.5 M","Mar 3, 2021","Vendetta Capital","Kyros Ventures","MV Global","More Details"
"Alpaca Finance","ALPACA","https://icodrops.com/alpaca-finance/","$0.005093","-0.31%","$73.11 K","$781.7 K","$772.45 K","—","0.01x","$1.25 M","Mar 3, 2021","","","",""
"APYSwap","APY","https://icodrops.com/apyswap/","$0.002325","-2.27%","$16.43 K","$232.5 K","$42.29 K","0.19","0.01x","$1.88 M","Mar 2, 2021","GBV Capital","Kyros Ventures","NGC Ventures","More Details"
"BSCPAD","","https://icodrops.com/bscpad/","$0.00859","0.90%","$13.53 K","$1.54 M","$680.43 K","0.02","0.43x","$900 K","Mar 1, 2021","FMFW","x21 Digital","Blocksync Ventures","More Details"
"Tranche Finance","SLICE","https://icodrops.com/tranche-finance/","$0.01253","-0.41%","$11.89 K","$251.2 K","$250.6 K","2.5","0.01x","$33.2 M","Mar 1, 2021","","","",""
"Radicle","RAD","https://icodrops.com/radicle/","$0.2702","0.67%","$4.16 M","$26.89 M","$15.96 M","6.17","0.04x","$36.68 M","Feb 28, 2021","Electric Capital","Galaxy","Naval Ravikant","More Details"
"Alchemix","ALCX","https://icodrops.com/alchemix/","$7.78","0.65%","$662.47 K","$20.38 M","$19.52 M","225","0.03x","$8 M","Feb 27, 2021","YZi Labs (prev Binance Labs)","Delphi Digital (Delphi Labs)","eGirl Capital","More Details"
"HOPR","HOPR","https://icodrops.com/hopr/","$0.0261","0.07%","$257.95 K","$10.43 M","$8.9 M","0.66","0.04x","$28.02 M","Feb 27, 2021","YZi Labs (prev Binance Labs)","Spark Digital Capital","Vendetta Capital","More Details"
"Polkamarkets","POLK","https://icodrops.com/polkamarkets/","$0.006935","-2.27%","$12.21 K","$676.6 K","$638.09 K","0.03","0.23x","$715 K","Feb 24, 2021","Moonrock Capital","Morningstar Ventures","Spark Digital Capital","More Details"
"Cyclone","CYC","https://icodrops.com/cyclone/","$2.98","0.34%","$1.49","$78.32 K","$78.32 K","—","0.01x","—","Feb 24, 2021","","","",""
"SuperFarm","SUPER","https://icodrops.com/superfarm/","$0.2196","2.12%","$5.41 M","$219.6 M","$139.92 M","0.025","8.8x","$2.81 M","Feb 22, 2021","FMFW","Spark Digital Capital","Woodstock Fund","More Details"
"Raydium","RAY","https://icodrops.com/raydium/","$0.944","1.57%","$11.1 M","$525.03 M","$253.54 M","0.33","2.88x","$2 M","Feb 21, 2021","","","",""
"Rai Reflex Index","RAI","https://icodrops.com/rai-reflex-index/","$3.53","-0.85%","$7.81 K","$1.98 M","$1.99 M","—","0.97x","$5.84 M","Feb 17, 2021","Pantera Capital","Paradigm","Lemniscap","More Details"
"PoolTogether","","https://icodrops.com/pooltogether/","$0.0695","1.94%","$340.72","$696.9 K","$470.41 K","14.46","0.01x","$6.95 M","Feb 17, 2021","IDEO CoLab Ventures","ConsenSys","Dragonfly Capital","More Details"
"Vesper Finance","VSP","https://icodrops.com/vesper-finance/","$0.1384","1.68%","$103.64","$1.38 M","$1.18 M","2.5","0.06x","$2.5 M","Feb 17, 2021","A195 Capital","CMT Digital","TRGC","More Details"
"Modefi","MOD","https://icodrops.com/modefi/","$0.001651","-96.14%","$114.51","$36.32 K","$26.54 K","0.2","0.01x","$2.01 M","Feb 16, 2021","x21 Digital","Moonwhale Ventures","Base Protocol","More Details"
"Premia","PREMIA","https://icodrops.com/premia/","$0.0846","2.87%","$24.79 K","$8.47 M","$4.48 M","—","0.03x","$723.6 K","Feb 15, 2021","Arbitrum Foundation","","",""
"Peanut","NUX","https://icodrops.com/peanut/","$0.002576","-0.42%","$14.99 K","$128.8 K","$128.8 K","0.73","0.01x","$7.96 M","Feb 15, 2021","","","",""
"VAIOT","VAI","https://icodrops.com/vaiot/","$0.007936","0.52%","$91.9 K","$3.18 M","$3.13 M","0.1","0.08x","$7.1 M","Feb 15, 2021","IBM","BlockExpo","Flying Bisons","More Details"
"Umbrella Network","UMB","https://icodrops.com/umbrella-network/","$0.0001118","-47.85%","$25.72","$37.16 K","$32.75 K","0.05","0.01x","$900 K","Feb 10, 2021","CMS Holdings","FBG Capital","The Lao","More Details"
"Deri Protocol","DERI","https://icodrops.com/deri-protocol/","$0.002706","-7.19%","$18.5 K","$1.31 M","$337.43 K","—","0.01x","—","Feb 10, 2021","FBG Capital","Bixin Ventures","Lotus capital","More Details"
"DAO Maker","DAO","https://icodrops.com/dao-maker/","$0.05553","0.38%","$16.38 M","$15.36 M","$11.32 M","0.1","0.55x","$8.1 M","Feb 9, 2021","Chain Capital","CoinIX","Double Peak","More Details"
"Razor Network","RAZOR","https://icodrops.com/razor-network/","$0.0003296","-0.21%","$272.56","$329.4 K","$108.19 K","0.53","0.01x","$3.7 M","Feb 7, 2021","IOSG Ventures","One Block Capital","Spark Digital Capital","More Details"
"Bounce","AUCTION","https://icodrops.com/bounce/","$5.06","","$5.44 M","$38.66 M","$33.35 M","—","0.23x","—","Feb 6, 2021","Blockchain Capital","Pantera Capital","Coinbase Ventures","More Details"
"OptionRoom","ROOM","https://icodrops.com/optionroom/","$0.01662","-5.26%","$11.53 K","$1.6 M","$207.64 K","0.05","0.32x","$1 M","Feb 5, 2021","CMS Holdings","Spark Digital Capital","NGC Ventures","More Details"
"JasmyCoin","JASMY","https://icodrops.com/jasmycoin/","$0.006134","0.73%","$5.77 M","$306.65 M","$303.3 M","—","0.01x","—","Feb 4, 2021","","","",""
"Maps.me","MAPS","https://icodrops.com/maps-me/","$0.001984","2.38%","$10.51","$19.83 M","$90.27 K","0.15","0.01x","$50.9 M","Feb 1, 2021","CMS Holdings","Ryze Labs (Sino Global Capital)","GBV Capital","More Details"
"Seascape Crowns","CWS","https://icodrops.com/seascape-crowns/","$0.0545","2.90%","$124.67 K","$413.33 K","$416.7 K","1","0.06x","$782 K","Feb 1, 2021","YZi Labs (prev Binance Labs)","Spark Digital Capital","JRR Group","More Details"
"Bitcicoin","BITCI","https://icodrops.com/bitcicoin/","$0.00001453","-2.85%","$11.48 K","$296.18 K","$112.01 K","—","0.01x","—","Jan 31, 2021","","","",""
"SafePal","SFP","https://icodrops.com/safepal/","$0.3123","-1.01%","$1.89 M","$156.05 M","$156.15 M","0.1","3.14x","$7.26 M","Jan 31, 2021","YZi Labs (prev Binance Labs)","","",""
"Bridge Mutual","BMI","https://icodrops.com/bridge-mutual/","$0.00137","1.98%","$35.63","$219.2 K","$88.63 K","0.13","0.01x","$1.76 M","Jan 30, 2021","A195 Capital","Rarestone Capital","Vendetta Capital","More Details"
"Opium Protocol","OPIUM","https://icodrops.com/opium-protocol/","$0.0255","30.91%","$84.2","$2.55 M","$106.11 K","—","0.01x","$3.25 M","Jan 27, 2021","CMS Holdings","Galaxy","HashKey Capital","More Details"
"Flow","FLOW","https://icodrops.com/flow/","$0.1023","-16.84%","$68.3 M","$168.18 M","$166.71 M","0.38","0.26x","$43.1 M","Jan 27, 2021","Andreessen Horowitz (a16z)","Mark Cuban","Union Square Ventures","More Details"
"PAID Network","PAID","https://icodrops.com/paid-network/","$0.00285","-5.35%","$56.94 K","$1.69 M","$1.55 M","0.042","0.07x","$2.1 M","Jan 26, 2021","A195 Capital","AU21 Capital","Brilliance Ventures","More Details"
"TosDis","DIS","https://icodrops.com/tosdis/","$0.5873","3.62%","$11.89 K","$58.61 K","$44.05 K","51.3","0.01x","$1.95 M","Jan 23, 2021","","","",""
"Router Protocol","ROUTE","https://icodrops.com/router-protocol/","$0.1052","2.04%","$123.29","$2.1 M","$1.77 M","0.28","0.01x","$4.96 M","Jan 21, 2021","Coinbase Ventures","Wintermute","Woodstock Fund","More Details"
"E-money","NGM","https://icodrops.com/e-money/","$0.00565","-1.39%","$38.71","$581.71 K","$111.65 K","0.5","0.01x","$2.05 M","Jan 20, 2021","Fenbushi Capital","Moonrock Capital","TRGC","More Details"
"Glitch Protocol","GLCH","https://icodrops.com/glitch-protocol/","$0.003","-50.37%","$235.88 K","$266.58 K","$210.42 K","0.09","0.04x","$3.35 M","Jan 19, 2021","Morningstar Ventures","Spark Digital Capital","x21 Digital",""
"Must","MUST","https://icodrops.com/must/","$0.4815","-0.26%","$1.05","$481.5 K","$48.82 K","—","0.01x","$10 M","Jan 18, 2021","IDEO CoLab Ventures","TRGC","Ubisoft","More Details"
"BiFi","BIFI","https://icodrops.com/bifi/","$0.0009098","1.23%","$16.48 K","$909.97 K","$550.95 K","0.008","0.11x","—","Jan 15, 2021","","","",""
"Prosper","PROS","https://icodrops.com/pooler/","$0.1295","0.69%","$46.99","$12.94 M","$6.66 M","0.1","0.37x","$950 K","Jan 14, 2021","3Commas","Animoca Brands","Waterdrip Capital","More Details"
"CUDOS","CUDOS","https://icodrops.com/cudos/","$0.001765","17.07%","$117.22","$17.79 M","$17.5 M","0.006","0.29x","$3 M","Jan 13, 2021","","","",""
"Nord Finance","NORD","https://icodrops.com/nord-finance/","$0.003281","2.86%","$1.83","$32.81 K","$29.87 K","0.9","0.01x","$1.32 M","Jan 12, 2021","x21 Digital","Black Dragon","Amplify Partners","More Details"
"Futureswap","FST","https://icodrops.com/futureswap/","$0.00808","-14.32%","$49.26 K","$297.26 K","$280.75 K","2.4","0.01x","$13.55 M","Jan 1, 2021","Framework Ventures","IDEO CoLab Ventures","Lemniscap","More Details"
"Reef","REEF","https://icodrops.com/reef/","$0.0001526","6.37%","$1.74 M","$3.22 M","$3.21 M","0.0013","0.01x","$3.9 M","Dec 29, 2020","","","",""
"Fire Protocol","FIRE","https://icodrops.com/fire-protocol/","$0.0002867","-0.32%","$11.55 K","$28.73 K","$1.42 K","0.12","0.01x","$1.05 M","Dec 28, 2020","8 Decimal Capital","x21 Digital","Moonwhale Ventures","More Details"
"Whiteheart","WHITE","https://icodrops.com/whiteheart/","$5023.7","0.07%","$10.23 K","$44.65 M","$44.65 M","1710","2.94x","—","Dec 27, 2020","","","",""
"Frax Share","FXS","https://icodrops.com/frax-share/","$0.6561","-2.79%","$4.92 M","$65.46 M","$57.7 M","—","0.05x","—","Dec 27, 2020","Balaji Srinivasan","Electric Capital","Multicoin Capital","More Details"
"1inch.exchange","1inch","https://icodrops.com/1inch-exchange/","$0.148","-1.72%","$12.36 M","$223.05 M","$207.03 M","1.5","0.1x","$189.8 M","Dec 25, 2020","YZi Labs (prev Binance Labs)","Blockchain Capital","Pantera Capital","More Details"
"Bonfida","FIDA","https://icodrops.com/bonfida/","$0.0433","2.02%","$7.75 M","$43 M","$42.91 M","0.1","0.44x","$5.7 M","Dec 23, 2020","CMS Holdings","CMT Digital","Divergence Ventures","More Details"
"OnX Finance","ONX","https://icodrops.com/onx-finance/","$0.003746","-1.11%","$12 K","$2.95 K","$37.02 K","—","0.01x","—","Dec 22, 2020","","","",""
"Frax","","https://icodrops.com/frax/","$0.9913","-0.12%","$819.16 K","$277.91 M","$277.91 M","—","0.99x","$1.21 M","Dec 21, 2020","Arbitrum Foundation","","",""
"Marlin","POND","https://icodrops.com/marlin/","$0.004099","1.21%","$525.8 K","$40.96 M","$33.73 M","0.0017","2.36x","$3 M","Dec 21, 2020","YZi Labs (prev Binance Labs)","Electric Capital","Arrington Capital","More Details"
"UNION Finance","UNN","https://icodrops.com/union-finance/","$0.0001283","1.26%","$11.7 K","$128.3 K","$78.91 K","0.025","0.01x","$4.28 M","Dec 18, 2020","Rarestone Capital","Spark Digital Capital","3Commas","More Details"
"Lido DAO","LDO","https://icodrops.com/lido-dao/","$0.6063","5.05%","$37.09 M","$604 M","$513.27 M","0.73","0.83x","$145 M","Dec 18, 2020","Andreessen Horowitz (a16z)","Delphi Digital (Delphi Labs)","Jump Trading","More Details"
"MahaDAO","MAHA","https://icodrops.com/mahadao/","$0.07414","-5.12%","$54.66 K","$733.89 K","$325.59 K","0.6","0.12x","$1 M","Dec 17, 2020","AU21 Capital","GBV Capital","Magnus Capital","More Details"
"The Graph","GRT","https://icodrops.com/the-graph/","$0.03788","-1.12%","$8.24 M","$434.26 M","$403.76 M","0.03","1.26x","$279.7 M","Dec 17, 2020","Framework Ventures","Multicoin Capital","Coinbase Ventures","More Details"
"YIELD","YLD","https://icodrops.com/yield/","$0.0007701","0.38%","$3.15","$230.91 K","$231.03 K","0.11","0.01x","$1.2 M","Dec 14, 2020","Digital Strategies","Ava Labs","Alphabit Fund","More Details"
"Terra Virtua","TVK","https://icodrops.com/terra-virtua/","$0.005442","12.35%","$201.77","$6.53 M","$462.19 K","0.012","0.45x","$2.62 M","Dec 11, 2020","Hashed","Moonrock Capital","Woodstock Fund","More Details"
"PlasmaPay","PPAY","https://icodrops.com/plasmapay/","$0.0001752","1.53%","$23.1","$175.2 K","$21.57 K","0.02","0.01x","$3.5 M","Dec 10, 2020","Moonrock Capital","Vendetta Capital","MV Global","More Details"
"MobileCoin","MOB","https://icodrops.com/mobilecoin/","$0.1317","-4.90%","$17.27 K","$33.02 M","$26.13 M","0.8","0.17x","$107.4 M","Dec 7, 2020","YZi Labs (prev Binance Labs)","Multicoin Capital","Strobe (Prev. BlockTower Capital)","More Details"
"Efforce","WOZX","https://icodrops.com/efforce/","$0.002035","-44.69%","$247.43 K","$2.09 M","$1.07 M","0.1","0.02x","$45 M","Dec 7, 2020","HTX Ventures (previously Huobi Ventures)","","",""
"DIGITALAX","MONA","https://icodrops.com/digitalax/","$56.9","4.87%","$2.06 K","$609.3 K","$594.95 K","0.05","1137.6x","—","Dec 6, 2020","","","",""
"Monavale","MONA","https://icodrops.com/monavale/","$56.9","4.87%","$2.06 K","$642.74 K","$594.95 K","—","0.22x","$100 K","Dec 6, 2020","Rarible Protocol","","",""
"Mirror","","https://icodrops.com/mirror/","$0.005147","8.18%","$8.21 K","$1.9 M","$400.14 K","—","0.01x","—","Dec 4, 2020","Paragraph","","",""
"Badger DAO","BADGER","https://icodrops.com/badger-dao/","$0.5471","4.64%","$1.77 M","$11.7 M","$11.01 M","2.85","0.19x","$21 M","Dec 4, 2020","Blockchain Capital","Polychain Capital","0xb1","More Details"
"Hard Protocol","HARD","https://icodrops.com/hard-protocol/","$0.1928","-79.42%","$525.32 K","$38.56 M","$15.06 M","—","0.09x","—","Dec 3, 2020","","","",""
"Base Protocol","BASE","https://icodrops.com/base-protocol/","$0.06241","2.45%","$64.23","$29.99 K","$30 K","0.55","0.11x","—","Dec 1, 2020","","","",""
"Bifrost","BFC","https://icodrops.com/bifrost-2/","$0.02204","1.55%","$1.07 M","$56.71 M","$30.56 M","0.027","0.79x","$16.91 M","Dec 1, 2020","MV Global","100&100 Venture Capital","Alphain Ventures,","More Details"
"SKALE Network","SKL","https://icodrops.com/skale-network/","$0.01027","-1.69%","$1.72 M","$64 M","$62.26 M","0.03","0.34x","$22 M","Dec 1, 2020","Multicoin Capital","Arrington Capital","Galaxy","More Details"
"Basis Cash","BAC","https://icodrops.com/basis-cash/","$0.001675","0.01%","$11.87 K","$91.47 K","$91.41 K","—","0.01x","$133 M","Nov 30, 2020","Andreessen Horowitz (a16z)","Lightspeed Venture Partners","Digital Currency Group (DCG)","More Details"
"API3","API3","https://icodrops.com/api3/","$0.4551","-1.44%","$11.21 M","$71.66 M","$39.33 M","1.15","0.4x","$26 M","Nov 30, 2020","Pantera Capital","Accomplice","CoinFund","More Details"
"Kira Network","KEX","https://icodrops.com/kira-network/","$0.007097","-2.33%","$693.65","$2.08 M","$1.59 M","0.38","0.02x","$5.14 M","Nov 28, 2020","Ascensive Assets","Rarestone Capital","TRGC","More Details"
"Muse DAO","MUSE","https://icodrops.com/muse-dao/","$0.6777","5.38%","$12.16 K","$529.69 K","$560.87 K","—","1.12x","$750 K","Nov 27, 2020","DeFiance Capital","Stake Capital","",""
"Finance Vote","FVT","https://icodrops.com/finance-vote/","$0.00028","0.03%","$14.77","$277.31 K","$57.32 K","0.02","0.01x","$1.78 M","Nov 22, 2020","","","",""
"TrueFi","TRU","https://icodrops.com/truefi/","$0.0104","-1.56%","$3.51 M","$14.43 M","$14.25 M","0.03","0.35x","$32.5 M","Nov 22, 2020","Andreessen Horowitz (a16z)","Jump Trading","Strobe (Prev. BlockTower Capital)","More Details"
"Unifi Protocol DAO","UNFI","https://icodrops.com/unifi-protocol-dao/","$0.09638","-12.29%","$207.19 K","$1.07 M","$920.3 K","0.15","0.64x","$889.5 K","Nov 19, 2020","YZi Labs (prev Binance Labs)","Chain Capital","Signum Capital","More Details"
"Oasis Labs","ROSE","https://icodrops.com/oasis-labs/","$0.01131","-2.07%","$1.9 M","$113.3 M","$84.68 M","0.02","0.57x","$45 M","Nov 18, 2020","Andreessen Horowitz (a16z)","YZi Labs (prev Binance Labs)","Electric Capital","More Details"
"Saffron Finance","SFI","https://icodrops.com/saffron-finance/","$303.63","3.39%","$75.88 K","$28.02 M","$27.76 M","—","4.01x","—","Nov 15, 2020","","","",""
"saffron.finance","SFI","https://icodrops.com/saffronfinance/","$303.63","3.39%","$75.88 K","$28.02 M","$27.76 M","—","4.01x","$2 M","Nov 15, 2020","Multicoin Capital","Coinbase Ventures","Dragonfly Capital","More Details"
"Conflux Network","CFX","https://icodrops.com/conflux-network/","$0.07386","0.97%","$4.2 M","$382.6 M","$381.72 M","0.1","0.73x","$68.71 M","Nov 10, 2020","DWF Labs","Sequoia Capital","HTX Ventures (previously Huobi Ventures)","More Details"
"Lattice Exchange","LTX","https://icodrops.com/lattice-exchange/","$0.01371","0.85%","$82.91 K","$1.37 M","$392.84 K","0.35","0.04x","—","Nov 7, 2020","","","",""
"Lattice Token","LTX","https://icodrops.com/lattice-token/","$0.01371","0.85%","$82.91 K","$1.37 M","$392.84 K","0.35","0.04x","$500 K","Nov 7, 2020","FBG Capital","Moonrock Capital","Alphabit Fund","More Details"
"Axie Infinity","AXS","https://icodrops.com/axie-infinity/","$0.8732","-2.33%","$9.28 M","$236.36 M","$146.39 M","11.1","0.08x","$312.83 M","Nov 4, 2020","Andreessen Horowitz (a16z)","YZi Labs (prev Binance Labs)","Mark Cuban","More Details"
"Dvision Network","DVI","https://icodrops.com/dvision-network/","$0.0003345","-73.00%","$2.45 M","$267.3 K","$334.5 K","0.49","0.01x","$306.85 K","Nov 3, 2020","YZi Labs (prev Binance Labs)","FBG Capital","Gate.io","More Details"
"KeeperDAO","ROOK","https://icodrops.com/keeperdao/","$0.156","-3.66%","$72.64","$191.3 K","$96.35 K","12","0.01x","$1.44 M","Nov 2, 2020","Polychain Capital","ICONIUM","Three Arrows Capital",""
"WOO Network","WOO","https://icodrops.com/woo-network/","$0.02572","1.45%","$1.91 M","$56.68 M","$48.72 M","0.03","0.85x","$67.26 M","Oct 29, 2020","YZi Labs (prev Binance Labs)","Amber Group","Crypto.com","More Details"
"Keep3rV1","KP3R","https://icodrops.com/keep3rv1/","$2.87","3.61%","$74.48 K","$1.22 M","$1.22 M","—","0.12x","—","Oct 28, 2020","","","",""
"Shentu","CTK","https://icodrops.com/shentu/","$0.2687","-0.30%","$929.35 K","$41.32 M","$41.4 M","—","0.13x","—","Oct 27, 2020","YZi Labs (prev Binance Labs)","Lightspeed Venture Partners","Bitmain","More Details"
"BarnBridge","BOND","https://icodrops.com/barnbridge/","$0.0821","10.38%","$119.6 K","$820.5 K","$649.43 K","1.33","0.06x","$1 M","Oct 26, 2020","ParaFi Capital","Stani Kulechov","Andrew Keys","More Details"
"Audius","AUDIO","https://icodrops.com/audius/","$0.02944","1.33%","$7.78 M","$40.79 M","$40.72 M","—","1.33x","$14.85 M","Oct 23, 2020","YZi Labs (prev Binance Labs)","Lightspeed Venture Partners","Multicoin Capital","More Details"
"Rari Governance Token","RGT","https://icodrops.com/rari-governance-token/","$0.04379","-7.19%","$126.3","$760.96 K","$546.15 K","—","0.01x","—","Oct 22, 2020","","","",""
"CertiK","CTK","https://icodrops.com/certik/","$0.2687","-0.30%","$929.35 K","$41.32 M","$41.4 M","1.9","0.14x","$279.63 M","Oct 22, 2020","YZi Labs (prev Binance Labs)","Lightspeed Venture Partners","Sequoia Capital","More Details"
"Akash Network","AKT","https://icodrops.com/akash-network/","$0.3849","2.23%","$2.59 M","$109.82 M","$109.71 M","0.35","1.1x","$2.8 M","Oct 21, 2020","Digital Asset Capital Management (DACM)","Infinite Capital","Cypher Capital","More Details"
"Injective Protocol","INJ","https://icodrops.com/injective-protocol/","$4.827","-0.30%","$26.92 M","$468.1 M","$482.56 M","0.4","12.22x","$57.1 M","Oct 21, 2020","YZi Labs (prev Binance Labs)","Jump Crypto","Mark Cuban","More Details"
"PlotX","PLOT","https://icodrops.com/plotx/","$0.00481","2.46%","$806.71","$944.2 K","$318.99 K","0.05","0.1x","$2.98 M","Oct 21, 2020","Hashed","Alan Howard","Animoca Brands","More Details"
"RAMP DEFI","RAMP","https://icodrops.com/ramp-defi/","$0.02866","0.28%","$196.66","$28.08 M","$11.78 M","0.008","3.61x","$1.16 M","Oct 20, 2020","Arrington Capital","Mechanism Capital","ParaFi Capital","More Details"
"DeXe","DEXE","https://icodrops.com/dexe/","$3.141","1.13%","$1.88 M","$302.45 M","$146.6 M","1.26","2.49x","$1.9 M","Oct 20, 2020","Moonrock Capital","Chain Capital","DAO Maker","More Details"
"ZeroSwap","ZEE","https://icodrops.com/zeroswap/","$0.0003596","0.28%","$305.96 K","$36.16 K","$22.81 K","0.00026","1.39x","$6 K","Oct 19, 2020","","","",""
"NuCypher","NU","https://icodrops.com/nucypher/","$0.02955","-2.69%","$8.31 K","$40.8 M","$40.8 M","0.13","0.23x","$15.85 M","Oct 15, 2020","Polychain Capital","Arrington Capital","Bitmain","More Details"
"UniLend","UFT","https://icodrops.com/unilend/","$0.003325","15.27%","$53.07 K","$341.8 K","$332.5 K","0.15","0.02x","$3.25 M","Oct 15, 2020","A195 Capital","FMFW","TRGC","More Details"
"Near Protocol","NEAR","https://icodrops.com/near-protocol/","$1.583","-1.36%","$99.8 M","$2.04 B","$2.03 B","0.05","31.72x","$544.14 M","Oct 13, 2020","Andreessen Horowitz (a16z)","Balaji Srinivasan","Electric Capital","More Details"
"Juggernaut","JGN","https://icodrops.com/juggernaut/","$0.001829","1.68%","$32.33","$274.35 K","$274.35 K","0.1","0.02x","$150 K","Oct 11, 2020","K24 Ventures","","",""
"Centaur","CNTR","https://icodrops.com/centaur/","$0.00001216","-1.22%","$1.1","$72.96 K","$59.93 K","0.006","0.01x","$5 M","Oct 9, 2020","Brilliance Ventures","Digital Strategies","RockTree Capital","More Details"
"Mettalex","MTLX","https://icodrops.com/mettalex/","$0.487","1.16%","$1.25 K","$19.48 M","$546.9 K","—","0.32x","—","Oct 7, 2020","","","",""
"Render","RNDR","https://icodrops.com/render/","$1.353","1.32%","$21.15 M","$721.62 M","$701.64 M","0.25","5.46x","$35.18 M","Oct 6, 2020","Multicoin Capital","Sfermion","Solana Ventures","More Details"
"Venus","XVS","https://icodrops.com/venus/","$4.38","","$8.16 M","$131.4 M","$71.83 M","—","2.65x","—","Oct 6, 2020","","","",""
"Aave","LEND","https://icodrops.com/ethlend/","$54.13","","$10.53 K","$866.08 M","—","1.84","—","$49.3 M","Oct 3, 2020","Blockchain Capital","Framework Ventures","Blockchain.com Ventures","More Details"
"Hathor","HTR","https://icodrops.com/hathor/","$0.012","-4.79%","$360.56 K","$11.31 M","$6.01 M","0.04","0.3x","$1.2 M","Oct 1, 2020","","","",""
"Linear Finance","LINA","https://icodrops.com/linear-finance/","$0.00002873","-10.61%","$1.2 K","$286.9 K","$287.2 K","0.0045","0.01x","$2.37 M","Oct 1, 2020","DWF Labs","CMS Holdings","Hashed","More Details"
"PancakeSwap","CAKE","https://icodrops.com/pancakeswap/","$1.889","1.76%","$20.35 M","$726.41 M","$701.11 M","—","1.45x","$350 K","Sep 29, 2020","YZi Labs (prev Binance Labs)","","",""
"Polkastarter","POLS","https://icodrops.com/polkastarter/","$0.09493","15.35%","$2.11 M","$10.06 M","$9.42 M","0.025","3.79x","$875 K","Sep 29, 2020","Moonrock Capital","NGC Ventures","Signum Capital","More Details"
"RioDeFi","RFUEL","https://icodrops.com/riodefi/","$0.0008536","3.23%","$11.64 K","$303.32 K","$294.11 K","0.16","0.01x","$21.5 M","Sep 28, 2020","Moonrock Capital","Vendetta Capital","AU21 Capital","More Details"
"Flamingo Finance","FLM","https://icodrops.com/flamingo-finance/","$0.005966","-0.23%","$114.02 K","$3.27 M","$3.37 M","—","0.01x","—","Sep 28, 2020","","","",""
"Bidao","BID","https://icodrops.com/bidao/","$0.0001506","1.45%","$142.9","$389.29 K","—","0.01","0.02x","—","Sep 25, 2020","","","",""
"PowerTrade","PTF","https://icodrops.com/powertrade/","$0.003606","0.79%","$56.41 K","$1.43 M","$84.06 K","0.2","0.02x","$400 K","Sep 24, 2020","Framework Ventures","Pantera Capital","CMS Holdings","More Details"
"Burger Swap","","https://icodrops.com/burger-swap/","$0.002674","-2.35%","$177.6 K","$115.03 K","—","—","0.01x","$4 M","Sep 24, 2020","Bitfly Capital","SANYUAN Labs","Vega ventures",""
"Avalanche","AVAX","https://icodrops.com/avalanche/","$12.98","1.27%","$148.63 M","$5.85 B","$5.58 B","0.85","15.33x","$535.97 M","Sep 21, 2020","Andreessen Horowitz (a16z)","Balaji Srinivasan","Polychain Capital","More Details"
"Velo","VELO","https://icodrops.com/velo/","$0.006991","0.49%","$16.12 M","$167.35 M","$122.79 M","0.05","0.14x","$22 M","Sep 17, 2020","DWF Labs","UOB Venture Management","",""
"UpBots","UBXT","https://icodrops.com/upbots/","$0.001432","7.02%","$59.21","$716 K","$716 K","0.013","0.11x","$260 K","Sep 16, 2020","CMS Holdings","Alameda Research","Taureon",""
"Bella Protocol","BEL","https://icodrops.com/bella-protocol/","$0.1323","1.65%","$1.44 M","$13.23 M","$10.58 M","0.75","0.18x","$4.5 M","Sep 16, 2020","YZi Labs (prev Binance Labs)","Arrington Capital","RockX","More Details"
"Frontier","FRONT","https://icodrops.com/frontier/","$0.0197","0.34%","$38.76","$1.76 M","$152.88 K","0.08","0.25x","$2 M","Sep 16, 2020","CoinGecko Ventures","Mechanism Capital","Woodstock Fund","More Details"
"Uniswap","UNI","https://icodrops.com/uniswap/","$6.17","-2.56%","$227.91 M","$6.19 B","$4.51 B","—","2.37x","$177.9 M","Sep 16, 2020","Andreessen Horowitz (a16z)","Blockchain Capital","Paradigm","More Details"
"Hedget","HGET","https://icodrops.com/hedget/","$0.03983","-2.99%","$54.03 K","$72.07 K","$69.76 K","5","0.01x","$4.21 M","Sep 12, 2020","FBG Capital","NGC Ventures","Alameda Research","More Details"
"Hegic","HEGIC","https://icodrops.com/hegic/","$0.02219","2.45%","$3.59 K","$66.93 M","$15.62 M","0.13","0.17x","$13.37 M","Sep 12, 2020","","","",""
"Phala Network","PHA","https://icodrops.com/phala-network/","$0.0372","-1.05%","$4.16 M","$37.21 M","$30.49 M","0.0028","13.29x","$1.43 M","Sep 12, 2020","DWF Labs","IOSG Ventures","SNZ Holding","More Details"
"Gala Games","GALA","https://icodrops.com/gala-games/","$0.006273","-0.32%","$10.97 M","$294.39 M","$294.53 M","—","3.16x","$100 M","Sep 12, 2020","YZi Labs (prev Binance Labs)","DWF Labs","",""
"Stafi","FIS","https://icodrops.com/stafi/","$0.01771","0.76%","$192.63 K","$2.74 M","$2.42 M","0.13","0.14x","$990 K","Sep 11, 2020","Continue Capital","Nirvana Capital","Focus Labs","More Details"
"SUN","SUN","https://icodrops.com/sun/","$0.01914","-1.13%","$26.94 M","$381.9 M","$367.35 M","—","0.01x","—","Sep 11, 2020","","","",""
"Stella","ALPHA","https://icodrops.com/stella/","$0.004991","2.45%","$250.65 K","$4.93 M","$4.8 M","—","0.06x","$150 K","Sep 10, 2020","Arbitrum Foundation","","",""
"AMP","AMP","https://icodrops.com/amp/","$0.001749","0.37%","$4.4 M","$173.91 M","$147.41 M","0.001","1.74x","$20 M","Sep 9, 2020","1kx","Jump Crypto","Pantera Capital","More Details"
"Perpetual Protocol","PERP","https://icodrops.com/perpetual-protocol/","$0.09498","0.17%","$1.68 M","$14.26 M","$6.9 M","1.64","0.06x","$14.56 M","Sep 9, 2020","YZi Labs (prev Binance Labs)","Multicoin Capital","CMS Holdings","More Details"
"Alchemy Pay","ACH","https://icodrops.com/alchemy-pay/","$0.008035","-1.28%","$2.49 M","$80.29 M","$78.73 M","—","0.21x","$10 M","Sep 7, 2020","DWF Labs","","",""
"Revv","","https://icodrops.com/revv/","$0.0004817","2.31%","$1.57 K","$1.44 M","$573.56 K","—","0.03x","$5.5 M","Sep 6, 2020","Tribe Capital","C2Ventures (Csquared)","Digital Asset Capital Management (DACM)","More Details"
"Tokamak Network","TON","https://icodrops.com/tokamak-network/","$0.7205","1.04%","$272 K","$71.64 M","$31.59 M","0.45","1.6x","$3.88 M","Aug 30, 2020","100&100 Venture Capital","Alphain Ventures,","Blocore","More Details"
"Sushi","SUSHI","https://icodrops.com/sushi/","$0.3013","0.57%","$7.6 M","$86.85 M","$86.42 M","—","0.01x","$5.2 M","Aug 28, 2020","GoldenTree","","",""
"Anyswap","ANY","https://icodrops.com/anyswap/","$0.6723","83.64%","$4.93","$67.19 M","$8.86 M","0.02","33.59x","—","Aug 26, 2020","YZi Labs (prev Binance Labs)","","",""
"Klever","","https://icodrops.com/klever/","$0.001577","1.63%","$133.8 K","$15.77 M","$14 M","—","0.33x","$30 M","Aug 26, 2020","Global Emerging Markets (GEM Digital Limited)","","",""
"Curve","CRV","https://icodrops.com/curve/","$0.3982","-0.19%","$282.62 M","$932.32 M","$569.12 M","0.4","1x","$7 M","Aug 15, 2020","YZi Labs (prev Binance Labs)","DWF Labs","Michael Egorov","More Details"
"The Sandbox","SAND","https://icodrops.com/the-sandbox/","$0.118","0.76%","$19.52 M","$354 M","$308.37 M","0.0083","14.21x","$120.01 M","Aug 14, 2020","Hashed","Samsung NEXT","Animoca Brands","More Details"
"Serum","SRM","https://icodrops.com/serum/","$0.01869","-26.70%","$1.63 M","$20.21 M","$4.92 M","0.11","0.17x","$120.66 M","Aug 11, 2020","Jump Crypto","Multicoin Capital","CoinFund","More Details"
"GeeqChain","GEEQ","https://icodrops.com/geeqchain/","$0.01284","-1.50%","$238.52 K","$1.27 M","$494.63 K","0.25","0.05x","$749.6 K","Aug 6, 2020","ChainLink","Impact Venture Capital","Jun Capital","More Details"
"Parsiq","PRQ","https://icodrops.com/parsiq/","$0.0008692","2.45%","$93.42","$269.68 K","$269.68 K","0.0275","0.03x","$4.95 M","Aug 5, 2020","Axia8 Ventures","Krypital Group","CoinUnited.io","More Details"
"SUKU","SUKU","https://icodrops.com/suku/","$0.01039","4.36%","$189.29 K","$15.57 M","$5.64 M","0.1","0.1x","$15.71 M","Aug 4, 2020","","","",""
"Bitbns","BNS","https://icodrops.com/bitbns/","$0.00003563","14.27%","$2.07","$89.08 K","—","0.024","0.01x","$2.68 M","Jul 31, 2020","","","",""
"Pocket Network","POKT","https://icodrops.com/pocket-network/","$0.0116","-1.38%","$839.57 K","$27.83 M","$26.4 M","0.23","0.05x","$21.35 M","Jul 28, 2020","1kx","Arrington Capital","Blockchain.com Ventures","More Details"
"Swingby","SWINGBY","https://icodrops.com/swingby/","$0.0005091","128.33%","$10.1","$453.08 K","$452.99 K","0.07","0.01x","$2.48 M","Jul 24, 2020","NGC Ventures","Signum Capital","Youbi Capital","More Details"
"dKargo","DKA","https://icodrops.com/dkargo/","$0.005643","0.73%","$1.05 M","$27.96 M","$28.21 M","0.02","0.28x","$16.2 M","Jul 24, 2020","","","",""
"Meta","MTA","https://icodrops.com/meta/","$0.029","2.54%","$38.89","$2.45 M","$1.45 M","1.77","0.02x","$6.54 M","Jul 18, 2020","DeFiance Capital","Digital Asset Capital Management (DACM)","Kain Warwick","More Details"
"yearn.finance","YFI","https://icodrops.com/yearnfinance/","$3444.9","0.78%","$7.8 M","$126.6 M","$120.9 M","—","83.11x","—","Jul 18, 2020","","","",""
"Meter","MTRG","https://icodrops.com/meter/","$0.03383","0.38%","$75.92 K","$1.65 M","$1.09 M","0.5","0.07x","$2.53 M","Jul 18, 2020","Pantera Capital","DHVC","Global Blockchain Innovative Capital (GBIC)",""
"Polkadot","DOT","https://icodrops.com/polkadot/","$1.871","-0.65%","$82.12 M","$3.09 B","$3.09 B","1.25","1.49x","$247.76 M","Jul 17, 2020","1confirmation","CoinFund","Continue Capital","More Details"
"Lumia","ORN","https://icodrops.com/lumia/","$0.08612","-5.84%","$3.1 K","$20.57 M","$2.97 M","—","0.15x","—","Jul 16, 2020","","","",""
"Orion Protocol","ORN","https://icodrops.com/orion-protocol/","$0.08612","-5.84%","$3.1 K","$20.56 M","$2.97 M","0.1","15.67x","$28.79 M","Jul 16, 2020","DWF Labs","Almora Capital","",""
"Rarible","RARI","https://icodrops.com/rarible/","$0.3508","79.14%","$12.78 M","$11.04 M","$6.84 M","—","0.89x","$15.95 M","Jul 15, 2020","1kx","Coinbase Ventures","CoinFund","More Details"
"MUX Protocol","MCB","https://icodrops.com/mux-protocol/","$2.44","-1.61%","$5.84 K","$11.72 M","$9.32 M","—","1.31x","$4.82 M","Jul 13, 2020","Arbitrum Foundation","","",""
"Nexus Mutual","NXM","https://icodrops.com/nexus-mutual/","$74.12","2.17%","—","$141.1 M","$141.16 M","0.34","217x","$2.94 M","Jul 12, 2020","1confirmation","1kx","Blockchain Capital","More Details"
"Balancer Pool","BAL","https://icodrops.com/balancer-pool/","$0.6188","2.43%","$1.77 M","$43.88 M","$42.36 M","—","0.07x","$28.21 M","Jun 23, 2020","Blockchain Capital","Pantera Capital","Accomplice","More Details"
"DMM Governance Token","DMG","https://icodrops.com/dmm-governance-token/","$0.001196","","$87.32","$299 K","$59.39 K","0.36","0.01x","$7.65 M","Jun 22, 2020","","","",""
"Aleph.im","ALEPH","https://icodrops.com/alephim/","$0.031","-0.80%","$332.09 K","$15.58 M","$7.66 M","—","2.36x","$10 M","Jun 20, 2020","Rarestone Capital","TRGC","Zee Prime Capital","More Details"
"Compound","COMP","https://icodrops.com/compound/","$25.91","-3.61%","$15.43 M","$259 M","$258.09 M","—","0.26x","$33.2 M","Jun 16, 2020","Andreessen Horowitz (a16z)","Bain Capital Ventures","Paradigm","More Details"
"Measurable Data Token","MDT","https://icodrops.com/measurable-data-token/","$0.01365","-2.02%","$644.97 K","$13.54 M","$9.23 M","0.032","0.43x","$14.2 M","Jun 5, 2020","Draper Dragon","BTX Capital","",""
"Hiblocks","HIBS","https://icodrops.com/hiblocks/","$0.00000525","4.36%","$14.22 K","$104.85 K","$52.95 K","0.002","0.01x","$21.29 M","Jun 4, 2020","Geekbeans Capital","Puhua Capital","",""
"MathWallet","MATH","https://icodrops.com/mathwallet/","$0.03402","1.21%","$379.01 K","$6.77 M","$3.89 M","—","0.22x","$19.8 M","May 31, 2020","YZi Labs (prev Binance Labs)","Multicoin Capital","Amber Group","More Details"
"Thunder Token","TT","https://icodrops.com/thunder-token/","$0.001134","0.89%","$178.24 K","$14.75 M","$14.79 M","0.0171","0.07x","$109.27 M","May 10, 2020","Electric Capital","Pantera Capital","Arrington Capital","More Details"
"JUST","JST","https://icodrops.com/just/","$0.03881","-0.13%","$9.65 M","$362.49 M","$362.49 M","0.002","19.19x","$4.07 M","May 7, 2020","","","",""
"Celo","CELO","https://icodrops.com/celo/","$0.1227","-0.77%","$8.5 M","$122.8 M","$72.33 M","1","0.12x","$66.5 M","Apr 30, 2020","Andreessen Horowitz (a16z)","Electric Capital","Polychain Capital","More Details"
"UMA","UMA","https://icodrops.com/uma/","$0.7285","-0.79%","$3.32 M","$92.6 M","$64.92 M","0.96","0.75x","$2.6 M","Apr 29, 2020","Blockchain Capital","Amber Group","IOSG Ventures","More Details"
"xDai","STAKE","https://icodrops.com/xdai/","$0.05468","3.13%","$5.26","$466.83 K","$462.6 K","0.55","0.1x","$945 K","Apr 29, 2020","MetaCartel Ventures","AscendEX","Bixin Ventures","More Details"
"HackenAI","HAI","https://icodrops.com/hackenai/","$0.00637","-0.51%","$146.93 K","$6.11 M","$5.31 M","0.01","0.64x","$400 K","Apr 28, 2020","GBV Capital","Ava Labs","Black Edge Capital","More Details"
"Keep Network","KEEP","https://icodrops.com/keep-network/","$0.0466","4.06%","$8 K","$46.59 M","$45.1 M","0.12","0.39x","$26.55 M","Apr 27, 2020","Andreessen Horowitz (a16z)","Paradigm","Polychain Capital","More Details"
"Sensorium","SENSO","https://icodrops.com/sensorium/","$0.003162","-0.02%","$102.65 K","$2.26 M","$222.19 K","1.47","0.01x","$101.38 K","Apr 25, 2020","","","",""
"Cartesi","CTSI","https://icodrops.com/cartesi/","$0.0338","-0.99%","$2.78 M","$33.83 M","$30.15 M","0.015","2.25x","$800 K","Apr 23, 2020","YZi Labs (prev Binance Labs)","FBG Capital","Artesian VC","More Details"
"KardiaChain","KAI","https://icodrops.com/kardiachain/","$0.0006086","1.90%","$5.53 K","$3.03 M","$2.91 M","0.0014","0.42x","$3.12 M","Apr 18, 2020","Asia Blockchain Review","DCT Solutions","Dung Nguyen","More Details"
"Helium","","https://icodrops.com/helium/","$1.507","1.27%","$2.49 M","$280.41 M","$280.79 M","—","75.18x","$364.8 M","Apr 17, 2020","Andreessen Horowitz (a16z)","Multicoin Capital","Pantera Capital","More Details"
"Solana","SOL","https://icodrops.com/solana/","$127.82","2.75%","$4.13 B","$78.84 B","$71.93 B","0.22","582x","$359.7 M","Apr 10, 2020","Andreessen Horowitz (a16z)","Jump Crypto","Jump Trading","More Details"
"FIO Protocol","FIO","https://icodrops.com/fio-protocol/","$0.01229","0.14%","$585.52 K","$10.31 M","$10.24 M","0.0347","0.35x","$6.27 M","Mar 25, 2020","YZi Labs (prev Binance Labs)","","",""
"Sologenic","SOLO","https://icodrops.com/sologenic/","$0.1347","0.68%","$2.09 M","$53.68 M","$53.72 M","0.25","0.54x","$13.75 M","Mar 5, 2020","","","",""
"Handshake","","https://icodrops.com/handshake/","$0.004293","3.51%","$10.12 K","$2.91 M","$2.91 M","0.1","0.04x","$10.2 M","Feb 5, 2020","Andreessen Horowitz (a16z)","IDEO CoLab Ventures","Pantera Capital","More Details"
"Terra","","https://icodrops.com/terra/","$0.00003967","-2.81%","$19.3 M","$257.78 M","$217.05 M","0.8","0.01x","$134.5 M","Jan 21, 2020","1kx","YZi Labs (prev Binance Labs)","Jump Crypto","More Details"
"Origin Protocol","ORIGIN","https://icodrops.com/origin-protocol/","$0.03043","1.51%","$933.29 K","$42.94 M","$19.88 M","0.14","0.22x","$38.1 M","Jan 9, 2020","Pantera Capital","Strobe (Prev. BlockTower Capital)","BlockVc","More Details"
"Fuse","FUSE","https://icodrops.com/fuse/","$0.007373","-3.38%","$512.08 K","$2.9 M","$1.62 M","0.06","0.12x","$600 K","Jan 6, 2020","Multicoin Capital","Accel","Anatoly Yakovenko","More Details"
"Tap","","https://icodrops.com/tap/","$0.000487","3.55%","$24.12","$4.87 M","$599.94 K","—","0.03x","—","Dec 24, 2019","","","",""
"Orchid Protocol","OXT","https://icodrops.com/orchid-protocol/","$0.02481","4.34%","$966.71 K","$24.02 M","$14.68 M","—","—","$47.8 M","Dec 17, 2019","Andreessen Horowitz (a16z)","Blockchain Capital","Polychain Capital","More Details"
"apM Coin","APM","https://icodrops.com/apm-coin/","$0.0009526","-8.05%","$510.21 K","$1.71 M","$1.47 M","—","0.01x","$5 M","Dec 15, 2019","DWF Labs","","",""
"Klaytn","KLAY","https://icodrops.com/klaytn/","$0.05793","0.57%","$7.35 M","$339.33 M","$339.28 M","0.047","0.18x","$90 M","Dec 15, 2019","Crescendo Equity Partners","IDG Capital","Translink Capital","More Details"
"BiLira","TRYB","https://icodrops.com/bilira/","$0.01966","-1.70%","$9.52","$11.63 M","$3.24 M","—","0.11x","$761.49 K","Dec 15, 2019","Alameda Research","Ava Labs","Borderless Capital","More Details"
"dForce","DF","https://icodrops.com/dforce/","$0.01117","-0.39%","$562.05 K","$11.18 M","$11.17 M","—","—","$1.5 M","Dec 15, 2019","Multicoin Capital","HTX Ventures (previously Huobi Ventures)","CMB International",""
"DSLA Protocol","DSLA","https://icodrops.com/dsla-protocol/","$0.00005719","14.53%","$610.53","$326.31 K","$314.08 K","0.0432","0.01x","$1.23 M","Dec 15, 2019","","","",""
"Ecomi","OMI","https://icodrops.com/ecomi/","$0.0002026","-5.03%","$1.97 M","$62.92 M","$57.25 M","0.00000001","20354x","—","Dec 15, 2019","","","",""
"Etherisc","DIP","https://icodrops.com/etherisc/","$0.00325","2.45%","$38.31","$3.25 M","$779.16 K","0.1","0.03x","$3.89 M","Dec 15, 2019","KR1 (Kryptonite1)","","",""
"Ethos","","https://icodrops.com/ethos/","$0.0004739","-0.53%","$204.3 K","$434.34 K","$370.77 K","—","0.02x","$4.2 M","Dec 15, 2019","Alliance","gumi Cryptos Capital","Tribe Capital","More Details"
"MAP Protocol","","https://icodrops.com/map-protocol/","$0.03996","-5.81%","$219.95 K","$41.04 M","$245.58 M","—","1.43x","$1 M","Dec 15, 2019","DWF Labs","Waterdrip Capital","Gryps","More Details"
"Merge","","https://icodrops.com/merge/","$0.0001088","14.02%","$0","$9.84 K","$9.83 K","—","0.01x","—","Dec 15, 2019","","","",""
"Robonomics","XRT","https://icodrops.com/robonomics/","$0.7836","3.74%","$12.53 K","$1.51 M","$2.26 M","5.78","0.13x","$1.59 M","Dec 15, 2019","","","",""
"Secret Network","SCRT","https://icodrops.com/secret-network/","$0.1094","-0.93%","$534.69 K","$37.59 M","$35.89 M","0.6","1520.92x","$411.5 M","Dec 15, 2019","Arrington Capital","Strobe (Prev. BlockTower Capital)","CoinFund","More Details"
"SOMESING","SSX","https://icodrops.com/somesing/","$0.00002439","0.54%","$80.47 K","$146.34 K","$79.66 K","—","0.01x","—","Dec 15, 2019","DWF Labs","","",""
"Tokenize Xchange","TKX","https://icodrops.com/tokenize-xchange/","$1.78","1.14%","$2.05 K","$142.39 M","$142.39 M","—","11.95x","$11.5 M","Dec 15, 2019","Trive","","",""
"Voyager Token","VGX","https://icodrops.com/voyager-token/","$0.0004739","-0.53%","$204.3 K","$434.34 K","$370.77 K","—","0.02x","$175 M","Dec 15, 2019","Jump Capital","Alameda Research","Stifel Financial",""
"Kusama","KSM","https://icodrops.com/kusama/","$7.22","-2.43%","$6.89 M","$126.63 M","$126.63 M","—","4.22x","$247.76 M","Dec 12, 2019","CoinFund","Continue Capital","Fabric Ventures","More Details"
"Troy Trade","TROY","https://icodrops.com/troy-network/","$0.00007139","6.63%","$16.25 K","$714 K","$713.9 K","0.005","0.01x","$12.4 M","Dec 6, 2019","YZi Labs (prev Binance Labs)","BlockVc","Bixin Ventures","More Details"
"Kadena","KDA","https://icodrops.com/kadena/","$0.009678","-4.13%","$49.15 K","$9.77 M","$3.24 M","1","0.01x","$35.15 M","Dec 6, 2019","Multicoin Capital","CoinFund","SV Angel","More Details"
"LCX","LCX","https://icodrops.com/lcx/","$0.05668","-0.14%","$311.58 K","$53.99 M","$53.82 M","0.06","0.95x","$8.5 M","Dec 3, 2019","","","",""
"Vera","VERA","https://icodrops.com/vera/","$0.00007991","","$56.25 K","$79.91 K","$20.28 K","0.05","0.01x","$4.53 M","Nov 29, 2019","Morningstar Ventures","OKX Ventures","Spark Digital Capital","More Details"
"ShareRing","SHR","https://icodrops.com/sharering/","$0.0002605","1.71%","$129.45 K","$1.73 M","$1.16 M","0.02","0.01x","$40.66 M","Nov 26, 2019","Double Peak","Alpha Sigma Capital","Alphabit Fund",""
"Nervos","CKB","https://icodrops.com/nervos/","$0.002525","-0.05%","$5.29 M","$122.85 M","$121.01 M","0.01","0.25x","$123.42 M","Nov 19, 2019","1confirmation","1kx","Blockchain Capital","More Details"
"Tellor","TRB","https://icodrops.com/tellor/","$20.47","-1.39%","$4.03 M","$57.66 M","$56.24 M","—","—","$400 K","Nov 19, 2019","YZi Labs (prev Binance Labs)","Framework Ventures","DAO Maker","More Details"
"Blockstack","STX","https://icodrops.com/blockstack/","$0.267","0.17%","$9.26 M","$481.41 M","$484.5 M","0.3","0.89x","$76.4 M","Oct 28, 2019","Blockchain Capital","Union Square Ventures","Digital Currency Group (DCG)","More Details"
"Kava Labs","KAVA","https://icodrops.com/kava-labs/","$0.0791","0.16%","$3.41 M","$85.4 M","$85.65 M","0.46","0.16x","$8.48 M","Oct 25, 2019","YZi Labs (prev Binance Labs)","DWF Labs","Arrington Capital","More Details"
"Bitpanda","BEST","https://icodrops.com/bitpanda/","$0.4087","35.44%","$68.66","$324.66 M","—","0.1","4.08x","$539.46 M","Oct 18, 2019","Jump Capital","Wintermute","Alan Howard","More Details"
"Roobee","ROOBEE","https://icodrops.com/roobee/","$0.000139","-0.24%","$192 K","$750.06 K","$570.19 K","0.01","0.01x","$11.4 M","Oct 17, 2019","","","",""
"Azbit","AZ","https://icodrops.com/azbit/","$0.00000231","1.77%","$3.7","$160.43 K","$161.12 K","0.00012","0.02x","$1.22 M","Oct 13, 2019","","","",""
"Velas","VLX","https://icodrops.com/velas/","$0.0008058","2.65%","$391.76","$2.25 M","$2.23 M","0.38","0.01x","$20.05 M","Oct 3, 2019","Alpina Capital","Aurum","BC Vault","More Details"
"Telos","TLOS","https://icodrops.com/telos/","$0.01792","-0.01%","$1.67 M","$8.36 M","$8 M","—","0.18x","$9 M","Sep 19, 2019","ConsenSys","John Lilic","Presto Labs",""
"Band Protocol","BAND","https://icodrops.com/band-protocol/","$0.3358","-0.07%","$4.26 M","$57.51 M","$57.05 M","0.47","0.71x","$10.85 M","Sep 17, 2019","YZi Labs (prev Binance Labs)","Peak XV Partners(ex-Sequoia India)","The Spartan Group","More Details"
"Hedera Hashgraph","HBAR","https://icodrops.com/hashgraph/","$0.1167","0.62%","$59.62 M","$5.84 B","$4.99 B","0.096","1.22x","$123 M","Sep 16, 2019","Strobe (Prev. BlockTower Capital)","Digital Currency Group (DCG)","IBM","More Details"
"Crypto.com","MCO","https://icodrops.com/cro/","$0.09414","0.40%","$9.12 M","$9.26 B","$3.63 B","0.1","0.94x","$26.2 M","Sep 11, 2019","","","",""
"Nestree","EGG","https://icodrops.com/nestree/","$0.001104","-1.47%","$158.39 K","$3.32 M","$3.31 M","0.01","0.11x","$6 M","Sep 9, 2019","Airbloc","Bibox Fund","Blockcloud","More Details"
"MixMarvel","MIX","https://icodrops.com/mixmarvel/","$0.000006","-10.73%","$27.1 K","$58.3 K","$58.26 K","—","0.01x","—","Sep 2, 2019","","","",""
"Ferrum Network","FRM","https://icodrops.com/ferrum-network/","$0.0002287","-5.64%","$48.74 K","$134.17 K","$65.64 K","0.016","0.01x","$1.12 M","Aug 29, 2019","Kosmos Ventures","P2 Ventures","Algorand","More Details"
"DEAPcoin","DEP","https://icodrops.com/deapcoin/","$0.001168","1.23%","$90.74 K","$34.59 M","$34.91 M","0.0025","0.47x","$32 M","Aug 29, 2019","The Spartan Group","JAFCO Asia","",""
"Tokoin","TOKO","https://icodrops.com/tokoin/","$0.000119","0.08%","$14.34 K","$261.93 K","$222.64 K","0.02","0.01x","$25 M","Aug 28, 2019","","","",""
"Gate.IO","GT","https://icodrops.com/gate-io/","$10.45","0.53%","$792.65 K","$1.23 B","$837.67 M","0.28","37.43x","$83 M","Aug 26, 2019","","","",""
"Perlin","PERL","https://icodrops.com/perlin/","$0.0003802","-0.27%","$11.76 K","$186.91 K","$186.65 K","0.0774","0.01x","$60.54 M","Aug 26, 2019","BlockVc","AU21 Capital","Chain Capital","More Details"
"CoinMetro","COIN","https://icodrops.com/coinmetro/","$0.05609","-1.32%","$7.82 K","$17.58 M","$16.95 M","0.13","0.43x","$14.61 M","Aug 1, 2019","Collective Ventures","","",""
"Wink","WIN","https://icodrops.com/wink/","$0.00002955","-2.12%","$2.99 M","$29.34 M","$29.36 M","0.00012","0.25x","$16 M","Aug 1, 2019","YZi Labs (prev Binance Labs)","","",""
"FTX Token","FTT","https://icodrops.com/ftx-token/","$0.4763","0.22%","$2.46 M","$157.21 M","$156.65 M","0.7","0.68x","$1.73 B","Jul 31, 2019","YZi Labs (prev Binance Labs)","Lightspeed Venture Partners","Multicoin Capital","More Details"
"Syntropy","NOIA","https://icodrops.com/syntropy/","$0.002322","-2.26%","$300.6","$494.37 K","$494.59 K","0.033","0.07x","$6.6 M","Jul 31, 2019","Moonrock Capital","TRGC","Mapleblock Capital","More Details"
"Ultra","UOS","https://icodrops.com/ultra/","$0.009154","-1.57%","$335.01 K","$9.21 M","$4.39 M","0.05","0.18x","$23.39 M","Jul 31, 2019","Bitfinex","ZBS Capital","Noia Capital",""
"THORChain","RUNE","https://icodrops.com/thorchain/","$0.5676","1.65%","$39.94 M","$241.22 M","$199.25 M","0.032","17.73x","$6.18 M","Jul 20, 2019","Delphi Digital (Delphi Labs)","IDEO CoLab Ventures","Multicoin Capital","More Details"
"Akropolis","AKRO","https://icodrops.com/akropolis/","$0.000042","0.65%","$12.12 K","$631.35 K","$186.32 K","0.0081","0.01x","$2.4 M","Jul 20, 2019","IDEO CoLab Ventures","The Spartan Group","LedgerPrime",""
"Sero","SERO","https://icodrops.com/sero/","$0.001743","0.23%","$12.06 K","$1.14 M","$776.79 K","0.012","0.15x","$999.12 K","Jul 19, 2019","LD Capital","","",""
"The Force Protocol","FOR","https://icodrops.com/force-protocol/","$0.0005223","-0.68%","$24.21 K","$523.7 K","$415.23 K","0.05","0.01x","$10.3 M","Jul 17, 2019","Spark Digital Capital","Consensus Capital Holdings","AlphaCoin Fund","More Details"
"Prom","PROM","https://icodrops.com/prom/","$8.69","1.33%","$1.64 M","$167.09 M","$158.59 M","1","8.64x","$4.85 M","Jul 17, 2019","DWF Labs","NGC Ventures","",""
"Wirex","WXT","https://icodrops.com/wirex/","$0.002535","2.36%","$297.65 K","$25.29 M","$5.83 M","0.005","0.51x","$29.3 M","Jul 9, 2019","SBI Investment (Group)","","",""
"Elrond Network","ERD","https://icodrops.com/elrond-network/","$6.18","-3.09%","$3.61 M","$177.54 M","$179.25 M","0.65","9.54x","$1.9 M","Jul 2, 2019","YZi Labs (prev Binance Labs)","Electric Capital","Authorito Capital","More Details"
"Chiliz","","https://icodrops.com/chiliz/","$0.03791","2.95%","$79.4 M","$388.38 M","$386.14 M","0.0215","1.78x","$65 M","Jul 1, 2019","YZi Labs (prev Binance Labs)","Jump Crypto","FBG Capital","More Details"
"SWIPE","sxp","https://icodrops.com/swipe-network/","$0.06075","-1.96%","$2.89 M","$40.54 M","$40.52 M","0.2","0.3x","$12 M","Jul 1, 2019","YZi Labs (prev Binance Labs)","","",""
"Ampleforth","AMPL","https://icodrops.com/ampleforth/","$1.229","-0.14%","$8.91 K","$13.83 M","$34.75 M","0.98","1.25x","$9.75 M","Jun 28, 2019","Pantera Capital","Arrington Capital","FBG Capital","More Details"
"Algorand","ALGO","https://icodrops.com/algorand/","$0.1204","-0.71%","$21.78 M","$1.22 B","$1.06 B","2.4","0.05x","$126 M","Jun 22, 2019","DWF Labs","Multicoin Capital","Union Square Ventures","More Details"
"Contentos","COS","https://icodrops.com/contentos/","$0.001252","0.01%","$173.73 K","$12.4 M","$6.48 M","0.015","0.08x","$31.23 M","Jun 22, 2019","YZi Labs (prev Binance Labs)","Node Capital","DHVC","More Details"
"Moviebloc","MBL","https://icodrops.com/moviebloc/","$0.001168","0.29%","$1.28 M","$35.19 M","$22.2 M","0.0012","0.98x","$4.08 M","Jun 21, 2019","DWF Labs","FBG Capital","Chain Partners","More Details"
"Raven Protocol","RAVEN","https://icodrops.com/raven-protocol/","$0.00007617","-20.96%","$1.36 K","$761.1 K","$337.94 K","0.0017","0.06x","$5.6 M","Jun 19, 2019","CoinIX","Mapleblock Capital","NGC Ventures","More Details"
"STP Network","STP","https://icodrops.com/stp/","$0.05615","0.41%","$4.29 M","$109.07 M","$109.07 M","0.01","5.62x","$750 K","Jun 12, 2019","","","",""
"Beldex","BDX","https://icodrops.com/beldex/","$0.09586","-1.54%","$9.48 M","$948.42 M","$716.48 M","—","0.99x","$28 M","Jun 7, 2019","DWF Labs","Enflux","",""
"COTI","COTI","https://icodrops.com/coti/","$0.02214","-1.47%","$1.64 M","$55.39 M","$56.78 M","0.065","0.34x","$19.02 M","Jun 4, 2019","Morningstar Ventures","Base Ventures","Wave Financial Group","More Details"
"Chromia","CHR","https://icodrops.com/chromia/","$0.04131","-0.72%","$2.64 M","$41.53 M","$35.15 M","0.05","0.82x","$12.41 M","May 28, 2019","Arrington Capital","BitScale Capital","JRR Group","More Details"
"Harmony","ONE","https://icodrops.com/harmony/","$0.003944","2.98%","$1.91 M","$58.16 M","$58.4 M","0.0032","1.22x","$23.35 M","May 27, 2019","YZi Labs (prev Binance Labs)","HashKey Capital","Lemniscap","More Details"
"Reserve","RSR","https://icodrops.com/reserve/","$0.002651","-3.44%","$13.58 M","$265.5 M","$164.66 M","0.0011","2.43x","$9.96 M","May 24, 2019","Arrington Capital","Strobe (Prev. BlockTower Capital)","Coinbase Ventures","More Details"
"Bitfinex","LEO","https://icodrops.com/bitfinex/","$8.61","2.21%","$329.21 K","$8.48 B","$7.94 B","1","8.61x","—","May 21, 2019","","","",""
"Leo Token","LEO","https://icodrops.com/leo-token/","$8.61","2.21%","$329.21 K","$8.48 B","$7.94 B","1","8.6x","$1 B","May 21, 2019","SNZ Holding","","",""
"Trias Token","TRIAS","https://icodrops.com/trias-token/","$0.5854","-3.12%","$753.78","$5.85 M","$5.85 M","4","0.18x","$5.6 M","May 14, 2019","","","",""
"CNNS","CNNS","https://icodrops.com/cnns/","$0.00001872","-5.35%","$11.91 K","$187.6 K","$32.93 K","0.006","0.01x","$24.6 M","May 13, 2019","","","",""
"IDEX","IDEX","https://icodrops.com/idex/","$0.009999","-0.28%","$3.12 M","$10 M","$10 M","—","0.31x","$2.5 M","May 9, 2019","G1 Ventures","Borderless Capital","Collider Ventures","More Details"
"Ocean Protocol","OCEAN","https://icodrops.com/oceanprotocol/","$0.1688","2.76%","$36.9 K","$233.07 M","$33.77 M","0.12","1.4x","$39.19 M","May 3, 2019","BlockVc","Digital Currency Group (DCG)","Fabric Ventures","More Details"
"Polygon (ex-Matic Network)","MATIC","https://icodrops.com/matic-network/","$0.109","-0.97%","$335.72 K","$1.09 B","—","0.0026","41.44x","$455.56 M","Apr 26, 2019","Andreessen Horowitz (a16z)","Coinbase Ventures","Peak XV Partners(ex-Sequoia India)","More Details"
"ARPA","ARPA","https://icodrops.com/arpa/","$0.01264","-1.35%","$2.63 M","$25.36 M","$19.21 M","0.018","0.71x","$14.02 M","Apr 26, 2019","YZi Labs (prev Binance Labs)","Arrington Capital","DeFiance Capital","More Details"
"Nash","NEX","https://icodrops.com/neonexchange/","$0.1863","-0.36%","$54.01","$9.31 M","$8.31 M","0.19","1.01x","$22.41 M","Apr 25, 2019","KR1 (Kryptonite1)","NGC Ventures","Badwater Capital","More Details"
"OKB","OKB","https://icodrops.com/okb/","$108.94","0.53%","$11.17 M","$2.29 B","$2.29 B","—","67.39x","$10 M","Apr 24, 2019","Ceyuan Ventures","Giant Network","Mandra Capital","More Details"
"IRIS Network","IRIS","https://icodrops.com/iris-network/","$0.0005562","","$12.29 K","$1.19 M","$904.56 K","0.08","0.01x","$40 M","Apr 18, 2019","8 Decimal Capital","Amino Capital","Consensus Capital Holdings","More Details"
"MultiVAC","MTV","https://icodrops.com/multivac/","$0.0003171","-0.42%","$194.92 K","$3.15 M","$1.14 M","0.006","0.05x","$16.84 M","Apr 11, 2019","Arrington Capital","Hashed","IDG Capital","More Details"
"Bolt","BOLT","https://icodrops.com/bolt/","$0.0001246","0.09%","$143.3","$124.48 K","$119.3 K","—","0.01x","—","Apr 5, 2019","","","",""
"Verasity","VRA","https://icodrops.com/verasity/","$0.0002136","0.94%","$1.02 M","$29.12 M","$18.28 M","0.0075","0.03x","$49.07 M","Apr 3, 2019","Alphabit Fund","Black Green Capital","Cryptecon","More Details"
"Orbs","ORBS","https://icodrops.com/orbs/","$0.01032","0.68%","$4.18 M","$103.2 M","$50.05 M","0.059","0.18x","$128 M","Apr 3, 2019","DWF Labs","","",""
"TOP Network","TOP","https://icodrops.com/top-network/","$0.000096","","$39.93 K","$1.44 M","$1.44 M","0.0026","0.01x","$21.1 M","Mar 28, 2019","Fenbushi Capital","DHVC","Elysium Venture Capital","More Details"
"Celer Network","CELR","https://icodrops.com/celer-network/","$0.003897","1.03%","$1.15 M","$38.93 M","$30.41 M","0.0067","0.58x","$34.73 M","Mar 27, 2019","YZi Labs (prev Binance Labs)","Pantera Capital","Arrington Capital","More Details"
"Cosmos","ATOM","https://icodrops.com/cosmos/","$2.065","-1.85%","$17.51 M","$1 B","$1 B","0.1","20.68x","$37.63 M","Mar 14, 2019","1confirmation","Paradigm","IOSG Ventures","More Details"
"Ankr Network","ANKR","https://icodrops.com/ankr-network/","$0.006527","-2.82%","$5.27 M","$65.5 M","$65.27 M","0.0066","1x","$17.82 M","Mar 6, 2019","YZi Labs (prev Binance Labs)","Pantera Capital","BlockVc","More Details"
"Fetch.ai","FET","https://icodrops.com/fetch-ai/","$0.2196","0.80%","$40.41 M","$595.54 M","$507.73 M","0.0867","2.53x","$74.33 M","Feb 25, 2019","DWF Labs","Ascensive Assets","Outlier Ventures","More Details"
"Hxro Network","HXRO","https://icodrops.com/hxro-network/","$0.003842","11.94%","$688.01","$3.85 M","$2.38 M","—","0.06x","$49 M","Feb 15, 2019","Blockchain Capital","Jump Crypto","Coinbase Ventures","More Details"
"Temco","TEMCO","https://icodrops.com/temco/","$0.000854","3.98%","$383.85 K","$5.15 M","$3.39 M","0.0063","0.14x","$19 M","Feb 4, 2019","256 Ventures","CoinBene","Foundation X","More Details"
"Cloudbric","CLB","https://icodrops.com/cloudbric/","$0.0005272","0.36%","$5.63","$521.69 K","—","0.00008","6.59x","—","Jan 30, 2019","","","",""
"Beam","BEAM","https://icodrops.com/beam-3/","$0.02689","3.73%","$58.63 K","$7.07 M","$5.16 M","3750","0.03x","$5.19 M","Jan 17, 2019","1kx","DWF Labs","Continue Capital","More Details"
"LTO Network","LTO","https://icodrops.com/ltonetwork/","$0.003407","2.94%","$156.95 K","$996.83 K","$991.59 K","0.03","0.11x","$4.03 M","Jan 16, 2019","ZBS Capital","","",""
"MVL Chain","MVL","https://icodrops.com/mvl-chain/","$0.001673","1.02%","$171.69 K","$50.37 M","$46.26 M","0.0024","0.7x","—","Jan 3, 2019","","","",""
"Republic Protocol","REN","https://icodrops.com/republic-protocol/","$0.005604","3.55%","$668.04 K","$5.63 M","$5.56 M","0.0561","0.1x","$33.77 M","Dec 31, 2018","Polychain Capital","BlockVc","FBG Capital","More Details"
"Livepeer","LPT","https://icodrops.com/livepeer/","$2.93","-1.35%","$11.41 M","$141.54 M","$141.06 M","0.5","5.89x","$52 M","Dec 19, 2018","Multicoin Capital","6MV (6th Man Ventures)","Coinbase Ventures","More Details"
"AERGO","AERGO","https://icodrops.com/aergo/","$0.05955","-1.19%","$5.19 M","$29.84 M","$29.18 M","0.19","0.32x","$28.74 M","Dec 17, 2018","Sequoia Capital","Arrington Capital","Chainfund Capital","More Details"
"FOAM Protocol","FOAM","https://icodrops.com/foam-protocol/","$0.00006795","25.19%","$99.13","$67.95 K","$67.95 K","0.055","0.01x","$16.75 M","Dec 11, 2018","Placeholder","Distributed Global","GBV Capital","More Details"
"Theta token","Theta","https://icodrops.com/theta-token/","$0.2775","-0.41%","$6.79 M","$277.2 M","$277.5 M","0.067","4.15x","$137 M","Dec 7, 2018","DWF Labs","DCM Ventures","Fundamental Labs","More Details"
"MXC","MXC","https://icodrops.com/mxc/","$0.0001428","57.54%","$22.81 K","$444.47 K","$445.09 K","0.015","0.02x","$14 M","Dec 7, 2018","Fenbushi Capital","HTX Ventures (previously Huobi Ventures)","IOSG Ventures","More Details"
"Quadrant Protocol","eQuad","https://icodrops.com/quadrant-protocol/","$0.002417","-0.29%","$248.95","$2.42 M","$1.31 M","0.05","0.05x","$15.5 M","Dec 5, 2018","Kenetic Capital","Alpha JWC Ventures","Alvaro Garnero","More Details"
"Humanscape","HUM","https://icodrops.com/humanscape/","$0.02144","1.80%","$160.09 K","$23.27 M","$22.18 M","0.0002","107x","$15.54 M","Nov 8, 2018","GC Pharma","KDB Bank","RISE Conference","More Details"
"FANTOM","FTM","https://icodrops.com/fantom/","$0.07913","2.34%","$8.42 K","$251.24 M","$221.85 M","0.04","1.99x","$51.3 M","Oct 30, 2018","Jump Crypto","Arrington Capital","Fernando Martinelli","More Details"
"Divi Project","DIVI","https://icodrops.com/divi-project/","$0.001252","-3.26%","$54.61 K","$5.67 M","$5.67 M","0.0048","0.26x","$2.7 M","Oct 12, 2018","","","",""
"Metadium","META","https://icodrops.com/metadium/","$0.01077","1.53%","$388.21 K","$20.8 M","$18.58 M","0.0425","0.25x","$23.66 M","Oct 9, 2018","1kx","500 Startups","Arrington Capital","More Details"
"Energi","","https://icodrops.com/energi/","$0.0247","-0.12%","$102.97 K","$2.49 M","$2.49 M","—","0.09x","$50 M","Aug 24, 2018","Global Emerging Markets (GEM Digital Limited)","","",""
"Quant Network","QNT","https://icodrops.com/quant-network/","$73.23","-1.08%","$5.09 M","$1.09 B","$884.09 M","1.51","48.85x","$26 M","Aug 10, 2018","Alchemmy","Alpha Sigma Capital","Antonio Furtado",""
"ProximaX","XPX","https://icodrops.com/proximax/","$0.0004066","10.50%","$503.39","$3.66 M","$2.64 M","0.0094","0.04x","$7.2 M","Aug 9, 2018","","","",""
"AVINOC","AVINOC","https://icodrops.com/avinoc/","$0.003907","7.13%","$228.89","$3.91 M","$1.52 M","0.05","0.08x","—","Aug 7, 2018","","","",""
"Vechain","VET","https://icodrops.com/vechain/","$0.01132","-0.84%","$12.74 M","$975.93 M","$973.35 M","—","0.75x","—","Aug 3, 2018","BlockVc","BlockVenture","Fenbushi Capital","More Details"
"Arweave","AR","https://icodrops.com/arweave/","$3.68","-1.30%","$13.18 M","$241.93 M","$241.6 M","0.13","27.88x","$23.57 M","Jul 18, 2018","1kx","Andreessen Horowitz (a16z)","eGirl Capital","More Details"
"Rocket Pool","RPL","https://icodrops.com/rocket-pool/","$2.08","3.48%","$4.04 M","$46.27 M","$45.83 M","0.98","2.14x","$5.47 M","Jul 18, 2018","Coinbase Ventures","ConsenSys","",""
"Everipedia","IQ","https://icodrops.com/everipedia/","$0.00156","0.70%","$846.61 K","$37.73 M","$37.71 M","—","0.03x","$30 M","Jul 13, 2018","Galaxy","EOS VC Fund","",""
"OneLedger","OLT","https://icodrops.com/oneledger/","$0.0003057","26.81%","$138.52 K","$304.7 K","$154.97 K","0.052","0.01x","$15 M","Jul 12, 2018","Digital Strategies","Eden Block","MW Partners Group","More Details"
"Mossland","MOC","https://icodrops.com/mossland/","$0.03427","0.53%","$317.66 K","$17.23 M","$15.06 M","0.12","0.29x","$32.36 M","Jul 11, 2018","","","",""
"Essentia","ESS","https://icodrops.com/essentia/","$0.00006803","0.23%","$12.23 K","$119.19 K","$73.51 K","0.0429","0.01x","$25.5 M","Jul 6, 2018","Bitfinex","Kenetic Capital","Kosmos Ventures","More Details"
"Mainframe","MFT","https://icodrops.com/mainframe/","$0.0005225","7.86%","$67.48","$5.23 M","$4.9 M","0.0036","0.15x","$17.49 M","Jul 5, 2018","1kx","Arrington Capital","Strobe (Prev. BlockTower Capital)","More Details"
"Cardstack","CARD","https://icodrops.com/cardstack/","$0.0004712","1.60%","$41.02 K","$2.83 M","$1.41 M","0.017","0.03x","$35.16 M","Jul 3, 2018","Kosmos Ventures","","",""
"0chain","ZCN","https://icodrops.com/0chain/","$0.002465","6.14%","$538.37","$493 K","$119.31 K","1.4","0.01x","$51.5 M","Jul 2, 2018","","","",""
"Ternio","TERN","https://icodrops.com/ternio/","$0.000609","0.21%","$1.45","$548.59 K","$263.63 K","0.1","0.01x","$6 M","Jun 27, 2018","","","",""
"Metronome","MET","https://icodrops.com/metronome/","$0.494","1.85%","$3.15 K","$7.11 M","$4.27 M","1.27","0.39x","$12.1 M","Jun 26, 2018","","","",""
"Constellation Labs","DAG","https://icodrops.com/constellation/","$0.01199","0.21%","$1.83 M","$35.96 M","$34.45 M","0.0462","0.26x","$33.7 M","Jun 20, 2018","MW Partners Group","BATshit","ChainRock","More Details"
"Sentinel Protocol","UPP","https://icodrops.com/sentinel-protocol/","$0.01939","2.53%","$62.97 K","$10.81 M","$9.72 M","0.12","0.17x","$27.7 M","Jun 18, 2018","Hashed","Boost VC","Draper Dragon","More Details"
"GoChain","GO","https://icodrops.com/gochain/","$0.000699","-0.40%","$392.89","$1.38 M","$934.31 K","0.0343","0.03x","$16.94 M","Jun 13, 2018","AmaZix","AngFund","BlockoxFund","More Details"
"The Abyss (DAICO)","ABYSS","https://icodrops.com/theabyss/","$0.005735","-6.90%","$54.46 K","$2.9 M","$1.31 M","0.08","0.07x","$15.36 M","Jun 7, 2018","","","",""
"QuarkChain","QKC","https://icodrops.com/quarkchain/","$0.004047","-0.78%","$470.45 K","$40.51 M","$29.12 M","0.0197","0.2x","$20 M","Jun 4, 2018","Blockchain Capital","500 Startups","BlockVc","More Details"
"Plian","PI","https://icodrops.com/plian/","$0.0001795","-7.31%","$12.45 K","$279.66 K","$182.88 K","0.0533","0.01x","$29.24 M","Jun 4, 2018","BlockVc","Fundamental Labs","",""
"Phantasma Chain","SOUL","https://icodrops.com/phantasma-protocol/","$0.01866","4.45%","$101.16 K","$2.22 M","$2.32 M","0.23","0.08x","$9.91 M","May 28, 2018","","","",""
"NKN","NKN","https://icodrops.com/nkn/","$0.01209","-1.07%","$341.34 K","$9.62 M","$9.62 M","0.13","0.1x","$27.03 M","May 28, 2018","Arrington Capital","BlockVc","Fenbushi Capital","More Details"
"Travala","AVA","https://icodrops.com/travala/","$0.2896","-0.63%","$5.52 M","$20.61 M","$20.58 M","—","1.28x","$2.86 M","May 28, 2018","YZi Labs (prev Binance Labs)","","",""
"IoTeX","IOTX","https://icodrops.com/iotex/","$0.007471","0.76%","$3.16 M","$70.49 M","$70.54 M","0.17","0.04x","$70.52 M","May 25, 2018","Amber Group","BlockVc","HashKey Capital","More Details"
"Morpheus Network","MORPH","https://icodrops.com/morpheus-network/","$0.05663","6.43%","$6.4 K","$2.72 M","$2.71 M","0.45","0.13x","$9.88 M","May 22, 2018","","","",""
"Unibright","UBT","https://icodrops.com/unibright/","$0.0318","-10.25%","$34.14 K","$4.79 M","$4.77 M","0.14","0.23x","$15.34 M","May 21, 2018","","","",""
"Skrumble Network","SKM","https://icodrops.com/skrumble-network/","$0.00002528","4.05%","$11.64 K","$37.92 K","$26.64 K","0.051","0.01x","$15.75 M","May 10, 2018","BlockVc","One Block Capital","LBank Ventures","More Details"
"Celsius","CEL","https://icodrops.com/celsius/","$0.07594","260.53%","$3.22 M","$2.79 M","$2.71 M","0.3","0.26x","$908.1 M","May 3, 2018","gumi Cryptos Capital","Alpha Sigma Capital","BnkToTheFuture","More Details"
"Nexo","NEXO","https://icodrops.com/nexo/","$0.9166","0.63%","$8.38 M","$918.6 M","$916.6 M","0.1","9.25x","$52.5 M","May 1, 2018","Arrington Capital","Blockground Capital","Kenneth A. Goodwin Jr","More Details"
"Holo","HOT","https://icodrops.com/holo/","$0.0004908","-1.77%","$4 M","$87.26 M","$86.04 M","0.00015","3.28x","$20.65 M","Apr 30, 2018","","","",""
"FintruX","FTX","https://icodrops.com/fintrux/","$0.0007144","0.31%","$23.99","$71.34 K","$59.55 K","0.3","0.01x","$36.56 M","Apr 23, 2018","","","",""
"Auctus","AUC","https://icodrops.com/auctus/","$0.0006654","0.31%","$57.51","$43.74 K","$23.65 K","0.28","0.01x","$7.5 K","Apr 20, 2018","","","",""
"Cortex","CTXC","https://icodrops.com/cortex-ai/","$0.002369","-77.89%","$634.55 K","$710.21 K","$556.72 K","0.58","0.01x","$34.87 M","Apr 16, 2018","Arrington Capital","Bitmain","Continue Capital","More Details"
"XDC Network","XDC","https://icodrops.com/xdc-network/","$0.05199","3.46%","$22.54 M","$1.98 B","$963.22 M","—","17.94x","$50 M","Apr 13, 2018","LDA Capital","","",""
"PolySwarm","NCT","https://icodrops.com/polyswarm/","$0.009952","2.58%","$471.25 K","$18.77 M","$18.76 M","0.0225","0.44x","$26 M","Apr 10, 2018","George Burke","Joel Deitz","Science Blockchain",""
"Rentberry","BERRY","https://icodrops.com/rentberry/","$0.0003071","0.10%","$3.42","$92.58 K","$92.58 K","0.4","0.01x","$27.5 M","Apr 7, 2018","","","",""
"Switcheo","SWTH","https://icodrops.com/switcheo-network/","$0.0005525","-0.28%","$33.01","$946.59 K","$875.99 K","0.016","0.03x","$10.88 M","Apr 2, 2018","HTX Ventures (previously Huobi Ventures)","Digital Asset Capital Management (DACM)","Kosmos Ventures","More Details"
"Solve.Care","CAN","https://icodrops.com/solve-care/","$0.0001206","2.35%","$5.3","$117.7 K","$84.44 K","0.1","0.01x","$23 M","Mar 31, 2018","","","",""
"Wanchain","WAN","https://icodrops.com/wanchain/","$0.07511","0.82%","$211.45 K","$14.95 M","$14.93 M","0.34","0.22x","$35.99 M","Mar 23, 2018","BlockVenture","Chainfund Capital","8 Decimal Capital","More Details"
"Synthetix","SNX","https://icodrops.com/synthetix/","$0.4443","-1.14%","$12.21 M","$152.79 M","$152.6 M","0.76","0.58x","$65.38 M","Mar 15, 2018","DWF Labs","Framework Ventures","Paradigm","More Details"
"TE-FOOD","TFD","https://icodrops.com/te-food/","$0.0002458","-13.27%","$153.88","$245.9 K","$245.8 K","0.000047","5.23x","$22.92 K","Mar 10, 2018","","","",""
"BABB","BAX","https://icodrops.com/babb/","$0.000019","1.25%","$15.32 K","$1.9 M","$1.57 M","0.0012","0.02x","$30 M","Mar 9, 2018","","","",""
"TomoCoin","TOMO","https://icodrops.com/tomocoin/","$0.09146","1.25%","$691.55 K","$19.2 M","$11.32 M","0.25","0.37x","$9.25 M","Mar 8, 2018","DWF Labs","Hashed","One Block Capital","More Details"
"Ontology Network","ONT","https://icodrops.com/ontology-network/","$0.08713","27.78%","$74.77 M","$87.1 M","$80.08 M","0.2","0.44x","—","Mar 8, 2018","Sequoia Capital","Accomplice","BlockVc","More Details"
"Refereum","RFR","https://icodrops.com/refereum/","$0.000016","35.00%","$14.71 K","$81.79 K","$79.99 K","0.01","0.01x","$27.4 M","Mar 1, 2018","","","",""
"ArcBlock","ABT","https://icodrops.com/arcblock/","$0.2639","3.00%","$110.16 K","$48.71 M","$26.01 M","0.5","0.52x","$46.5 M","Feb 26, 2018","Node Capital","DHVC","OK Blockchain Capital","More Details"
"Nucleus.Vision","nCash","https://icodrops.com/nucleus-vision/","$0.0000334","","$0","$334 K","$96.91 K","0.01","0.01x","$40 M","Feb 26, 2018","CS Rao","Darshan Patel","Indusage Partners","More Details"
"Fusion","FSN","https://icodrops.com/fusion/","$0.004465","-1.70%","$137.71","$349.63 K","$349.32 K","2.06","0.01x","$53.44 M","Feb 16, 2018","Continue Capital","TRGC","Kosmos Ventures","More Details"
"Cashaa","CAS","https://icodrops.com/cashaa/","$0.0003915","-1.58%","$195.22","$391.2 K","$391.5 K","0.1","0.01x","$16.11 M","Feb 15, 2018","O1ex","","",""
"Bluzelle","BLZ","https://icodrops.com/bluzelle/","$0.0164","26.65%","$1.28 M","$8.39 M","$7.6 M","0.12","0.14x","$21.3 M","Feb 6, 2018","Hashed","8 Decimal Capital","Kenetic Capital","More Details"
"Huobi token","HT","https://icodrops.com/huobi-token/","$0.2149","0.75%","$13.95 K","$43.24 M","$23.51 M","1.51","0.14x","$300 M","Feb 3, 2018","","","",""
"SwissBorg","CHSB","https://icodrops.com/swissborg/","$0.2606","-4.06%","$876.55 K","$268.84 M","$255.97 M","0.1","2.6x","$87.7 M","Feb 3, 2018","Bitgo","Crypto Valley Association","OpenZeppelin","More Details"
"Elastos","ELA","https://icodrops.com/elastos/","$1.106","1.01%","$769.69 K","$28.92 M","$25.49 M","13.68","0.08x","$114.07 M","Feb 1, 2018","One Block Capital","KR1 (Kryptonite1)","MW Partners Group","More Details"
"MatrixChain","MAN","https://icodrops.com/matrixchain/","$0.003031","3.71%","$28.95 K","$2.34 M","$1.43 M","0.36","0.01x","$13.23 K","Jan 27, 2018","","","",""
"ZILLIQA","ZIL","https://icodrops.com/zilliqa/","$0.004918","-0.01%","$6.77 M","$99.89 M","$96.54 M","0.0039","1.27x","$22 M","Jan 26, 2018","Chainfund Capital","Continue Capital","FBG Capital","More Details"
"Crypterium","CRPT","https://icodrops.com/crypterium/","$0.000839","","$24.77","$79.42 K","$79.42 K","0.75","0.01x","$50.8 M","Jan 22, 2018","Pario Ventures","Seedrs","",""
"Mobius","MOBI","https://icodrops.com/mobius/","$0.002058","-2.33%","$12.53 K","$1.83 M","$1.06 M","0.15","0.01x","$38.87 M","Jan 20, 2018","Nirvana Capital","Camp One Ventures","Du Capital","More Details"
"SingularityNET","AGI","https://icodrops.com/singularitynet/","$0.09463","2.57%","$11.39 K","$130.42 M","$24.85 M","0.1","0.95x","$57.85 M","Jan 19, 2018","Fundamental Labs","Kosmos Ventures","SVK Crypto","More Details"
"Selfkey","KEY","https://icodrops.com/selfkey/","$0.000213","-1.92%","$11.49 K","$1.29 M","$1.28 M","0.015","0.01x","$29.7 M","Jan 15, 2018","Digital Renaissance","Astronaut Capital","Signal Ventures",""
"Telcoin","Telcoin","https://icodrops.com/telco/","$0.004307","1.60%","$1.13 M","$429 M","$409.92 M","0.001","4.29x","$60 M","Jan 15, 2018","Batara Eto","","",""
"trade.io","TIO","https://icodrops.com/trade-io/","$0.025","2.48%","$128.51","$5.58 M","—","1","0.02x","$31.17 M","Jan 12, 2018","","","",""
"Zap Store","ZAP","https://icodrops.com/zap-store/","$0.0007552","2.30%","$4.54","$392.44 K","$178.34 K","0.15","0.01x","$2.83 M","Jan 12, 2018","","","",""
"GET Protocol","GET","https://icodrops.com/get-protocol/","$0.08939","0.85%","$36.46","$2.09 M","$1.02 M","0.97","0.09x","$15.98 M","Jan 11, 2018","Animoca Brands","Flow Ventures","FunFair Ventures","More Details"
"CanYa","CAN","https://icodrops.com/canya/","$0.003563","-19.07%","$23.75","$341.14 K","$114.25 K","0.1","0.04x","$10.61 K","Jan 8, 2018","","","",""
"Game.com","GTC","https://icodrops.com/game-com/","$0.00004337","-1.52%","$6.06 K","$87.28 K","—","0.12","0.01x","$16.04 M","Jan 3, 2018","","","",""
"BitMax.io","BTMX","https://icodrops.com/bitmax/","$1.26","-5.94%","$8.49 M","$944.14 M","$744.24 M","0.0048","262.5x","$30 K","Jan 1, 2018","","","",""
"xMoney (UTRUST)","UTRUST","https://icodrops.com/utrust/","$0.01284","0.55%","$159.64 K","$12.82 M","$9.04 M","0.065","0.2x","$42.88 M","Dec 29, 2017","Alchemist Accelerator","Andreas Schwartz","MultiversX","More Details"
"DeepBrain Chain","DBC","https://icodrops.com/deepbrain-chain/","$0.0001806","8.93%","$13.22 K","$1.81 M","$980.47 K","0.0158","0.01x","$248 K","Dec 28, 2017","","","",""
"Sirin Labs","SRN","https://icodrops.com/sirin-labs/","$0.0001983","0.30%","$1.94","$113.29 K","$105.65 K","0.001","0.2x","$157.89 M","Dec 28, 2017","","","",""
"aelf","ELF","https://icodrops.com/aelf/","$0.0862","0.65%","$1.61 M","$85.8 M","$70.36 M","0.099","0.87x","$65.75 M","Dec 23, 2017","1kx","Bitmain","FBG Capital","More Details"
"MediBloc","MED","https://icodrops.com/medibloc/","$0.002468","-0.29%","$193.16 K","$28.27 M","$26.27 M","0.0088","0.28x","$10.63 M","Dec 22, 2017","Hashed","Company K Partners Overview","HG Ventures","More Details"
"Storm","STORM","https://icodrops.com/storm/","$0.00005597","-3.66%","$11.95 K","$700 K","$691.37 K","0.0113","0.01x","$41.01 M","Dec 20, 2017","Hashed","Kosmos Ventures","AmpliFi","More Details"
"Ost","OST","https://icodrops.com/ost/","$0.00002346","-7.45%","$5.57 K","$18.77 K","$16.22 K","0.0889","0.01x","$21.73 M","Dec 19, 2017","500 Startups","Kenetic Capital","SVK Crypto","More Details"
"LockChain","LOC","https://icodrops.com/lockchain/","$0.06706","0.42%","$39.36","$1.25 M","$1.11 M","0.53","0.13x","$4.1 M","Dec 18, 2017","Webjet.com.au","","",""
"Filecoin","FIL","https://icodrops.com/filecoin/","$1.346","-1.46%","$78.04 M","$2.65 B","$982.18 M","1.91","0.71x","$205.92 M","Dec 14, 2017","Sequoia Capital","Union Square Ventures","Digital Currency Group (DCG)","More Details"
"Maker","MKR","https://icodrops.com/maker/","$1506.07","1.51%","$305.42 K","$1.31 B","—","500","3.02x","$54.5 M","Dec 12, 2017","1confirmation","Andreessen Horowitz (a16z)","Paradigm","More Details"
"Presearch","PST","https://icodrops.com/presearch/","$0.003415","-2.98%","$5.49 K","$3.41 M","$1.35 M","0.25","0.01x","$35.5 M","Dec 5, 2017","","","",""
"Dragonchain","DRGN","https://icodrops.com/dragonchain/","$0.00889","1.38%","$101.49 K","$3.85 M","$3.3 M","0.063","0.14x","$15 M","Dec 3, 2017","","","",""
"BLOCKv","VEE","https://icodrops.com/blockv/","$0.01086","-3.20%","$291.68 K","$39.34 M","$39.6 M","0.02","0.54x","$21.6 M","Nov 28, 2017","","","",""
"Electroneum","ETN","https://icodrops.com/electroneum/","$0.001236","-2.38%","$529.72 K","$22.22 M","$22.22 M","0.0066","0.19x","$39.93 M","Nov 2, 2017","Nio Pomilia","","",""
"PowerLedger","POWR","https://icodrops.com/powerledger/","$0.08406","-0.41%","$1.97 M","$84.22 M","$47.76 M","0.0838","1x","$29.24 M","Nov 1, 2017","Blockchain Capital","Fundamental Labs","Galaxy","More Details"
"Oracles Network","POA","https://icodrops.com/oracles-network/","$0.00033","0.92%","$0","$18.81 M","$55.9 K","0.0745","0.01x","$12.64 M","Nov 1, 2017","","","",""
"Enjin Coin","ENJ","https://icodrops.com/enjin-coin/","$0.02839","-0.37%","$8.07 M","$55.53 M","$54.41 M","0.05","0.57x","$32.19 M","Nov 1, 2017","Arrington Capital","Blockchain.com Ventures","Strobe (Prev. BlockTower Capital)","More Details"
"DOVU","DOV","https://icodrops.com/dovu/","$0.00004657","0.84%","$6.87","$44.9 K","$14.38 K","0.11","0.01x","$6.64 M","Oct 28, 2017","Creative UK","InMotion Ventures","",""
"ICE","","https://icodrops.com/ice/","$0.05617","0.23%","$1.47 M","$62.18 M","$61 M","—","0.14x","—","Oct 27, 2017","","","",""
"ICON","ICX","https://icodrops.com/icon/","$0.05617","0.23%","$1.47 M","$61.84 M","$61 M","0.11","0.51x","$41.25 M","Oct 27, 2017","Pantera Capital","Kenetic Capital","Blockchange Ventures","More Details"
"Nuls","","https://icodrops.com/nuls/","$0.004666","-17.88%","$118.33","$980.49 K","$533.05 K","—","0.05x","—","Oct 25, 2017","DWF Labs","","",""
"KuCoin","","https://icodrops.com/kucoin/","$10.9","0.40%","$1.64 M","$1.55 B","$1.41 B","0.25","43.53x","$45 M","Oct 24, 2017","IDG Capital","Matrix Partners","NEO",""
"AirDAO","AMB","https://icodrops.com/airdao/","$0.00002192","4.98%","$1.59 K","$306.26 K","$166.32 K","—","0.01x","$10 M","Oct 23, 2017","DWF Labs","","",""
"Request Network","REQ","https://icodrops.com/request-network/","$0.1038","-0.14%","$1.22 M","$102.84 M","$82.7 M","0.0672","1.56x","$33.6 M","Oct 20, 2017","Plasma Capital","Y Combinator","",""
"Aion","AION","https://icodrops.com/aion/","$0.0004045","-0.03%","$32.88 K","$212.89 K","$225.07 K","1","0.01x","$43.01 M","Oct 18, 2017","DHVC","GBV Capital","Youbi Capital","More Details"
"AirSwap","AST","https://icodrops.com/airswap/","$0.0157","","$31.72 K","$7.85 M","$2.74 M","0.35","0.04x","$35.82 M","Oct 17, 2017","FBG Capital","Kenetic Capital","Blockchain Partners Korea","More Details"
"Cindicator","CND","https://icodrops.com/cindicator/","$0.0000695","-0.54%","$18.14","$139 K","$134.08 K","0.01","0.01x","$15 M","Oct 13, 2017","","","",""
"Viberate","VIB","https://icodrops.com/viberate/","$0.0001964","-33.16%","$9.65","$39.28 K","$39.28 K","0.1","0.01x","$12.56 M","Oct 6, 2017","ABC Accelerator","","",""
"Tezos","XTZ","https://icodrops.com/tezos/","$0.5046","2.46%","$20.3 M","$541.23 M","$540.06 M","0.38","1.32x","$242 M","Oct 2, 2017","Polychain Capital","BitScale Capital","Boost VC",""
"Cardano","ADA","https://icodrops.com/cardano/","$0.3761","0.36%","$359.22 M","$16.93 B","$13.51 B","0.0024","157x","$62.25 M","Oct 1, 2017","James Sowers","Julian Sarokin","MKT","More Details"
"SALT","SALT","https://icodrops.com/salt/","$0.01071","32.01%","$5.47 K","$1.29 M","$1.29 M","0.89","0.01x","$49.5 M","Sep 29, 2017","","","",""
"Kin","KIN","https://icodrops.com/kin/","$0.00000069","0.03%","$59.24 K","$1.88 M","$1.9 M","0.00000043","1.6x","$168.73 K","Sep 27, 2017","","","",""
"ChainLink","LINK","https://icodrops.com/chainlink/","$12.81","2.73%","$201.47 M","$12.81 B","$9.07 B","0.11","116x","$61 M","Sep 20, 2017","Framework Ventures","Fundamental Labs","Nirvana Capital","More Details"
"Decentraland","MANA","https://icodrops.com/decentraland/","$0.1256","1.08%","$9.23 M","$276.12 M","$247.4 M","0.073","1.72x","$26 M","Sep 17, 2017","CoinFund","Digital Currency Group (DCG)","Fabric Ventures","More Details"
"Tron","TRX","https://icodrops.com/tron/","$0.2837","0.38%","$220.44 M","$26.96 B","$26.86 B","0.00000038","746578.95x","$77.71 M","Sep 13, 2017","Binsen Tang","Chaoyong Wang","Charles Xue","More Details"
"Aventus","AVT","https://icodrops.com/aventus/","$0.905","4.64%","$123.79 K","$9 M","$5.43 M","3.4","0.26x","$18.7 M","Sep 6, 2017","Gate.io","Bittrex","Catapul Digital","More Details"
"Monetha","MTH","https://icodrops.com/monetha/","$0.0001345","2.05%","$0","$54.12 K","$47.36 K","0.16","0.01x","$95 K","Sep 6, 2017","","","",""
"Loopring","LRC","https://icodrops.com/loopring/","$0.05337","-1.58%","$6.37 M","$72.82 M","$73.01 M","0.067","0.79x","$45 M","Aug 30, 2017","Fundamental Labs","G2H2 Capital","NEO","More Details"
"0x","ZRX","https://icodrops.com/0x/","$0.1333","5.89%","$17.99 M","$134.1 M","$113.09 M","0.048","2.81x","$109 M","Aug 16, 2017","Blockchain Capital","Pantera Capital","Polychain Capital","More Details"
"Dent","DENT","https://icodrops.com/dent/","$0.0002094","0.24%","$1.92 M","$20.88 M","$20.94 M","0.0005","0.42x","$35 M","Aug 12, 2017","","","",""
"district0x","DNT","https://icodrops.com/district0x/","$0.01326","5.18%","$694.67 K","$13.26 M","$13.26 M","—","0.71x","$9 M","Aug 3, 2017","Boost VC","George Burke","",""
"Binance coin","BNB","https://icodrops.com/binancecoin/","$859.97","1.98%","$652.56 M","$118.59 B","$118.45 B","0.15","5742x","$35 M","Jul 25, 2017","Sequoia Capital","Black Hole Capital","Chandler Guo","More Details"
"Civic","CVC","https://icodrops.com/civic/","$0.04208","0.68%","$6.46 M","$42.14 M","$42.08 M","0.1","0.42x","$35.75 M","Jul 17, 2017","Blockchain Capital","Pantera Capital","Digital Currency Group (DCG)","More Details"
"OmiseGo","OMG","https://icodrops.com/omisego/","$0.08258","2.82%","$3.26 M","$11.63 M","$11.58 M","0.27","0.3x","$25 M","Jul 14, 2017","Pantera Capital","Continue Capital","Fundamental Labs","More Details"
"Storj","STORJ","https://icodrops.com/storj/","$0.1449","-9.49%","$48.47 M","$62.05 M","$61.29 M","0.41","0.36x","$35.67 M","Jul 2, 2017","BnkToTheFuture","Gabriel Jarrosson","George Burke","More Details"
"EOS","EOS","https://icodrops.com/eos/","$0.1618","0.60%","$38.36 K","$339.78 M","—","4.56","0.04x","$4.21 B","Jul 1, 2017","Blockchain Capital","DWF Labs","Bitmain","More Details"
"Status Network","SNT","https://icodrops.com/status-network/","$0.01438","1.64%","$2.29 M","$97.51 M","$68.99 M","0.035","0.41x","$105 M","Jun 28, 2017","Fabric Ventures","Fundamental Labs","Kenetic Capital","More Details"
"TenX","PAY","https://icodrops.com/tenx/","$0.001815","-1.59%","$32.55","$377.81 K","$372.47 K","1.07","0.01x","$81.12 M","Jun 27, 2017","Vitalik Buterin","Fenbushi Capital","Bo Shen","More Details"
"Numeraire","NMR","https://icodrops.com/numeraire/","$9.62","-0.30%","$4.62 M","$102.46 M","$73.98 M","—","0.27x","$50 M","Jun 23, 2017","Paradigm","Union Square Ventures","CoinFund","More Details"
"Bancor","BNT","https://icodrops.com/bancor/","$0.4121","1.54%","$1.05 M","$47.42 M","$47.47 M","3.85","0.11x","$152.3 M","Jun 18, 2017","Blockchain Capital","ICONIZ","KR1 (Kryptonite1)","More Details"
"IOTA","MIOTA","https://icodrops.com/iota/","$0.08698","-0.40%","$2.72 M","$400.15 M","$366.42 M","0.00059","148x","$100.59 M","Jun 13, 2017","HTX Ventures (previously Huobi Ventures)","Signum Capital","LD Capital","More Details"
"Veritaseum","VERI","https://icodrops.com/veritaseum/","$9.35","5.07%","$1.82 K","$934 M","—","3.13","2.98x","$6.74 M","Jun 8, 2017","","","",""
"Basic Attention Token","BAT","https://icodrops.com/basic-attention-token/","$0.2212","-0.09%","$19.94 M","$333.9 M","$330.85 M","0.024","9.27x","$24 M","Jun 1, 2017","Fundamental Labs","Genesis One Capital","ICONIUM","More Details"
"Gnosis","GNO","https://icodrops.com/gnosis/","$129.1","3.25%","$6.1 M","$387.95 M","$340.73 M","29.84","4.35x","$12.5 M","May 1, 2017","G2H2 Capital","James Sowers","",""
"Chrono.tech","TIME","https://icodrops.com/chrono-tech/","$5.24","-2.26%","$250.4 K","$3.71 M","$3.72 M","159.63","0.03x","$30.15 M","Feb 27, 2017","Mark Carnegie","","",""
"ChronoBank","TIME","https://icodrops.com/chronobank/","$5.24","-2.26%","$250.4 K","$3.69 M","$3.72 M","10","0.52x","$5.41 M","Feb 27, 2017","","","",""
"Enzyme","MLN","https://icodrops.com/enzyme/","$4.84","-1.63%","$2.17 M","$14.43 M","$14.46 M","3.87","1.25x","$2.9 M","Feb 22, 2017","DeFiance Capital","Placeholder","Kenetic Capital","More Details"
"Zcash","ZEC","https://icodrops.com/zcash/","$527.37","1.64%","$402.87 M","$8.7 B","$8.68 B","15.24","34.65x","$3 M","Oct 29, 2016","Pantera Capital","Digital Currency Group (DCG)","Fenbushi Capital","More Details"
"Pluton","PLU","https://icodrops.com/pluton/","$0.1385","-3.51%","$78.61 K","$2.27 M","$2.34 M","1.18","0.11x","$6.01 M","Sep 17, 2016","Alphabit Fund","","",""
"NEO","NEO","https://icodrops.com/neo/","$3.853","1.71%","$10.47 M","$387.6 M","$271.79 M","0.032","21.23x","$105.06 M","Sep 9, 2016","Chain Capital","PMT Ventures","",""
"Stratis","STRAX","https://icodrops.com/stratis/","$0.02074","4.51%","$18.98 M","$43.43 M","$42.36 M","—","1.5x","$600 K","Aug 12, 2016","Alphabit Fund","","",""
"Waves","Waves","https://icodrops.com/waves/","$0.7126","3.30%","$3.67 M","$85.54 M","$85.32 M","0.19","3.79x","$16 M","Jun 2, 2016","","","",""
"PIVX","PIVX","https://icodrops.com/pivx/","$0.1294","-2.24%","$1.73 M","$12.84 M","$12.83 M","—","111.97x","—","Feb 13, 2016","","","",""
"Augur","REP","https://icodrops.com/augur/","$0.951","-1.65%","$34.21 K","$10.46 M","$10.46 M","0.6","1.58x","$5.3 M","Oct 27, 2015","1confirmation","Multicoin Capital","Pantera Capital",""
"Sia","SC","https://icodrops.com/sia/","$0.001513","-0.50%","$4.25 M","$93.95 M","$84.77 M","—","33.06x","$3 M","Aug 26, 2015","Bain Capital Ventures","Paradigm","a_capital","More Details"
"Ethereum","ETH","https://icodrops.com/ethereum/","$3018.54","2.61%","$19.64 B","$364.17 B","$364.32 B","0.31","9713x","$18.66 M","Aug 7, 2015","","","",""
"Nem","XEM","https://icodrops.com/nem/","$0.001235","-0.81%","$525.84 K","$11.07 M","$11.11 M","0.000011","112x","$70 K","Mar 31, 2015","","","",""
"Circuits of Value","COVAL","https://icodrops.com/circuits-of-value/","$0.00009952","12.75%","$19.24 K","$177.8 K","$177.63 K","0.061","0.01x","$150 K","Jan 23, 2015","","","",""
"Syscoin","SYS","https://icodrops.com/syscoin/","$0.01812","-0.17%","$861.98 K","$15.32 M","$15.38 M","—","8.89x","$782.21 K","Aug 20, 2014","","","",""
"Stellar","XLM","https://icodrops.com/stellar/","$0.2253","0.41%","$74.94 M","$11.26 B","$7.3 B","0.0031","72.68x","$5.01 M","Aug 5, 2014","Stripe","","",""
"XRP","XRP","https://icodrops.com/xrp/","$1.902","1.50%","$1.15 B","$190.07 B","$115.21 B","—","323.81x","$790.5 M","Aug 4, 2013","Andreessen Horowitz (a16z)","Blockchain Capital","Brevan Howard","More Details"
"Bitcoin","BTC","https://icodrops.com/bitcoin/","$89641.08","2.08%","$18.88 B","$1.79 T","$1.79 T","—","662.54x","—","Apr 28, 2013","","","",""