name,ticker,image,link,round,total_raised,pre_valuation,categories,date,ecosystem,investor_1,investor_2,investor_3,investor_4,investor_5,investor_6,investor_7,investor_8
"EarnBIT","EBT","https://icodrops.com/media/cache/0c/9c/0c9cf09cbcd70edcabce5efef70206d6.webp","https://icodrops.com/earnbit/","TGE and Distribution","—","$10 M","CEX","Q2, 2026","","Ethereum","","","","","","",""
"AtlasOra","AORA","https://icodrops.com/media/cache/de/8f/de8f049f9213d26177777252936aeca3.webp","https://icodrops.com/atlasora/","TGE and Distribution","—","—","Blockchain Service","Upcoming","","Base","","","","","","",""
"WorldX","WLDX","https://icodrops.com/media/cache/33/91/33910d056831eeb007683be62f9fcb7f.webp","https://icodrops.com/worldx/","TGE and Distribution","—","$25 M","Exchange","Upcoming","","","","","","","","",""
"Mendel","MENDEL","https://icodrops.com/media/cache/56/a4/56a417ee73562003415d6cb0de811e3e.webp","https://icodrops.com/mendel/","TGE and Distribution","—","—","Blockchain","Upcoming","","","","","","","","",""
"Chatllat","CLAT","https://icodrops.com/media/cache/67/63/67638b7bbaa25b2f1716413944693373.webp","https://icodrops.com/chatllat/","IDO on Kommunitas","—","$6 M","Blockchain Service","Upcoming","","","","","","","","",""
"Konnex","","https://icodrops.com/media/cache/3d/8a/3d8abd2a3fc36174ac112d02553019c7.webp","https://icodrops.com/konnex/","TGE and Distribution","$15 M","—","Blockchain Service","Upcoming","","LD Capital","Cogitent Ventures","Covey","More Details","","","",""
"AntDrop","ANT","https://icodrops.com/media/cache/1f/a3/1fa338df9e2fe8cb0ea963af2a1ffbec.webp","https://icodrops.com/antdrop/","IDO on Spores","—","$10 M","Blockchain Service","Upcoming","","","","","","","","",""
"CAP","","https://icodrops.com/media/cache/85/fd/85fd9267ef82077ec0981896538db1ed.webp","https://icodrops.com/cap-3/","TGE and Distribution","$9.9 M","—","DeFi","Upcoming","","Fernando Martinelli","Selini Capital","Bryan Pellegrino","More Details","","","",""
"Magicblock","BLOCK","https://icodrops.com/media/cache/1b/3a/1b3a1234b526572080780bcb2b097dfd.webp","https://icodrops.com/magicblock/","TGE and Distribution","$10.5 M","—","Infrastructure","Upcoming","","Andreessen Horowitz (a16z)","Lightspeed Venture Partners","Mechanism Capital","More Details","Solana","","",""
"ChimpX AI","CHIMP","https://icodrops.com/media/cache/fd/46/fd46e3e8197f75ec044fd4b725b3710c.webp","https://icodrops.com/chimpx-ai/","IDO on Eesee","—","$30 M","DeFi","Upcoming","","","","","","","","",""
"Probable","","https://icodrops.com/media/cache/54/f0/54f090c5c5a1b8dac00ea5a0396594f8.webp","https://icodrops.com/probable/","TGE and Distribution","—","—","Predictions","Upcoming","","YZi Labs (prev Binance Labs)","PancakeSwap","Predict.fun","Binance coin","","","",""
"XMAQUINA","DEUS","https://icodrops.com/media/cache/4c/0b/4c0b0176523cb571653faaff55c94134.webp","https://icodrops.com/xmaquina/","TGE and Distribution","$10.31 M","$60 M","Robotics","Upcoming","","Fundamental Labs","Moonrock Capital","CoinIX","More Details","","","",""
"PENXCHAIN","PENX","https://icodrops.com/media/cache/dd/42/dd42475b59833b40f42e93c7ab290872.webp","https://icodrops.com/penxchain/","TGE and Distribution","—","$3 M","Blockchain Service","Upcoming","","","","","","","","",""
"HyperSignals","","https://icodrops.com/media/cache/40/e9/40e9aa155eb8d694bd0d0f5f099abad0.webp","https://icodrops.com/hypersignals/","TGE and Distribution","—","—","Trading","Upcoming","","","","","","","","",""
"Solstice","SLX","https://icodrops.com/media/cache/6e/73/6e7360c5664847bb9ec25d510745cb5f.webp","https://icodrops.com/solstice/","TGE and Distribution","—","—","DeFi","Upcoming","","Solana","","","","","","",""
"LeverUp","LV","https://icodrops.com/media/cache/d3/77/d3779c99d02ab85b24ccf8a348a5de95.webp","https://icodrops.com/leverup/","TGE and Distribution","—","$10 M","DeFi","Upcoming","","Monad","","","","","","",""
"Octra","OCT","https://icodrops.com/media/cache/ce/f0/cef0d879c9381a1fb23ca5d1c389a9d4.webp","https://icodrops.com/octra/","TGE and Distribution","$8 M","$200 M","Infrastructure","Upcoming","","Big Brain Holdings","Outlier Ventures","Builder Capital","More Details","","","",""
"Space","SPACE","https://icodrops.com/media/cache/87/4e/874eb27f18c3768349a43347a073d92f.webp","https://icodrops.com/space/","TGE and Distribution","$17.75 M","$69 M","Prediction","Upcoming","","Morningstar Ventures","Impossible Finance","Arctic Digital","More Details","Solana","","",""
"SONAMI","SNMI","https://icodrops.com/media/cache/bd/2b/bd2b07b020cd6eed8e1f4ab2ef7e869e.webp","https://icodrops.com/sonami/","TGE and Distribution","$13 K","$83 M","Layer2","Upcoming","","Solana","","","","","","",""
"Chainers","CHU","https://icodrops.com/media/cache/85/6c/856c0fcc060dd726e68877173ad71537.webp","https://icodrops.com/chainers/","Presale","—","$19.98 M","GameFi","Upcoming","","","","","","","","",""
"SecantX AI","SECA","https://icodrops.com/media/cache/e0/4d/e04de92e046cf25b5ab8f1e0d4210643.webp","https://icodrops.com/secantx-ai/","TGE and Distribution","$300 K","$70 M","Analytics","Upcoming","","","","","","","","",""
"Tea-REX","TReX","https://icodrops.com/media/cache/c2/1b/c21b8ac452a8e2ff23f2b38bd1349d1b.webp","https://icodrops.com/tea-rex/","TGE and Distribution","—","$2 M","Trading","Upcoming","","Sei Network","","","","","","",""
"Talisman","SEEK","https://icodrops.com/media/cache/d4/4a/d44a62be0242102488e4bb9b075b532c.webp","https://icodrops.com/talisman/","IDO on Eesee","$2.35 M","$30 M","DeFi","Upcoming","","Hypersphere Ventures","D1 Ventures","Digital Finance Group (DFG)","More Details","","","",""
"Glint Analytics","GLNT","https://icodrops.com/media/cache/46/4e/464e71432c6e6ba44b7c39cd02a0f926.webp","https://icodrops.com/glint-analytics/","TGE and Distribution","—","$18 M","Analytics","Upcoming","","Solana","","","","","","",""
"Warp Chain","WRP","https://icodrops.com/media/cache/6c/0d/6c0d43f4f674edf008c410c7d5d6ffdd.webp","https://icodrops.com/warp-chain/","TGE and Distribution","—","$37.5 M","Blockchain","Upcoming","","Avalanche","","","","","","",""
"Arc","","https://icodrops.com/media/cache/53/9d/539d7b326bbd9c13118fc7f8f8c26db6.webp","https://icodrops.com/arc/","TGE and Distribution","—","—","Blockchain","Upcoming","","","","","","","","",""
"MiRA","CAML","https://icodrops.com/media/cache/12/73/12732bbba366dccb332a8d135f97641f.webp","https://icodrops.com/mira-2/","TGE and Distribution","—","$250 M","Blockchain Service","Upcoming","","","","","","","","",""
"Kuvi.ai","KUVI","https://icodrops.com/media/cache/85/a8/85a8812174985f4f5d728dfbaafa971e.webp","https://icodrops.com/kuvi-ai/","TGE and Distribution","$700 K","$40 M","DeFi","Upcoming","","Michael Terpin","Moon Pursuit Capital","VirtualBacon","","","","",""
"ArcaneVault","AV","https://icodrops.com/media/cache/86/c0/86c023bc384629875236d4cdbf47f5e8.webp","https://icodrops.com/arcanevault/","TGE and Distribution","—","$6 M","NFT ecosystem","Upcoming","","","","","","","","",""
"FighterCat","FIGHTERC","https://icodrops.com/media/cache/46/70/467072880b0121c20d187e0333e68450.webp","https://icodrops.com/fightercat/","TGE and Distribution","—","$2 M","Meme","Upcoming","","Solana","","","","","","",""
"Monorail","","https://icodrops.com/media/cache/ae/a7/aea73b9c49af4b7a45fe34f5ee1aaa84.webp","https://icodrops.com/monorail/","TGE and Distribution","$250 K","—","DeFi","Upcoming","","Monad","","","","","","",""
"ByteDance rTTOK","rTTOK","https://icodrops.com/media/cache/ac/9a/ac9aa02719d039fce1958f2eb162b45f.webp","https://icodrops.com/bytedance-rttok/","TGE and Distribution","—","—","Blockchain Service","Upcoming","","Solana","","","","","","",""
"Mandala Chain","KPG","https://icodrops.com/media/cache/f8/ad/f8adad94722f00006548b1db2138cf93.webp","https://icodrops.com/mandala-chain/","TGE and Distribution","$1 M","$10.19 M","Blockchain","Upcoming","","Harbour Industrial Capital","NLS Ventures","O-DE Capital Partners","","","","",""
"BlaBla Protocol","BLA","https://icodrops.com/media/cache/f6/72/f672179827df4e0718416f4d7037789a.webp","https://icodrops.com/blabla-protocol/","TGE and Distribution","—","$2 M","Social","Upcoming","","","","","","","","",""
"Taunt AI","TNT","https://icodrops.com/media/cache/e2/66/e266f5b13d1383e80ebd2e97a6a57146.webp","https://icodrops.com/taunt-ai/","TGE and Distribution","—","$30 M","Social","Upcoming","","","","","","","","",""
"FacilPay","FACIL","https://icodrops.com/media/cache/17/aa/17aa86a283e015a3bb37aefc35307b86.webp","https://icodrops.com/facilpay/","IDO on Polkastarter","—","$12.5 M","Payments","Upcoming","","Base","","","","","","",""
"Seedli Capital","SEEDLI","https://icodrops.com/media/cache/45/9f/459f20978b3262b3fbee7c6837450e4e.webp","https://icodrops.com/seedli-capital/","TGE and Distribution","—","$5 M","DeFi","Upcoming","","Polygon (ex-Matic Network)","","","","","","",""
"Lern360","LERN","https://icodrops.com/media/cache/23/94/2394d0a36b9f400d25cfb80e5d32f5f2.webp","https://icodrops.com/lern360/","TGE and Distribution","—","$200 M","Artificial Intellig…","Upcoming","","","","","","","","",""
"AgoraLend","AGORA","https://icodrops.com/media/cache/4f/f0/4ff00e9626c1a8ec0311a0fe36eba76b.webp","https://icodrops.com/agoralend/","TGE and Distribution","$353.5 K","$3 M","DeFi","Upcoming","","Ethereum","","","","","","",""
"Moseiki","","https://icodrops.com/media/cache/18/2b/182b1b4953b02af81078e2875602228a.webp","https://icodrops.com/moseiki/","TGE and Distribution","$700 K","$10 M","Social","Upcoming","","","","","","","","",""
"TAU","TAU","https://icodrops.com/media/cache/5e/09/5e09fc30ca651c06821f842929cc46fe.webp","https://icodrops.com/tau/","TGE and Distribution","—","$1 B","Mining","Upcoming","","","","","","","","",""
"AIDEFI","AIDEFI","https://icodrops.com/media/cache/94/5c/945c7fe5c386968bf9df421936c35877.webp","https://icodrops.com/aidefi/","TGE and Distribution","—","$150 K","DeFi","Upcoming","","","","","","","","",""
"RateX.AI","","https://icodrops.com/media/cache/30/8b/308be007bae58431427e730c1030c80a.webp","https://icodrops.com/ratexai/","TGE and Distribution","$3 M","—","Analytics","Upcoming","","","","","","","","",""
"Gambit","GAMBIT","https://icodrops.com/media/cache/50/ff/50ffa933340d808f0c4eb8cdbfc3bce3.webp","https://icodrops.com/gambit/","TGE and Distribution","—","$12 M","Bets","Upcoming","","Base","","","","","","",""
"Phron AI","ZPHR","https://icodrops.com/media/cache/81/01/8101bee742930595cb332e19c5426a56.webp","https://icodrops.com/phron-ai/","TGE and Distribution","—","$1 M","Artificial Intellig…","Upcoming","","Solana","","","","","","",""
"Sera.Casino","SC","https://icodrops.com/media/cache/3c/b7/3cb7254b1312f5c67200a2c231ef506e.webp","https://icodrops.com/seracasino/","IDO on IXIRPAD","—","$2 M","Gambling","Upcoming","","Solana","","","","","","",""
"Betura","BETURA","https://icodrops.com/media/cache/47/e5/47e5080569790087d67c8abe20568981.webp","https://icodrops.com/betura/","TGE and Distribution","—","$2.5 M","Bets","Upcoming","","Solana","","","","","","",""
"Lendr.fi","RWAL","https://icodrops.com/media/cache/ed/c7/edc7979a439bfc3bc1820c81fa266c6d.webp","https://icodrops.com/lendr-fi/","TGE and Distribution","$600 K","$300 M","DeFi","Upcoming","","Avalanche Foundation","Brinc","Colony Lab","More Details","","","",""
"Dynamo Protocol","DYNAMO","https://icodrops.com/media/cache/a2/00/a2008172356f6b536bdb35aedb1f7fcf.webp","https://icodrops.com/dynamo-protocol/","TGE and Distribution","—","—","DeFi","Upcoming","","","","","","","","",""
"RISE Chain","","https://icodrops.com/media/cache/2e/b9/2eb96186e0e863fb989604173a6e9493.webp","https://icodrops.com/rise-chain/","TGE and Distribution","$7.2 M","—","Blockchain","Upcoming","","Vitalik Buterin","Galaxy","Stani Kulechov","More Details","","","",""
"XorionChain","XOR","https://icodrops.com/media/cache/65/40/654019fc624dc02f4db3470489746294.webp","https://icodrops.com/xorionchain/","TGE and Distribution","—","$60 M","Blockchain","Upcoming","","Polkadot","","","","","","",""
"Reveel","REVA","https://icodrops.com/media/cache/8e/b6/8eb6de72a7e66cd700974efcee102e79.webp","https://icodrops.com/reveel/","TGE and Distribution","$1.5 M","$10 M","Blockchain Service","Upcoming","","YZi Labs (prev Binance Labs)","AccVentures","Connectico Capital","More Details","","","",""
"PIN AI","","https://icodrops.com/media/cache/78/0a/780ac0a487302c1740efb0df670cba9d.webp","https://icodrops.com/pin-ai/","TGE and Distribution","$10 M","—","Artificial Intellig…","Upcoming","","Andreessen Horowitz (a16z)","Hack VC","Alumni Ventures","More Details","","","",""
"Billions Network","","https://icodrops.com/media/cache/9e/80/9e805d277ef841bc0afdc50e3ba5d800.webp","https://icodrops.com/billions-network/","TGE and Distribution","$30 M","—","Blockchain Service","Upcoming","","Polychain Capital","BITKRAFT Ventures","Coinbase Ventures","More Details","","","",""
"AfriCred","IFT","https://icodrops.com/media/cache/7c/60/7c60cb3f5771bdcaf3c050f632067ed1.webp","https://icodrops.com/africred/","Presale","—","$26 M","Finance","Upcoming","","Binance coin","","","","","","",""
"VOX","VOX","https://icodrops.com/media/cache/60/04/60041b4beabd3979d3c4c265614f4ae5.webp","https://icodrops.com/vox/","TGE and Distribution","—","$1.72 M","Trading","Upcoming","","","","","","","","",""
"8x Capital","8x","https://icodrops.com/media/cache/db/32/db32af8481f733067d88eabf402689b5.webp","https://icodrops.com/8x-capital/","IDO on BSClaunch","—","$10 M","DeFi","Upcoming","","","","","","","","",""
"Bitcoin Hyper","HYPER","https://icodrops.com/media/cache/91/84/9184770d8dd1bf55b2f8afebd1d2967b.webp","https://icodrops.com/bitcoin-hyper/","TGE and Distribution","$29.29 M","$282.98 M","Layer2","Upcoming","","Binance coin","Solana","Ethereum","","","","",""
"Project Merlin","MRLN","https://icodrops.com/media/cache/3b/84/3b84138e5f6a1ab263001b7c2b8bbe77.webp","https://icodrops.com/project-merlin/","IDO on Coin Terminal","$2.24 M","$96 K","Binance Alpha","Upcoming","","","","","","","","",""
"OneFootball","OFC","https://icodrops.com/media/cache/2b/54/2b544c48c31b346d7777695ff62f1269.webp","https://icodrops.com/onefootball/","TGE and Distribution","$320 M","$50 M","Football","Upcoming","","Union Square Ventures","Dapper Labs","Animoca Brands","More Details","","","",""
"BNB Attestation Service","BAS","https://icodrops.com/media/cache/28/db/28dbe46881faeb80603a30dacceadff6.webp","https://icodrops.com/bnb-attestation-service/","TGE and Distribution","$200 K","$10 M","Infrastructure","Upcoming","","Binance coin","","","","","","",""
"UOMI","UOMI","https://icodrops.com/media/cache/a7/20/a72024b3091821e009ec9f9dd2241ee6.webp","https://icodrops.com/uomi/","IDO on Eesee","—","$2.26 M","Blockchain","Upcoming","","","","","","","","",""
"Kuru","","https://icodrops.com/media/cache/f3/18/f318a86d03ad1939b6799042305092fd.webp","https://icodrops.com/kuru/","TGE and Distribution","$13.6 M","—","DeFi","Upcoming","","Brevan Howard","Electric Capital","Paradigm","More Details","Monad","","",""
"Tren Finance","TREN","https://icodrops.com/media/cache/cc/66/cc66fdb8dadff06977f7c303725a1d52.webp","https://icodrops.com/tren-finance/","TGE and Distribution","—","$10 M","DeFi","Upcoming","","Moonrock Capital","OIG Oracles Investment Group","Contango Digital Assets","More Details","Base","","",""
"Nexus Laboratories","","https://icodrops.com/media/cache/3f/f9/3ff952ca21de31a6f281e8fa13969560.webp","https://icodrops.com/nexus-laboratories/","TGE and Distribution","$25 M","—","Infrastructure","Upcoming","","Lightspeed Venture Partners","Pantera Capital","Dragonfly Capital","More Details","","","",""
"Snorter","SNORT","https://icodrops.com/media/cache/2f/c1/2fc158e3acabdb458c65a6dd1ac3f8ad.webp","https://icodrops.com/snorter/","TGE and Distribution","$1.49 M","$48.05 M","Trading Bot","Upcoming","","Solana","Ethereum","","","","","",""
"BTC Bull Token","BTCBULL","https://icodrops.com/media/cache/45/ea/45eae93534772b3bb3204610dc57840d.webp","https://icodrops.com/btc-bull-token/","TGE and Distribution","$7.3 M","$54.08 M","Memecoin","Upcoming","","","","","","","","",""
"Cogni AI Agents","COGNI","https://icodrops.com/media/cache/4a/3d/4a3de09fbe0b23e1c8b98e607f520f89.webp","https://icodrops.com/cogni-ai-agents/","TGE and Distribution","$219.6 K","$180 M","Artificial Intellig…","Upcoming","","Ethereum","","","","","","",""
"EternalMoon","ETM","https://icodrops.com/media/cache/52/d9/52d9608ac3a3a7dcc2eb123f9fe3f6d0.webp","https://icodrops.com/eternalmoon/","TGE and Distribution","—","—","RWA (Real World Ass…","Upcoming","","","","","","","","",""
"Rank Trading","RAN","https://icodrops.com/media/cache/54/8b/548bd137a92e19cf050b889bb4f0061c.webp","https://icodrops.com/rank-trading/","TGE and Distribution","—","$2 M","DeFi","Upcoming","","Binance coin","","","","","","",""
"Inference Labs","","https://icodrops.com/media/cache/d4/43/d443e0812d274bed3d900443e8894a8b.webp","https://icodrops.com/inference-labs/","TGE and Distribution","$2.3 M","—","Infrastructure","Upcoming","","Delphi Digital (Delphi Labs)","BitScale Capital","Mechanism Capital","More Details","","","",""
"FanX","FX","https://icodrops.com/media/cache/a8/c3/a8c331eba616fc178e4d107fc3e738f5.webp","https://icodrops.com/fanx/","IDO on KingdomStarter","—","$10 M","DeFi","Upcoming","","","","","","","","",""
"DelNorte Terra Vision","DTV","https://icodrops.com/media/cache/31/68/31681432fb080534383b7ddb9398e479.webp","https://icodrops.com/delnorte-terra-vision/","IDO on IXIRPAD","—","—","RWA (Real World Ass…","Upcoming","","","","","","","","",""
"Stabble","STB","https://icodrops.com/media/cache/e7/0e/e70e2b17fe6d8d0825888ca2517db39f.webp","https://icodrops.com/stabble/","IDO on Poolz","$3.03 M","$715.5 K","DEX","Upcoming","","Absoluta Digital","Collective Ventures","DuckDAO","More Details","Solana","","",""
"BlockMesh Network","BMH","https://icodrops.com/media/cache/b7/e3/b7e3bfe36f488a72d2d89519eef77823.webp","https://icodrops.com/blockmesh-network/","TGE and Distribution","—","—","Blockchain Service","Upcoming","","","","","","","","",""
"Emmet Finance","EMMET","https://icodrops.com/media/cache/a8/25/a82513aecf025e20b2ad420578e0310c.webp","https://icodrops.com/emmet-finance/","TGE and Distribution","—","$20 M","DeFi","Upcoming","","Binance coin","","","","","","",""
"Polyverse","PTC","https://icodrops.com/media/cache/bf/18/bf18de0e9bb700f6e67aba40b6718431.webp","https://icodrops.com/polyverse/","IDO on Huostarter","—","—","GameFi","Upcoming","","Ethereum","","","","","","",""
"Durian.win","DUR","https://icodrops.com/media/cache/fe/76/fe762a473aee65c82f1d3ac267cdbafa.webp","https://icodrops.com/durianwin/","TGE and Distribution","—","—","Trade","Upcoming","","","","","","","","",""
"Zoth","ZOTH","https://icodrops.com/media/cache/fb/ce/fbce0bff1c795ca411111bbf787288e2.webp","https://icodrops.com/zoth/","IDO on Decubate","$21.5 M","—","DeFi","Upcoming","","Momentum 6","Outlier Ventures","Borderless Capital","More Details","Ethereum","","",""
"Tea-Fi","TEA","https://icodrops.com/media/cache/89/a0/89a0479c1b24225b5606c0a8efb08272.webp","https://icodrops.com/tea-fi/","IDO on Kommunitas","$35 M","$632.1 K","BNB Chain Ecosystem","Upcoming","","Castrum Capital","Rollman Management","","","","","",""
"Grafilab","GRAFI","https://icodrops.com/media/cache/ee/76/ee76e14061eaab491f07fd467bc48884.webp","https://icodrops.com/grafilab/","TGE and Distribution","$50 K","—","Infrastructure","Upcoming","","Solana","","","","","","",""
"AIRO","AIRO","https://icodrops.com/media/cache/7b/e3/7be3b5457966b94b8263b3a1d348e868.webp","https://icodrops.com/airo/","TGE and Distribution","—","—","AI Agents","Upcoming","","","","","","","","",""
"Hedgecast AI","HEDGE","https://icodrops.com/media/cache/f4/23/f4236c7f2feae5c178a0e86ff79a01d7.webp","https://icodrops.com/hedgecast-ai/","IDO on Poolz","—","$2.35 M","AI Agents","Upcoming","","","","","","","","",""
"Electron","","https://icodrops.com/media/cache/2b/62/2b62743cb7c9bbf7870cb7d007baf82b.webp","https://icodrops.com/electron-2/","TGE and Distribution","$1 M","—","Infrastructure","Upcoming","","Sandeep Nailwal","Aniket Jindal","Anurag Arjun","More Details","Ethereum","","",""
"Everreach Labs","EVER","https://icodrops.com/media/cache/df/ed/dfed0389ae2ccb8ce2f3441f23f18157.webp","https://icodrops.com/everreach-labs/","IDO on Agentlauncher","—","$25 M","Gaming","Upcoming","","","","","","","","",""
"Skald AI","SKALD","https://icodrops.com/media/cache/91/fb/91fb5ff19397149ee53b9279bc550cd3.webp","https://icodrops.com/skald-ai/","IDO on DegenPad","—","$2 M","AI Agents","Upcoming","","","","","","","","",""
"BitSwapix","BITS","https://icodrops.com/media/cache/9e/7b/9e7babb2dc7c7f5eff4c2478c9a1091a.webp","https://icodrops.com/bitswapix/","TGE and Distribution","$4.83 M","—","DeFi","Upcoming","","","","","","","","",""
"eOracle","","https://icodrops.com/media/cache/71/b7/71b7a62f12008f88dfc87ba843f9c677.webp","https://icodrops.com/eoracle/","ICM on Legion","—","—","Oracle","Upcoming","","Ethereum","","","","","","",""
"Nil","","https://icodrops.com/media/cache/7c/14/7c1440b81ef06de7a61d63128775ae36.webp","https://icodrops.com/nil/","TGE and Distribution","$600 K","—","Layer2","Upcoming","","Ethereum","","","","","","",""
"Abstract","","https://icodrops.com/media/cache/9a/30/9a30451ee8ccffe16bf2f81ac898f4a5.webp","https://icodrops.com/abstract/","TGE and Distribution","—","—","Layer-2","Upcoming","","Electric Capital","0xMaki","Igloo","More Details","","","",""
"0xVM","XVM","https://icodrops.com/media/cache/67/c7/67c7c91046958a64136a4b8ff607e031.webp","https://icodrops.com/0xvm/","Public Sale","$5.2 M","—","Bitcoin Ecosystem","Upcoming","","Jump Crypto","HTX Ventures (previously Huobi Ventures)","Signum Capital","More Details","Bitcoin","","",""
"EarnPark","PARK","https://icodrops.com/media/cache/67/a9/67a9f62924e11dd57e8bfb2ed2e21280.webp","https://icodrops.com/earnpark/","TGE and Distribution","$3.51 M","$18 M","Finance","Upcoming","","Arbitrum","","","","","","",""
"GPT Wars","GPTW","https://icodrops.com/media/cache/5e/20/5e209d0aa7d96f074a850bd19ad3d906.webp","https://icodrops.com/gpt-wars/","IDO on Finceptor","$1.74 M","$5 M","GameFi","Upcoming","","ZBS Capital","Titans Ventures","International Blockchain Consulting","More Details","Sei Network","","",""
"ChronosWorlds","","https://icodrops.com/media/cache/24/9f/249fe94c22be23b1127398962eae85c4.webp","https://icodrops.com/chronosworlds/","IDO on Chainboost","$50 K","—","Gaming","Upcoming","","","","","","","","",""
"Casper AI","AIAGENT","https://icodrops.com/media/cache/a4/27/a427145d1494e9b5ab9e3264a555cb3f.webp","https://icodrops.com/casper-ai/","Public Sale","$700 K","$3.52 M","AI Platform","Upcoming","","Asteroid Capital","Coin Terminal","Casper","","","","",""
"Mawari","","https://icodrops.com/media/cache/99/f9/99f9ef4aeaaa6ab93dc0bd0af7dbb1c6.webp","https://icodrops.com/mawari/","Node Sale Round","$17.3 M","—","Blockchain Service","Upcoming","","1kx","Samsung NEXT","Animoca Brands","More Details","","","",""
"U2U Network (Unicorn Ultra)","U2U","https://icodrops.com/media/cache/55/2d/552d1d4a61b6c4e6f5bfc13627519754.webp","https://icodrops.com/u2u-unicorn-ultra/","Node Sale Round","$23.8 M","$4.75 M","DePIN","Upcoming","","Chain Capital","IDG Capital","Cointelegraph","More Details","","","",""
"STAGE","STAGE","https://icodrops.com/media/cache/b4/8d/b48d68721e7876654a758c70ebfbe655.webp","https://icodrops.com/stage/","IDO on Eesee","$4.6 M","$10.3 K","Social","Upcoming","","Moonrock Capital","Kraken","Blockchain Association","More Details","","","",""
"Pandana","PNDN","https://icodrops.com/media/cache/80/0e/800e2b6c2dff7ee0874755faf3cb9086.webp","https://icodrops.com/pandana/","TGE and Distribution","$1.8 M","$5 M","Memecoin","Upcoming","","Solana","","","","","","",""
"Fuse","FUSE","https://icodrops.com/media/cache/54/b8/54b8beff29d713361da22886e1a16aa8.webp","https://icodrops.com/fuse/","Node Sale Round","$600 K","$1.16 M","DeFi","Upcoming","","Balderton Capital","Lowercarbon Capital","Fuse","","","","",""
"Nektar Network","NET","https://icodrops.com/media/cache/b6/73/b67332b79ed3dc33c3548bd98df5a0ce.webp","https://icodrops.com/nektar-network/","Airdrop","—","$127.7 M","Infrastructure","Upcoming","","Ethereum","","","","","","",""
"Ink Finance","QUILL","https://icodrops.com/media/cache/84/94/8494d007fa285eb6fcd7f3b413847150.webp","https://icodrops.com/ink-finance/","IDO on Ordify","$5 M","$295.7 K","Blockchain Service","Upcoming","","Alliance","Axia8 Ventures","DHVC","More Details","","","",""
"Polar Fighters","PFT","https://icodrops.com/media/cache/b6/3e/b63e932a12e0586eaf87a6004fa4c076.webp","https://icodrops.com/polar-fighters/","IDO","—","—","NFT","Upcoming","","Ethereum","","","","","","",""
"CLAPART","CLP","https://icodrops.com/media/cache/34/02/340289857b50a8283abd4e673975ceda.webp","https://icodrops.com/clapart/","IDO on Kommunitas","$200 K","—","Social","Upcoming","","","","","","","","",""
"Staynex","STAY","https://icodrops.com/media/cache/ce/7a/ce7aaef764d277a2c34225a3e9e3e5f3.webp","https://icodrops.com/staynex/","IDO on GameFi","—","$35 M","Blockchain Service","Upcoming","","Binance coin","","","","","","",""
"Argy Bargy","ARGY","https://icodrops.com/media/cache/a0/64/a0646a33a9723514f117a6134d2f0296.webp","https://icodrops.com/argy-bargy/","IDO on IXIRPAD","—","$42 M","GameFi","Upcoming","","Solana","","","","","","",""
"FullHouse","FH","https://icodrops.com/media/cache/2d/da/2dda42f982ebde038c948b5f3df66cd7.webp","https://icodrops.com/fullhouse/","IDO on Kommunitas","—","$75 M","Gambling","Upcoming","","Binance coin","","","","","","",""
"NOTAI","NOTAI","https://icodrops.com/media/cache/88/e4/88e4a4f1447799f3a7c82f13e27a6933.webp","https://icodrops.com/notai/","IDO on WePad","$1.56 M","$35 K","Gaming","Upcoming","","ChainGPT Labs","Coin Terminal","Ignition PAID","More Details","","","",""
"MomoAI","MTOS","https://icodrops.com/media/cache/90/36/90365a0c6ae04be24113968ff006de2b.webp","https://icodrops.com/momoai/","IDO on BSCS","—","$15 M","Gaming","Upcoming","","","","","","","","",""
"Weebs","WEEBS","https://icodrops.com/media/cache/37/99/37992468f9ab1a433f53e1fd40d50cbf.webp","https://icodrops.com/weebs/","IDO on Kommunitas","$1.25 M","$5.05 K","Gaming","Upcoming","","Trihill Capital","Ethereum","","","","","",""
"LTD Token","LTD","https://icodrops.com/media/cache/73/12/73129c2564beb434d24367de378e8505.webp","https://icodrops.com/ltd-token/","IDO on Ape Terminal","—","—","Advertising","Upcoming","","","","","","","","",""
"Libera","LIBE","https://icodrops.com/media/cache/5d/92/5d921ecfc2b4ac29a5690eba354cadb2.webp","https://icodrops.com/libera/","IDO on Poolz","—","$35 M","Artificial Intellig…","Upcoming","","Polygon (prev. Matic Network)","","","","","","",""
"CoinPays","CPY","https://icodrops.com/media/cache/a0/ea/a0ea3eb50d2931c6bd48e9e1600debda.webp","https://icodrops.com/coinpays/","IDO on Spores","$260 K","$10 M","Payments","Upcoming","","","","","","","","",""
"Impact","IM","https://icodrops.com/media/cache/d7/22/d7221b900c2c687735c0821425911349.webp","https://icodrops.com/impact/","IDO on Kommunitas","$480 K","$5 M","DeFi","Upcoming","","Exilon Ventures","Solana","","","","","",""
"Pichi Finance","PICHI","https://icodrops.com/media/cache/f8/5f/f85f14d7d4ec10e8e205e54810ec0352.webp","https://icodrops.com/pichi-finance/","SHO on DAO Maker","$2.5 M","$73.03 K","DeFi","Upcoming","","DWF Labs","One Block Capital","DCF GOD","More Details","Arbitrum","Mantle","",""
"Optopia","OPAI","https://icodrops.com/media/cache/47/3d/473dde6c407d366162c2e7b03e0254d3.webp","https://icodrops.com/optopia/","IDO on ChainGPT","—","$8.7 K","Blockchain","Upcoming","","JRR Group","G. Ventures","Klein Labs","More Details","Ethereum","","",""
"Injex Finance","INJX","https://icodrops.com/media/cache/88/8c/888cdbe95b47a6b7ab73d06df72a9da7.webp","https://icodrops.com/injex-finance/","Public Sale","$553 K","$30 M","DeFi","Upcoming","","Injective Protocol","","","","","","",""
"BitU","BITU","https://icodrops.com/media/cache/e0/2a/e02ac27fee1b4f4a58740a9fe12b743e.webp","https://icodrops.com/bitu/","TGE and Distribution","—","—","DeFi","Upcoming","","","","","","","","",""
"Sentio","ST","https://icodrops.com/media/cache/81/f5/81f5229ed11dbf22de1a5f9ae7a88cab.webp","https://icodrops.com/sentio/","TGE and Distribution","$6.6 M","$54.79 M","Infrastructure","Upcoming","","Lightspeed Venture Partners","HashKey Capital","GSR Ventures","More Details","","","",""
"Frame","FRAME","https://icodrops.com/media/cache/f7/e8/f7e869817d097c21c1621629279a28a6.webp","https://icodrops.com/frame/","TGE and Distribution","—","—","Blockchain","Upcoming","","Electric Capital","0xMaki","0xmons","More Details","","","",""
"OpenSea","SEA","https://icodrops.com/media/cache/9d/05/9d054bd7c25638544779f0daf9e5aab7.webp","https://icodrops.com/opensea/","TGE and Distribution","$425.15 M","—","NFT","Upcoming","","1confirmation","Andreessen Horowitz (a16z)","Balaji Srinivasan","More Details","","","",""
"Unibit","UIBT","https://icodrops.com/media/cache/ee/7e/ee7ec1ff35a874643c6e1eafeea3d231.webp","https://icodrops.com/unibit/","TGE and Distribution","—","$12 M","Blockchain Service","Upcoming","","Gains Associates","Green Arrow Ventures","Ethereum","","","","",""
"Nansen","NSN","https://icodrops.com/media/cache/ad/c2/adc2c4748bdaa9d4f7802a9205ee2355.webp","https://icodrops.com/nansen/","TGE and Distribution","$88.2 M","—","Blockchain Service","Upcoming","","Andreessen Horowitz (a16z)","BitScale Capital","Coinbase Ventures","More Details","","","",""
"Debank","","https://icodrops.com/media/cache/a7/2e/a72e347a72efde06055362e3c9a5f0e8.webp","https://icodrops.com/debank/","TGE and Distribution","$25 M","—","Blockchain Service","Upcoming","","HongShan (ex-Sequoia China)","Coinbase Ventures","Crypto.com","More Details","Ethereum","Polygon (ex-Matic Network)","",""
"Gunzilla","","https://icodrops.com/media/cache/d5/46/d546d3b83786464f714abc4234049240.webp","https://icodrops.com/gunzilla/","TGE and Distribution","$101 M","—","Gaming","Upcoming","","Jump Crypto","Coinbase Ventures","CoinFund","More Details","","","",""
"Kakarot zkEVM","","https://icodrops.com/media/cache/39/18/3918d31d1d0e0dceb4eaa50ab35a295e.webp","https://icodrops.com/kakarot-zkevm/","TGE and Distribution","—","—","Layer-2","Upcoming","","Vitalik Buterin","CMS Holdings","Fenbushi Capital","More Details","Ethereum","StarkNet","",""
"Kresus","","https://icodrops.com/media/cache/5d/02/5d02a3fac7f8d914d116b2d41ccf0687.webp","https://icodrops.com/kresus/","TGE and Distribution","$38 M","—","Wallet","Upcoming","","Hanwha Investment & Securities","","","","","","",""
"Polynomial Protocol","","https://icodrops.com/media/cache/89/38/8938b63800762c9ac85a0d82c4cefe52.webp","https://icodrops.com/polynomial-protocol/","TGE and Distribution","$1.1 M","—","DeFi","Upcoming","","Pantera Capital","Alliance","Divergence Ventures","More Details","","","",""
"CCP Games","","https://icodrops.com/media/cache/91/cb/91cb9ab5166e3bf9d4128c802d6d6c81.webp","https://icodrops.com/ccp-games/","TGE and Distribution","$40 M","—","Gaming","Upcoming","","Andreessen Horowitz (a16z)","BITKRAFT Ventures","Hashed","More Details","","","",""
"Reya (former Voltz)","REYA","https://icodrops.com/media/cache/57/6b/576b0ba0f2c68f626b0e1fc6612956d2.webp","https://icodrops.com/reya/","TGE and Distribution","$16 M","$150 M","DeFi","Upcoming","","Brevan Howard","Framework Ventures","Amber Group","More Details","","","",""
"Huddle01","HUDL","https://icodrops.com/media/cache/c6/41/c6410694a633d801a4322adb94a04f8c.webp","https://icodrops.com/huddle01/","TGE and Distribution","$4.5 M","—","Social","Upcoming","","Balaji Srinivasan","Stani Kulechov","LongHash Ventures","More Details","Ethereum","","",""
"Backpack","BP","https://icodrops.com/media/cache/10/75/1075772484bb427e829132367579b911.webp","https://icodrops.com/backpack/","TGE and Distribution","$37 M","$139.5 M","CEX","Upcoming","","Jump Crypto","Multicoin Capital","Amber Group","More Details","Solana","","",""
"Arcium (Elusiv)","","https://icodrops.com/media/cache/59/f6/59f65164bb36e5c316f04e5a4a4c953a.webp","https://icodrops.com/arcium/","TGE and Distribution","$10 M","$200 M","Blockchain Service","Upcoming","","Jump Crypto","Coinbase Ventures","Moonrock Capital","More Details","","","",""
"ZNS Connect","ZNS","https://icodrops.com/media/cache/6a/f6/6af64bee3eecffe8fa860a8d948dc3d0.webp","https://icodrops.com/zns-connect/","TGE and Distribution","—","$16 M","Web 3.0","Upcoming","","Ethereum","","","","","","",""
"Rabby Wallet","","https://icodrops.com/media/cache/c3/b7/c3b7c8fc5aeacd3a0864936f82fd956b.webp","https://icodrops.com/rabby-wallet/","TGE and Distribution","$25 M","—","Wallet","Upcoming","","Sequoia Capital","Coinbase Ventures","Crypto.com","More Details","Ethereum","","",""
"Setter","","https://icodrops.com/media/cache/ec/10/ec1082e7c8f4717e87b79d76146c5a3d.webp","https://icodrops.com/setter/","TGE and Distribution","$5 M","—","Social","Upcoming","","Andreessen Horowitz (a16z)","Marcy Venture Partners","Serena Williams","More Details","Multichain","","",""
"RabbitHole","","https://icodrops.com/media/cache/a7/c9/a7c904890d715ae47eb2dfbc2bc073c1.webp","https://icodrops.com/rabbithole/","TGE and Distribution","$21.6 M","—","Blockchain Service","Upcoming","","Electric Capital","Framework Ventures","ParaFi Capital","More Details","Ethereum","Solana","Optimism",""
"N1 (ex Layer N)","","https://icodrops.com/media/cache/eb/fb/ebfb48c6ba067ae71e3815fbd9966173.webp","https://icodrops.com/layer-n/","TGE and Distribution","$7 M","—","Infrastructure","Upcoming","","Founders Fund","Solana Ventures","Kraken","More Details","Ethereum","","",""
"Linera","","https://icodrops.com/media/cache/c5/b8/c5b888b447328f43e085fbd42d3f5736.webp","https://icodrops.com/linera/","TGE and Distribution","$12 M","—","Infrastructure","Upcoming","","Andreessen Horowitz (a16z)","Tribe Capital","Eterna Capital","More Details","","","",""
"Gensyn","AI","https://icodrops.com/media/cache/db/bc/dbbc45c7f25dccc603a309fa58920c74.webp","https://icodrops.com/gensyn/","TGE and Distribution","$66.74 M","$473 M","Blockchain Service","Upcoming","","Andreessen Horowitz (a16z)","CoinFund","Galaxy","More Details","","","",""
"Matrix One","MATRIX","https://icodrops.com/media/cache/f6/e0/f6e0c48a8c71bf4957aec6a87af8e735.webp","https://icodrops.com/matrix-one/","IDO on Polkastarter","$250 K","$16 M","Artificial Intellig…","Upcoming","","Digital Currency Group (DCG)","Hypersphere Ventures","Sfermion","More Details","Solana","","",""
"zkCross Network","CROSS","https://icodrops.com/media/cache/89/3f/893f80df40347da7c2e70b0ef279c89c.webp","https://icodrops.com/zkcross-network/","IDO on OpenPad","$3.02 M","$52.5 M","DeFi","Upcoming","","Blockchain Founders Fund","MarsDAO","NxGen","More Details","Arbitrum","","",""
"Orbital7","ORBI","https://icodrops.com/media/cache/41/df/41dfea93b6301a81a1bfc89c59b360fe.webp","https://icodrops.com/orbital7/","IDO on Decubate","$2.18 M","$34.64 K","Infrastructure","Upcoming","","Castrum Capital","Genesis Capital","Bitcoin","","","","",""
"EstateX","ESX","https://icodrops.com/media/cache/6b/10/6b10be62113e1c17329617753a4c1840.webp","https://icodrops.com/estatex/","IDO on Seedify","—","$5.46 M","Real Estate","Upcoming","","GD10 Ventures","Binance coin","","","","","",""
"Ponder","PNDR","https://icodrops.com/media/cache/88/a8/88a8fc4bf13af1a45707dbaacbaaff5b.webp","https://icodrops.com/ponder-one/","IDO on WePad","—","$10 M","DeFi","Upcoming","","ZBS Capital","Basics Capital","MH Ventures","More Details","","","",""
"Bitfinity Network","","https://icodrops.com/media/cache/1d/4c/1d4c078e735836373e5e4f2469700047.webp","https://icodrops.com/bitfinity-network/","Testnet Airdrop","$19 M","$413 K","Blockchain","Upcoming","","Andreessen Horowitz (a16z)","Polychain Capital","ParaFi Capital","More Details","","","",""
"VinuChain","VC","https://icodrops.com/media/cache/f3/c1/f3c15b63a2668ceae73c98558435388f.webp","https://icodrops.com/vinuchain/","IDO Round","—","$661.26 K","Blockchain","Upcoming","","","","","","","","",""
"SpartaDEX","SPARTA","https://icodrops.com/media/cache/d9/4d/d94dc6f33c5bdf6fb4e818bcad7b431f.webp","https://icodrops.com/spartadex/","Airdrop","$350 K","$1.59 M","DEX","Upcoming","","Arbitrum","","","","","","",""
"TOP Network","TOP","https://icodrops.com/media/cache/36/b9/36b964a25057a73b5f05e86f605f1d84.webp","https://icodrops.com/top-network/","Pre-Sale","$21.1 M","$1.05 M","Infrastructure","Upcoming","","Fenbushi Capital","DHVC","Elysium Venture Capital","More Details","","","",""
"Aether Games","","https://icodrops.com/media/cache/07/da/07dac353503880c350d72c98fb3db273.webp","https://icodrops.com/aether-games/","IDO on RazrFi","$17.14 M","$17.16 K","Gaming","Upcoming","","MV Global","P2 Ventures","Cogitent Ventures","More Details","","","",""
"Finblox","FBX","https://icodrops.com/media/cache/f4/3c/f43c5e2f5cc3334e3b3032bc9f0f1f0b.webp","https://icodrops.com/finblox/","IDO","$7.95 M","$51.97 K","DeFi","Upcoming","","CoinFund","Dragonfly Capital","Peak XV Partners(ex-Sequoia India)","More Details","","","",""
"Collector","COLL","https://icodrops.com/media/cache/56/89/56892162f6b2af8fd18c3b44c9e73d21.webp","https://icodrops.com/collector/","IDO","$3.54 M","$411.5 K","Platform","Upcoming","","Big Brain Holdings","Maven Capital","Solana","","","","",""
"Fasst","FAS","https://icodrops.com/media/cache/10/c4/10c49c6201cb6e73ba8a0e8f70d5fec8.webp","https://icodrops.com/fasst/","ICO","—","$802.7","Payments","Upcoming","","","","","","","","",""
"Animalia","ANIM","https://icodrops.com/media/cache/7b/04/7b04cfb9b78e47ccb58a12b93f6dad39.webp","https://icodrops.com/animalia/","IDO Round 2","$5.09 M","$6.27 M","Play to Earn","Upcoming","","MV Global","x21 Digital","Banter Capital","More Details","","","",""
"Archer","","https://icodrops.com/media/cache/68/92/68923b4b16de05d2a1a1fa71c0a2f15a.webp","https://icodrops.com/archer/","Private Stage","—","—","DEX","Upcoming","","Solana","","","","","","",""
"NEWITY","","https://icodrops.com/media/cache/48/25/48250aeb88d233e728775de4053f22b0.webp","https://icodrops.com/newity/","Private Stage","$11 M","—","Finance","Upcoming","","CMT Digital","","","","","","",""
"Dome","","https://icodrops.com/media/cache/24/f8/24f8cd94e38294efd20f1d96b0dbe497.webp","https://icodrops.com/dome/","Private Stage","—","—","Blockchain Service","Upcoming","","Polymarket","","","","","","",""
"Novig","","https://icodrops.com/media/cache/b4/99/b49987e7e310cc27385239492371749e.webp","https://icodrops.com/novig/","Private Stage","$100.2 M","$500 M","Predictions","Upcoming","","Multicoin Capital","Pantera Capital","NFX","More Details","","","",""
"XO Market","","https://icodrops.com/media/cache/93/64/9364e94dffed5cc16032e86a05cf2cc6.webp","https://icodrops.com/xo-market/","Private Stage","$500 K","—","DeFi","Upcoming","","Delphi Ventures","batuX","Binary Builders","More Details","","","",""
"Echo","","https://icodrops.com/media/cache/af/59/af596af7fe9ddbb2acbbee2c4fde3faf.webp","https://icodrops.com/echo/","Private Stage","$375 M","—","Launchpad","Upcoming","","Coinbase Ventures","","","","","","",""
"Pluno (AwesomeQA)","","https://icodrops.com/media/cache/53/4a/534a3fb077cc082d8ae2d5fd641e38c3.webp","https://icodrops.com/pluno/","Private Stage","$2.8 M","—","Social","Upcoming","","Coinbase Ventures","North Island Ventures","Uniswap","","","","",""
"Bitwise","","https://icodrops.com/media/cache/fc/75/fc75d91e2a813b31149f31fc1b95607f.webp","https://icodrops.com/bitwise/","Private Stage","$154.5 M","$500 M","Finance","Upcoming","","Blockchain Capital","Electric Capital","Naval Ravikant","More Details","","","",""
"Axal","","https://icodrops.com/media/cache/61/8f/618fa16b72ae52a8a9bca3a06813fb92.webp","https://icodrops.com/axal/","Private Stage","$2.5 M","—","Blockchain Service","Upcoming","","Andreessen Horowitz (a16z)","CMT Digital","IDG Capital","More Details","","","",""
"Rena Labs","","https://icodrops.com/media/cache/91/d1/91d1990e8b7eac8da51f4969a29c0c98.webp","https://icodrops.com/rena-labs/","Private Stage","$3.3 M","—","Infrastructure","Upcoming","","Faction","Selini Capital","Eterna Capital","More Details","","","",""
"Spicenet","","https://icodrops.com/media/cache/45/c6/45c69aaf80beb2e4b5ec403289446b5f.webp","https://icodrops.com/spicenet/","Private Stage","$3.4 M","—","Layer-2","Upcoming","","Hack VC","Magnus Capital","Batu","More Details","","","",""
"Zodia Custody","","https://icodrops.com/media/cache/b0/67/b067c336f3779ba96a2b388e7b7dff69.webp","https://icodrops.com/zodia-custody/","Private Stage","$36 M","—","Finance","Upcoming","","Emirates NBD","SBI Digital Asset Holdings","SC Ventures","","","","",""
"Uranium Digital","","https://icodrops.com/media/cache/cd/4c/cd4c444bf93b4565b1674b07daa9d4f3.webp","https://icodrops.com/uranium-digital/","Private Stage","$7.8 M","—","DeFi","Upcoming","","Framework Ventures","Mirana Ventures","Santiago Roel Santos","More Details","","","",""
"BVNK","","https://icodrops.com/media/cache/10/82/1082f41250a2ed0ea672a72d504974d5.webp","https://icodrops.com/bvnk/","Private Stage","$1.89 B","$750 M","Finance","Upcoming","","Coinbase Ventures","Tiger Global Management","Avenir","More Details","","","",""
"filament","","https://icodrops.com/media/cache/93/8d/938db79115f627fef015fe3f5707c886.webp","https://icodrops.com/filament/","Private Stage","$1.1 M","—","DEX","Upcoming","","P2 Ventures","Chorus One","Archerman Capital","More Details","Sei Network","","",""
"Promeet","","https://icodrops.com/media/cache/8b/41/8b4182fd00b36d65d105507966cebe06.webp","https://icodrops.com/promeet/","Private Stage","$3.1 M","—","Social","Upcoming","","","","","","","","",""
"Fraction AI","","https://icodrops.com/media/cache/9f/4d/9f4d0a74bda7ebf7c97622211888a139.webp","https://icodrops.com/fraction-ai/","Private Stage","$6 M","—","Blockchain Service","Upcoming","","The Spartan Group","Kosmos Ventures","Sandeep Nailwal","More Details","","","",""
"Kettle Finance","","https://icodrops.com/media/cache/f4/17/f417456e50c476ec80bb8ce701423c55.webp","https://icodrops.com/kettle-finance/","Private Stage","$4 M","—","Real World Assets P…","Upcoming","","gmoney","IOSG Ventures","ParaFi Capital","More Details","","","",""
"BitDCA","","https://icodrops.com/media/cache/80/ea/80ea7ce32d94dfc607883b71519f3b82.webp","https://icodrops.com/bitdca/","Private Stage","$2 M","$99.07 M","Blockchain Service","Upcoming","","","","","","","","",""
"N3MUS","","https://icodrops.com/media/cache/76/51/7651f0598e3b2aa2c3fa4fb37430ed41.webp","https://icodrops.com/n3mus/","Private Stage","$800 K","—","Gaming","Upcoming","","Arrington Capital","x21 Digital","Black Dragon","More Details","","","",""
"BRKT","","https://icodrops.com/media/cache/ad/4e/ad4e5827a692d0929c505ae4105cbec5.webp","https://icodrops.com/brkt/","Private Stage","$1.75 M","—","DeFi","Upcoming","","MEXC Global (Privcode Capital)","280 Capital","Foresight Ventures","More Details","","","",""
"Igloo","","https://icodrops.com/media/cache/c5/3e/c53e8cdbf2dcceba00bb172ac82be432.webp","https://icodrops.com/igloo/","Private Stage","—","—","Social","Upcoming","","Animoca Brands","Newman Capital","Animoca Brands Japan","More Details","","","",""
"OpenBrick","","https://icodrops.com/media/cache/cf/eb/cfebec9417ae96c1600b58df26b4aa95.webp","https://icodrops.com/openbrick/","Private Stage","—","—","Real Estate","Upcoming","","SIX Group","Hedera Hashgraph","","","","","",""
"Rarimo","","https://icodrops.com/media/cache/66/51/665105f36f7a58fb4eacf703cc40a60c.webp","https://icodrops.com/rarimo/","Private Stage","$2.5 M","—","Layer-2","Upcoming","","Vitalik Buterin","Alex Pruden","Ariel Gabizon","More Details","","","",""
"Avant","","https://icodrops.com/media/cache/5f/63/5f63d033f2f44c83b70511c896c98077.webp","https://icodrops.com/avant/","Private Stage","$6.5 M","$25 M","DeFi","Upcoming","","Avalaunch","Daybreak Digital","GoGoPool","More Details","","","",""
"Bleap","","https://icodrops.com/media/cache/be/9f/be9ff9315b91e3155b629fc8b60aa684.webp","https://icodrops.com/bleap/","Private Stage","$2.31 M","$10 M","Blockchain Service","Upcoming","","Alliance","Robot Ventures","Maven 11 Capital","More Details","","","",""
"Barter","","https://icodrops.com/media/cache/50/f2/50f2e256680bf569e8b6c95cae086aa8.webp","https://icodrops.com/barter-2/","Private Stage","$3 M","—","DeFi","Upcoming","","Digital Currency Group (DCG)","Maven 11 Capital","Anagram Crypto","More Details","","","",""
"OpenLayer","","https://icodrops.com/media/cache/c5/16/c5164f58219fdc4d4401cbbc799788fb.webp","https://icodrops.com/openlayer/","Private Stage","$5 M","—","Blockchain Service","Upcoming","","a16z crypto CSX","IOSG Ventures","The Spartan Group","More Details","","","",""
"TaleX","","https://icodrops.com/media/cache/0a/a7/0aa768fb017563479e3278042536037d.webp","https://icodrops.com/talex/","Private Stage","—","—","DeFi","Upcoming","","","","","","","","",""
"Nomis","","https://icodrops.com/media/cache/24/da/24da1030d5f9c4499d9fe587556ad762.webp","https://icodrops.com/nomis/","Private Stage","—","—","Blockchain Service","Upcoming","","","","","","","","",""
"Moso","","https://icodrops.com/media/cache/13/24/132437dcfe60676174107567adc21003.webp","https://icodrops.com/moso/","Private Stage","$2 M","—","Social","Upcoming","","P2 Ventures","CoinList","dao5","More Details","","","",""
"GamerBoom","","https://icodrops.com/media/cache/73/ee/73eee95bf41c7486eae50e1dbe37db3e.webp","https://icodrops.com/gamerboom/","Private Stage","$9 M","—","Gaming","Upcoming","","Digital Finance Group (DFG)","Bing Ventures","Jsquare","More Details","","","",""
"Four.Meme","","https://icodrops.com/media/cache/dd/b0/ddb0d92281a79c2264917222e11b5243.webp","https://icodrops.com/fourmeme/","Private Stage","—","—","Memes","Upcoming","","Binance coin","","","","","","",""
"Alt.town","","https://icodrops.com/media/cache/f6/53/f653aaf73cce76be8feba39e668dbdef.webp","https://icodrops.com/alttown/","Private Stage","—","$680.8 K","Blockchain Service","Upcoming","","","","","","","","",""
"Alias","","https://icodrops.com/media/cache/45/b2/45b20538a3880b3579b34ea451298acb.webp","https://icodrops.com/alias/","Private Stage","—","—","Artificial Intellig…","Upcoming","","Binance coin","","","","","","",""
"Yotta Labs","","https://icodrops.com/media/cache/89/fe/89fe10b3db2c09b0823bd8542a2683d8.webp","https://icodrops.com/yotta-labs/","Private Stage","—","—","Blockchain Service","Upcoming","","","","","","","","",""
"Matchain","","https://icodrops.com/media/cache/0c/df/0cdf5064d4b028e351f67bbc5011bf92.webp","https://icodrops.com/matchain/","Private Stage","—","$4.34 M","Blockchain","Upcoming","","","","","","","","",""
"Infinity Ground","","https://icodrops.com/media/cache/6f/13/6f13c16228480663e5a94d3e62693a7a.webp","https://icodrops.com/infinity-ground/","Private Stage","$2 M","$72.03 M","Blockchain Service","Upcoming","","Animoca Brands","Frachtis","KnightFury","More Details","","","",""
"CodexField","","https://icodrops.com/media/cache/46/bb/46bb7f8a399a87857e3bfe141d17b8a7.webp","https://icodrops.com/codexfield/","Private Stage","—","$2.18 B","Blockchain Service","Upcoming","","BlockX","Gate Labs","Onebit Ventures","Binance coin","","","",""
"Blockus","","https://icodrops.com/media/cache/96/27/9627f0e6b00b4a83a86a740236b2ea3f.webp","https://icodrops.com/blockus/","Private Stage","$4 M","—","Gaming","Upcoming","","Bryan Pellegrino","Altos Ventures","Maple VC","More Details","","","",""
"BalloonDogs","","https://icodrops.com/media/cache/ce/00/ce00443d4566ef0045481fbce28fdb91.webp","https://icodrops.com/balloondogs/","Private Stage","—","—","Infrastructure","Upcoming","","","","","","","","",""
"Alaya AI","","https://icodrops.com/media/cache/cd/f1/cdf1ebb25fda55e59fe87d3b34844ef8.webp","https://icodrops.com/alaya-ai/","Private Stage","—","$63.35 M","Artificial Intellig…","Upcoming","","","","","","","","",""
"YieldFi","","https://icodrops.com/media/cache/5d/42/5d42ca434dcffe9985870b2e92611cbd.webp","https://icodrops.com/yieldfi/","Private Stage","—","—","DeFi","Upcoming","","","","","","","","",""
"Vanilla Finance","","https://icodrops.com/media/cache/ec/de/ecde848501b39638c5a74070c42ea190.webp","https://icodrops.com/vanilla-finance/","Private Stage","—","—","DEX","Upcoming","","HTX Ventures (previously Huobi Ventures)","Paper Ventures","Signum Capital","More Details","","","",""
"uDEX","","https://icodrops.com/media/cache/4a/8a/4a8ae7d8a31783a7e6695b2f8efb1c0f.webp","https://icodrops.com/udex/","Private Stage","—","—","DeFi","Upcoming","","","","","","","","",""
"SparkleX","","https://icodrops.com/media/cache/07/e3/07e33f56d51d3bcd2b0525bb983af793.webp","https://icodrops.com/sparklex/","Private Stage","—","—","DeFi","Upcoming","","","","","","","","",""
"Paimon Finance","","https://icodrops.com/media/cache/c3/c3/c3c394bbf0ee6e85d26d4900336b363a.webp","https://icodrops.com/paimon-finance/","Private Stage","—","—","DeFi","Upcoming","","","","","","","","",""
"Evoq Finance","","https://icodrops.com/media/cache/e4/f0/e4f07c57bbd5c2e033c17cfd115d03d6.webp","https://icodrops.com/evoq-finance/","Private Stage","—","—","DeFi","Upcoming","","Binance coin","","","","","","",""
"CarbonFi","","https://icodrops.com/media/cache/9a/aa/9aaa30643cb35d0bf5f6fc95201b5fd6.webp","https://icodrops.com/carbonfi/","Private Stage","—","—","DeFi","Upcoming","","Binance coin","","","","","","",""
"Mento","","https://icodrops.com/media/cache/2c/2c/2c2cba81d859bc3e3acbe49cdd7cb6f7.webp","https://icodrops.com/mento/","Private Stage","$10 M","—","DeFi","Upcoming","","HashKey Capital","Flori Ventures","No Limit Holdings","More Details","","","",""
"CCData","","https://icodrops.com/media/cache/d5/42/d54249705b25ca06a3a2fd373154c088.webp","https://icodrops.com/ccdata/","Private Stage","—","—","Blockchain Service","Upcoming","","CoinDesk","MarketVector","VanEck","","","","",""
"Hermetica","","https://icodrops.com/media/cache/9d/58/9d58e87b760a5d1554098ca4417e3fbe.webp","https://icodrops.com/hermetica/","Private Stage","$1.7 M","—","DeFi","Upcoming","","CMS Holdings","Ethos Fund","UTXO Management","Bitcoin","","","",""
"Blockcast","","https://icodrops.com/media/cache/47/5d/475d044917cc8e3f0a24b0ad41c6a58a.webp","https://icodrops.com/blockcast/","Private Stage","$2.85 M","—","Blockchain Service","Upcoming","","Alliance","Zee Prime Capital","Anatoly Yakovenko","More Details","","","",""
"Bitnomial","","https://icodrops.com/media/cache/19/98/19983f9adb562f2efa53c1836bd4417e.webp","https://icodrops.com/bitnomial/","Private Stage","$36.6 M","—","Finance","Upcoming","","Electric Capital","Jump Capital","Ripple","","","","",""
"Predicate","","https://icodrops.com/media/cache/1c/68/1c68186e291d328f12c1103941d5bd2b.webp","https://icodrops.com/predicate/","Private Stage","$7 M","—","Blockchain Service","Upcoming","","1kx","ConsenSys","HashKey Capital","More Details","","","",""
"Fission Labs","","https://icodrops.com/media/cache/94/e7/94e7a4bd2e86bd7dd070b31a25d84311.webp","https://icodrops.com/fission-labs/","Private Stage","$1.6 M","—","DeFi","Upcoming","","Anthony Scaramucci","Kraynos Capital","The SALT Fund","","","","",""
"AiGO Network","","https://icodrops.com/media/cache/60/c0/60c07ea441ed79eb488c1ee22eae50a4.webp","https://icodrops.com/aigo-network/","Private Stage","—","—","Blockchain Service","Upcoming","","Waterdrip Capital","","","","","","",""
"Botanika","","https://icodrops.com/media/cache/ef/df/efdf9bac6f6308f036b981398f4f2793.webp","https://icodrops.com/botanika/","Private Stage","$1.5 M","—","Blockchain Service","Upcoming","","","","","","","","",""
"Perle (Prev. Kiva Ai)","","https://icodrops.com/media/cache/96/03/9603b27c239970aa64ad2eb9845a1b6a.webp","https://icodrops.com/kiva-ai/","Private Stage","$16 M","$263.6 M","Artificial Intellig…","Upcoming","","Framework Ventures","CoinFund","HashKey Capital","More Details","","","",""
"Semantic Layer","","https://icodrops.com/media/cache/b1/f9/b1f96d9df7f95520112efaa3f73026e7.webp","https://icodrops.com/semantic-layer/","Private Stage","$5 M","$2.72 M","Infrastructure","Upcoming","","Bankless","Fenbushi Capital","Hack VC","More Details","","","",""
"Bison Swap","","https://icodrops.com/media/cache/0d/54/0d5466ab590e7a1d98af834697d3ab3e.webp","https://icodrops.com/bison-swap/","Private Stage","—","—","DEX","Upcoming","","Dekrypt Capital","Alves Ventures","","","","","",""
"Moonray","","https://icodrops.com/media/cache/bd/6a/bd6ae6de6e0bcc8fa36af3f6e35ac59d.webp","https://icodrops.com/moonray/","Private Stage","$10 M","$28.8 K","Gaming","Upcoming","","HTX Ventures (previously Huobi Ventures)","Sfermion","Animoca Brands","More Details","","","",""
"TSFC","","https://icodrops.com/media/cache/49/36/49362e3f71e76010c31bf10aa6ba78dc.webp","https://icodrops.com/tsfc/","Private Stage","—","—","Finance","Upcoming","","Castrum Capital","","","","","","",""
"BCM","","https://icodrops.com/media/cache/6a/4c/6a4c417814d9cacb6881dc9ebfb37f2c.webp","https://icodrops.com/bcm/","Private Stage","—","—","Finance","Upcoming","","Kraken","","","","","","",""
"Helix Labs","","https://icodrops.com/media/cache/26/c0/26c0ccba2bd4a57b32581021bbe0725c.webp","https://icodrops.com/helix-labs/","Private Stage","$2 M","$40 M","DeFi","Upcoming","","Tribe Capital","Double Peak","LD Capital","More Details","","","",""
"Nametag","","https://icodrops.com/media/cache/7e/c6/7ec6171b8c953efaebbb198216b7a526.webp","https://icodrops.com/nametag/","Private Stage","$2 M","—","Blockchain Service","Upcoming","","Coinbase Ventures","Continue Capital","OKX Ventures","More Details","","","",""
"Sorted","","https://icodrops.com/media/cache/74/c6/74c6f408fba00473b22a4b96bf71eb1e.webp","https://icodrops.com/sorted/","Private Stage","$1.5 M","—","Wallet","Upcoming","","Tether","","","","","","",""
"Blend","","https://icodrops.com/media/cache/86/c8/86c840cf2c91185e13f907568e364fc9.webp","https://icodrops.com/blend-2/","Private Stage","—","$348.6 K","Lending Platform","Upcoming","","HackQuest","IBC Ventures","Mario Nawfal","","","","",""
"Bool Network","","https://icodrops.com/media/cache/bd/48/bd48665a02a8b4532e133c43bc9269b0.webp","https://icodrops.com/bool-network/","Private Stage","$2 M","—","Infrastructure","Upcoming","","Spark Digital Capital","ViaBTC Capital","Antalpha","More Details","Bitcoin","","",""
"TrueX","","https://icodrops.com/media/cache/48/c4/48c4782cddf0626be321a08908585db7.webp","https://icodrops.com/truex/","Private Stage","$20 M","—","CEX","Upcoming","","Variant","Accomplice","Hack VC","More Details","","","",""
"0xAstra","","https://icodrops.com/media/cache/28/9f/289fa41cd85622715c3a8edd33b76f76.webp","https://icodrops.com/0xastra/","Private Stage","$3 M","—","Gaming","Upcoming","","Animoca Brands","Folius Ventures","Orbiter Finance","More Details","","","",""
"Vektor","","https://icodrops.com/media/cache/e2/17/e21743b871a10e461d353d665e34a34b.webp","https://icodrops.com/vektor-2/","Private Stage","—","—","DeFi","Upcoming","","Nirvana Labs","","","","","","",""
"Fuse","","https://icodrops.com/media/cache/f3/42/f3424028d1cf7393255de5ae4418d363.webp","https://icodrops.com/fuseenergy/","Private Stage","$160 M","$5 B","Blockchain Service","Upcoming","","Balderton Capital","Lowercarbon Capital","","","","","",""
"Titan","","https://icodrops.com/media/cache/86/12/86129b788a2c6ca74429ea4048c253d7.webp","https://icodrops.com/titan/","Private Stage","$10.5 M","—","DeFi","Upcoming","","Galaxy","Mirana Ventures","Anatoly Yakovenko","More Details","Solana","","",""
"BTA Protocol","","https://icodrops.com/media/cache/72/7d/727df8b4e43f4a14c1bdd4296c3a6702.webp","https://icodrops.com/bta-protocol-2/","Private Stage","—","—","DeFi","Upcoming","","BlackBridge","Cityblok","Crypto Labs","","","","",""
"Universal Health Token","","https://icodrops.com/media/cache/bb/58/bb5867c57c79ed0d72f250dab7649f14.webp","https://icodrops.com/universal-health-token/","Private Stage","$1.2 M","—","Healthcare","Upcoming","","Animoca Brands","P2 Ventures","Aptos","More Details","","","",""
"INFINIT","","https://icodrops.com/media/cache/8e/40/8e40fc3e849424675aa2efde92ee9b6f.webp","https://icodrops.com/infinit-2/","Private Stage","$6 M","$64.53 M","DeFi","Upcoming","","Electric Capital","Faction","Hashed","More Details","","","",""
"GasHawk","","https://icodrops.com/media/cache/3c/1f/3c1fbe36e0ce5a155972531cd21dc5a4.webp","https://icodrops.com/gashawk/","Private Stage","$1.6 M","—","Ethereum Ecosystem","Upcoming","","Alchemy","3SE Holdings","Alex Michelsen","More Details","","","",""
"Wingbits","","https://icodrops.com/media/cache/d2/ec/d2ec2c5bfe83c890b67bde631696fb96.webp","https://icodrops.com/wingbits/","Private Stage","$9.1 M","—","Blockchain Service","Upcoming","","The Spartan Group","Tribe Capital","SNZ Holding","More Details","","","",""
"Titan Network","","https://icodrops.com/media/cache/17/74/1774365241c312f708b5815ffaa2165c.webp","https://icodrops.com/titan-network/","Private Stage","—","—","Blockchain Service","Upcoming","","Arrington Capital","Cointelegraph","DePIN X","","","","",""
"CASTILE","","https://icodrops.com/media/cache/58/7d/587da8e9a8fce402dd429fb171a3620e.webp","https://icodrops.com/castile/","Private Stage","$8 M","—","Gaming","Upcoming","","HashKey Capital","OKX Ventures","SevenX Ventures","More Details","","","",""
"Fountain","","https://icodrops.com/media/cache/38/c9/38c91656a067bbb2d50568be285262a5.webp","https://icodrops.com/fountain-2/","Private Stage","$3.5 M","—","Infrastructure","Upcoming","","Foundation Capital","Caladan (Alphalab)","Druid Ventures","More Details","","","",""
"Vibes","","https://icodrops.com/media/cache/d7/7e/d77e6fbcbabc8d4db0ea58e48f57c7d6.webp","https://icodrops.com/vibes/","Private Stage","$2 M","—","Gaming","Upcoming","","Bryan Pellegrino","0xSisyphus","9GAGCEO","More Details","","","",""
"zkSpin","","https://icodrops.com/media/cache/91/ef/91ef8f916d88aedb65025b0e46435539.webp","https://icodrops.com/zkspin/","Private Stage","—","—","Blockchain","Upcoming","","","","","","","","",""
"vlayer","","https://icodrops.com/media/cache/10/d6/10d6e601dfb4c0b5e254563e0ccd0d36.webp","https://icodrops.com/vlayer/","Private Stage","$10 M","—","Infrastructure","Upcoming","","Andreessen Horowitz (a16z)","Strobe (Prev. BlockTower Capital)","Aayush Gupta","More Details","","","",""
"TACEO","","https://icodrops.com/media/cache/70/1c/701c840649b073d2d1847c753ed82ee2.webp","https://icodrops.com/taceo/","Private Stage","$5.5 M","—","Blockchain Service","Upcoming","","a16z crypto CSX","a_capital","Archetype","More Details","","","",""
"t1 Protocol","","https://icodrops.com/media/cache/c2/0a/c20a75f9a1dab70895cf115a841436ad.webp","https://icodrops.com/t1-protocol/","Private Stage","$2.5 M","—","Infrastructure","Upcoming","","Andreessen Horowitz (a16z)","PNYX Ventures","Ali Yahya","More Details","","","",""
"Suave","","https://icodrops.com/media/cache/de/1f/de1fe80dceb54472fb16ef3ac7fb8db8.webp","https://icodrops.com/suave/","Private Stage","—","—","Blockchain Service","Upcoming","","","","","","","","",""
"Sekai","","https://icodrops.com/media/cache/c4/0b/c40b6d268fd311bba2615eec6f04da72.webp","https://icodrops.com/sekai/","Private Stage","$3.1 M","—","Social","Upcoming","","a16z crypto CSX","Hashed","Azuki","More Details","","","",""
"Opacity Network","","https://icodrops.com/media/cache/6a/16/6a1671a15b36e483a97c16633ce9cf3d.webp","https://icodrops.com/opacity-network/","Private Stage","$13.4 M","—","Zero Knowledge","Upcoming","","Archetype","a16z Cultural Leadership Fund","Ambush Capital","More Details","","","",""
"MeshMap","","https://icodrops.com/media/cache/22/7b/227bb5caf77c9da800a7391cdb5fbd72.webp","https://icodrops.com/meshmap/","Private Stage","$4 M","—","Blockchain Service","Upcoming","","Andreessen Horowitz (a16z)","Balaji Srinivasan","Anatoly Yakovenko","More Details","","","",""
"Future Primitive","","https://icodrops.com/media/cache/b4/e6/b4e6e173d7db603edbbd3b5f7e65d18f.webp","https://icodrops.com/future-primitive/","Private Stage","—","—","Blockchain Service","Upcoming","","","","","","","","",""
"Fermah","","https://icodrops.com/media/cache/bd/29/bd29c90b1b47777c62663c07e631a18c.webp","https://icodrops.com/fermah/","Private Stage","$5.2 M","—","Zero Knowledge","Upcoming","","Andreessen Horowitz (a16z)","Balaji Srinivasan","Bankless","More Details","","","",""
"Dot.fun","","https://icodrops.com/media/cache/cb/48/cb484f5348f012d7b41f214842b57d8a.webp","https://icodrops.com/dotfun/","Private Stage","—","—","GameFi","Upcoming","","","","","","","","",""
"Cork Protocol","","https://icodrops.com/media/cache/9b/4e/9b4eee51de0208f2891d1ec7e8a3b828.webp","https://icodrops.com/cork-protocol/","Private Stage","$5.5 M","—","DeFi","Upcoming","","Andreessen Horowitz (a16z)","a16z crypto CSX","IDEO CoLab Ventures","More Details","","","",""
"Blocksense Network","","https://icodrops.com/media/cache/d1/18/d1184325d874b887f5cf03cf5b7cd265.webp","https://icodrops.com/blocksense-network/","Private Stage","$4 M","—","Infrastructure","Upcoming","","Andreessen Horowitz (a16z)","Selini Capital","MH Ventures","More Details","","","",""
"Banyan","","https://icodrops.com/media/cache/76/c2/76c2c8ea90e6354c4f4b89e9fb90f363.webp","https://icodrops.com/banyan/","Private Stage","—","—","Artificial Intellig…","Upcoming","","","","","","","","",""
"Anera","","https://icodrops.com/media/cache/f5/be/f5be9f16182124e652d0b3dfd4f03791.webp","https://icodrops.com/anera/","Private Stage","—","—","DeFi","Upcoming","","","","","","","","",""
"onocoy","","https://icodrops.com/media/cache/91/c1/91c1b60b213f8093f299c8446f456f6d.webp","https://icodrops.com/onocoy/","Private Stage","$940 K","—","Infrastructure","Upcoming","","Smart Island Capital","Thomas Seiler","","","","","",""
"0xPPL","","https://icodrops.com/media/cache/12/90/1290bdfb432a2546e1cc280fb7887e6e.webp","https://icodrops.com/0xppl/","Private Stage","—","—","Social","Upcoming","","Alliance","Peak XV Partners(ex-Sequoia India)","Sandeep Nailwal","More Details","","","",""
"CryptoHunter World","","https://icodrops.com/media/cache/14/d6/14d6d1bb0e5ca27200de83801daffb18.webp","https://icodrops.com/cryptohunter-world/","Private Stage","$2.8 M","—","Gaming","Upcoming","","Big Candle Capital","HG Ventures","IOST","More Details","","","",""
"Uniquid Layer","","https://icodrops.com/media/cache/32/67/3267ec17e8bf54d835f2c991e2f89825.webp","https://icodrops.com/uniquid-layer/","Private Stage","—","—","DeFi","Upcoming","","DWF Labs","Amber Group","Mapleblock Capital","More Details","","","",""
"IDA","","https://icodrops.com/media/cache/c1/a5/c1a58a9da4e41e915bc2a774479815ce.webp","https://icodrops.com/ida-2/","Private Stage","$6 M","—","Stablecoin","Upcoming","","Hack VC","Hashed","Kenetic Capital","More Details","","","",""
"Parlay","","https://icodrops.com/media/cache/58/cb/58cb5d3078a9ce92d80586fdde0b26d1.webp","https://icodrops.com/parlay/","Private Stage","$2 M","—","Launchpad","Upcoming","","DNA Fund","Jon Najarian","Rick Schlesinger","","","","",""
"Kredete","","https://icodrops.com/media/cache/9a/c5/9ac501bad2dbd4b165c04e350f33b34f.webp","https://icodrops.com/kredete/","Private Stage","$24.25 M","—","Finance","Upcoming","","AfricInvest","Blockchain Founders Fund","DNA Fund","More Details","","","",""
"Snek.fun","","https://icodrops.com/media/cache/f8/3e/f83e1b715a6ed54fc760dcd1cd1f2652.webp","https://icodrops.com/snekfun/","Private Stage","—","—","Launchpad","Upcoming","","Cardano","","","","","","",""
"Verofax","","https://icodrops.com/media/cache/3a/f4/3af40d70c43d441593e0b175840202fd.webp","https://icodrops.com/verofax/","Private Stage","$4.5 M","—","Blockchain Service","Upcoming","","500 Global","Benson Oak Ventures","Navig8 Group","More Details","","","",""
"Mereo","","https://icodrops.com/media/cache/8a/fd/8afd232d24336f01f4004e7c95432228.webp","https://icodrops.com/mereo/","Private Stage","—","—","Social","Upcoming","","Aptos","","","","","","",""
"Time.fun","","https://icodrops.com/media/cache/70/50/705032537ce2296ee520565ec4687c23.webp","https://icodrops.com/time-fun/","Private Stage","$3 M","—","Social","Upcoming","","Brevan Howard","Coinbase Ventures","Arthur Hayes","More Details","Base","","",""
"Level","","https://icodrops.com/media/cache/e1/70/e17038833e22911f582a532b1416f7be.webp","https://icodrops.com/level-2/","Private Stage","$6.2 M","—","DeFi","Upcoming","","Balaji Srinivasan","Polychain Capital","Dragonfly Capital","More Details","","","",""
"double jump.tokyo","","https://icodrops.com/media/cache/4d/d3/4dd3a8f660398b387eadb8e84470717e.webp","https://icodrops.com/double-jump-tokyo/","Private Stage","$64 M","—","Gaming","Upcoming","","Jump Crypto","Amber Group","Fenbushi Capital","More Details","","","",""
"Legion","","https://icodrops.com/media/cache/24/aa/24aa250985bb7b796b514df8184e71d3.webp","https://icodrops.com/legion/","Private Stage","$7 M","—","Blockchain Service","Upcoming","","Brevan Howard","Delphi Digital (Delphi Labs)","Alliance","More Details","","","",""
"Myco","","https://icodrops.com/media/cache/81/ee/81eea27fdd27b40eb69e01b6eed6b777.webp","https://icodrops.com/myco/","Private Stage","$10 M","—","Media","Upcoming","","Ghaf Capital Partners","Aptos","Daman Investments","More Details","","","",""
"Echelon","","https://icodrops.com/media/cache/be/fa/befa6f58b159845896ac0210a66ea215.webp","https://icodrops.com/echelon/","Private Stage","$3.5 M","$8.21 M","Lending Platform","Upcoming","","Amber Group","Selini Capital","DCF GOD","More Details","Aptos","","",""
"Nectar AI","","https://icodrops.com/media/cache/1e/b7/1eb7d2081875efaad0cd3e1d853eaa3f.webp","https://icodrops.com/nectar-ai/","Private Stage","$3.9 M","—","Artificial Intellig…","Upcoming","","Mechanism Capital","DCF GOD","Maelstrom","More Details","","","",""
"Origami Finance","","https://icodrops.com/media/cache/18/b1/18b1eb7bb62a03d54c4b8ac351a107c6.webp","https://icodrops.com/origami-finance/","Private Stage","$1.5 M","—","DeFi","Upcoming","","DCF GOD","Aquanow","BeraLand","More Details","Berachain","Ethereum","",""
"Chainbound","","https://icodrops.com/media/cache/e7/4e/e74eda834edaaa220215e5838de366ea.webp","https://icodrops.com/chainbound/","Private Stage","$4.6 M","—","Infrastructure","Upcoming","","Bankless","Delphi Ventures","Robot Ventures","More Details","","","",""
"Sidekick","","https://icodrops.com/media/cache/c0/a0/c0a02e7cc429870fe6abd1837b2e4e69.webp","https://icodrops.com/sidekick/","Private Stage","—","$345 K","Gaming","Upcoming","","YZi Labs (prev Binance Labs)","Fenbushi Capital","","","","","",""
"Ducat","","https://icodrops.com/media/cache/90/55/90552c56545b540238615475856691a6.webp","https://icodrops.com/ducat/","Private Stage","$2.5 M","—","DeFi","Upcoming","","CMS Holdings","Bitcoin Frontier Fund","Bitcoin Startup Lab","More Details","Bitcoin","","",""
"Ark Labs","","https://icodrops.com/media/cache/b7/4f/b74fb978c798bc4a99cb74d601a540a2.webp","https://icodrops.com/ark-labs/","Private Stage","$7.7 M","—","Infrastructure","Upcoming","","Draper Dragon","Anchorage Digital","Axiom Capital","More Details","","","",""
"SatLayer","","https://icodrops.com/media/cache/e7/f0/e7f04469848249e2a4fe9b5e1967081b.webp","https://icodrops.com/satlayer/","Private Stage","$8 M","$2.25 M","Liquid Staking Toke…","Upcoming","","Amber Group","CMS Holdings","Hack VC","More Details","Bitcoin","","",""
"Starfish Technologies","","https://icodrops.com/media/cache/48/42/4842649a6e916243f3e0c3a8d30d95bf.webp","https://icodrops.com/starfish-technologies/","Private Stage","—","—","Software","Upcoming","","Humans.ai","","","","","","",""
"Stork","","https://icodrops.com/media/cache/fd/6a/fd6a140d5b9d292e9154723f385c6069.webp","https://icodrops.com/stork/","Private Stage","$4 M","—","Blockchain Service","Upcoming","","CMS Holdings","Faction","Wintermute","More Details","","","",""
"TMRW","","https://icodrops.com/media/cache/3c/33/3c33db92c8afdeaef822983f04c67531.webp","https://icodrops.com/tmrw/","Private Stage","$1.3 M","—","Infrastructure","Upcoming","","Brad Mills","Maple VC","","","","","",""
"Stronghold","","https://icodrops.com/media/cache/4a/b5/4ab591ef991481ec2e931cda0fc0ffa9.webp","https://icodrops.com/stronghold-2/","Private Stage","$140 M","—","Infrastructure","Upcoming","","Bitfarms","Bitcoin","","","","","",""
"Skyfire","","https://icodrops.com/media/cache/11/35/1135a67d3a61694154da8b4cbece53cc.webp","https://icodrops.com/skyfire/","Private Stage","$9.5 M","—","Infrastructure","Upcoming","","Andreessen Horowitz (a16z)","Coinbase Ventures","Draper Associates","More Details","","","",""
"Sorella","","https://icodrops.com/media/cache/45/b9/45b99cb8680ff57b873d6534be5c9900.webp","https://icodrops.com/sorella/","Private Stage","$7.5 M","—","DeFi","Upcoming","","Paradigm","Bankless","Nascent","More Details","","","",""
"GenLayer","","https://icodrops.com/media/cache/76/4f/764f947d2ba71d5aa2b76a6af789ada1.webp","https://icodrops.com/genlayer/","Private Stage","$7.5 M","—","Blockchain","Upcoming","","Arrington Capital","Node Capital","Maelstrom","More Details","","","",""
"ETC Group","","https://icodrops.com/media/cache/7c/81/7c8150572df865c3d47eed7be45f0697.webp","https://icodrops.com/etc-group/","Private Stage","—","—","Finance","Upcoming","","Bitwise","","","","","","",""
"Chain Debrief","","https://icodrops.com/media/cache/12/24/1224c688752a2c0c8e0888e09378577d.webp","https://icodrops.com/chain-debrief/","Private Stage","$900 K","—","Social","Upcoming","","CoinGecko Ventures","Double Peak","QCP Capital","More Details","","","",""
"Gummi","","https://icodrops.com/media/cache/b7/f0/b7f0d2fa71d28a2432cea3c8b8d87583.webp","https://icodrops.com/gummi/","Private Stage","$2 M","—","DeFi","Upcoming","","Arrington Capital","Animoca Brands","DCF GOD","More Details","","","",""
"Fabric Cryptography","","https://icodrops.com/media/cache/d0/57/d057dcf3a31c1c2be3dcf6d0c2353800.webp","https://icodrops.com/fabric-cryptography/","Private Stage","$39 M","—","Infrastructure","Upcoming","","1kx","Blockchain Capital","MV Global","More Details","","","",""
"Holonym","","https://icodrops.com/media/cache/fa/59/fa594dd5d5994783f2391a29181663c4.webp","https://icodrops.com/holonym/","Private Stage","$5.5 M","—","Blockchain Service","Upcoming","","Arrington Capital","Selini Capital","Draper Dragon","More Details","","","",""
"Digihost","","https://icodrops.com/media/cache/c7/c3/c7c35049ce23666677bea008642fee89.webp","https://icodrops.com/digihost/","Private Stage","$9.35 M","—","Infrastructure","Upcoming","","","","","","","","",""
"WSPN","","https://icodrops.com/media/cache/3f/2f/3f2f544b1ac119695819697064bc72b9.webp","https://icodrops.com/wspn/","Private Stage","$30 M","—","Finance","Upcoming","","Folius Ventures","Foresight Ventures","GenerativeVentures","More Details","","","",""
"CrunchDAO","","https://icodrops.com/media/cache/2a/3c/2a3c2d43ea0bc1cc9f173f04e123d861.webp","https://icodrops.com/crunchdao/","Private Stage","$8.5 M","—","Artificial Intellig…","Upcoming","","Multicoin Capital","Fabric Ventures","Galaxy","More Details","","","",""
"Goldilocks","","https://icodrops.com/media/cache/70/a9/70a9f35c5f4a42aa841b671ec8e4a535.webp","https://icodrops.com/goldilocks/","Private Stage","$1.5 M","—","Blockchain Service","Upcoming","","Hack VC","Shima Capital","0xRodney","More Details","Berachain","","",""
"Satflow","","https://icodrops.com/media/cache/22/86/22864ee39da04520f90444a393498f22.webp","https://icodrops.com/satflow/","Private Stage","$7.6 M","—","DeFi","Upcoming","","Variant","CMS Holdings","Coinbase Ventures","More Details","","","",""
"Sling Money","","https://icodrops.com/media/cache/19/37/1937b0e2ea225af65746cf06933aa862.webp","https://icodrops.com/sling-money/","Private Stage","$15 M","—","Finance","Upcoming","","Union Square Ventures","Slow Ventures","Ribbit Capital","","","","",""
"Vessel","","https://icodrops.com/media/cache/03/24/03247108f21d5b678aa6749baf600b6c.webp","https://icodrops.com/vessel/","Private Stage","$10 M","—","DeFi","Upcoming","","Sequoia Capital","Algorand Foundation","Avalanche Foundation","More Details","","","",""
"Aidatify","","https://icodrops.com/media/cache/6c/2f/6c2f185a356bd7d795a606cfc3ad0a68.webp","https://icodrops.com/aidatify/","Private Stage","$17.5 M","$150 M","DeFi","Upcoming","","SM Capital","","","","","","",""
"UniWorlds","","https://icodrops.com/media/cache/ac/40/ac40245d9287a44e29f796f659d47650.webp","https://icodrops.com/uniworlds/","Private Stage","—","—","Blockchain Service","Upcoming","","UniSat","Bitcoin","","","","","",""
"Payman","","https://icodrops.com/media/cache/bd/24/bd248470f59eca873fe6056f1cfaa8fa.webp","https://icodrops.com/payman/","Private Stage","$3 M","—","Artificial Intellig…","Upcoming","","Coinbase Ventures","The Spartan Group","Boost VC","More Details","","","",""
"LYNC","","https://icodrops.com/media/cache/93/55/93552a1909ae4e533332e9a4558bb0a9.webp","https://icodrops.com/lync/","Private Stage","$1.5 M","—","Infrastructure","Upcoming","","LongHash Ventures","8186 Capital","Amesten Capital","More Details","","","",""
"DeAgentAI","","https://icodrops.com/media/cache/ea/69/ea693f71c3067be6d5f7fd1872d18b6f.webp","https://icodrops.com/deagentai/","Private Stage","$6 M","$73.84 M","Infrastructure","Upcoming","","Waterdrip Capital","Panony","CatcherVC","More Details","","","",""
"Blockscout","","https://icodrops.com/media/cache/c6/97/c697cea36b56a106f67b75605f6dc7d5.webp","https://icodrops.com/blockscout/","Private Stage","$3 M","—","Blockchain Service","Upcoming","","1kx","Primitive Ventures","Alex Svanevik","More Details","","","",""
"Khalani Network","","https://icodrops.com/media/cache/bf/b2/bfb2c35e02c967c9ab3e71c0457c0b4e.webp","https://icodrops.com/khalani-network/","Private Stage","$2.5 M","—","Infrastructure","Upcoming","","Nascent","Adrian Brink","Arjun Bhuptani","More Details","","","",""
"elmnts","","https://icodrops.com/media/cache/4e/32/4e32aea30b5b6990594c51181504f6ed.webp","https://icodrops.com/elmnts/","Private Stage","$2 M","—","DeFi","Upcoming","","Foundation Capital","Anagram Crypto","Anatoly Kondiyakov","More Details","","","",""
"Cartridge","","https://icodrops.com/media/cache/cc/e9/cce930ee5c61de2c5c43755d23e4c6dd.webp","https://icodrops.com/cartridge/","Private Stage","$7.5 M","—","Gaming","Upcoming","","BITKRAFT Ventures","Fabric Ventures","Primitive Ventures","More Details","StarkNet","","",""
"DuelNow","","https://icodrops.com/media/cache/0d/ad/0dadf27322edfb384c7ffc91eaf21e6c.webp","https://icodrops.com/duelnow/","Private Stage","$11 M","—","Web 3.0","Upcoming","","Global Emerging Markets (GEM Digital Limited)","","","","","","",""
"MetaDAO","","https://icodrops.com/media/cache/90/a8/90a86308214fffc0251c59a6affc1f1a.webp","https://icodrops.com/metadao/","Private Stage","$12.1 M","$50.81 M","Solana Ecosystem","Upcoming","","Paradigm","Variant","6MV (6th Man Ventures)","","","","",""
"Chateau","","https://icodrops.com/media/cache/c7/90/c79076ab2569049a4ff012cbda24869a.webp","https://icodrops.com/chateau/","Private Stage","—","—","DeFi","Upcoming","","Hack VC","","","","","","",""
"Lukka","","https://icodrops.com/media/cache/4c/f8/4cf8467a0c94393bd227fc13dc40250f.webp","https://icodrops.com/lukka/","Private Stage","$140.5 M","$1.3 B","Blockchain Service","Upcoming","","Animoca Brands","Ben Davenport","James Pallotta","More Details","","","",""
"Daylight","","https://icodrops.com/media/cache/13/ec/13ec58f51307fcd614f147a5f9626245.webp","https://icodrops.com/daylight-2/","Private Stage","$84 M","—","DePIN","Upcoming","","Andreessen Horowitz (a16z)","Framework Ventures","Coinbase Ventures","More Details","","","",""
"Icebreaker","","https://icodrops.com/media/cache/0a/73/0a73a0635175869f2215189bb64f8ca1.webp","https://icodrops.com/icebreaker/","Private Stage","$5 M","—","Blockchain Service","Upcoming","","Accomplice","CoinFund","Anagram Crypto","More Details","","","",""
"Layer2 Financial","","https://icodrops.com/media/cache/f0/a6/f0a64d126d8395cf938c0293f9d73ace.webp","https://icodrops.com/layer2-financial/","Private Stage","$10.7 M","—","Finance","Upcoming","","Accomplice","Galaxy","Sapphire Ventures","","","","",""
"Breakout","","https://icodrops.com/media/cache/64/eb/64eb9039f0c358fe9415f4ef0222a62a.webp","https://icodrops.com/breakout-3/","Private Stage","$4.5 M","—","Finance","Upcoming","","Mechanism Capital","C2Ventures (Csquared)","Kraken","More Details","","","",""
"Raad Labs","","https://icodrops.com/media/cache/8f/f1/8ff1ff578575f802cf9c1e9e299442e1.webp","https://icodrops.com/raad-labs/","Private Stage","$2.25 M","—","DePIN","Upcoming","","CoinFund","Tribe Capital","EV3","More Details","","","",""
"Hyperbolic","","https://icodrops.com/media/cache/25/fc/25fc12e146b7d772fd7844fa3dd7b41c.webp","https://icodrops.com/hyperbolic/","Private Stage","$19.73 M","—","Blockchain Service","Upcoming","","Balaji Srinivasan","Polychain Capital","Variant","More Details","","","",""
"Agent Exchange","","https://icodrops.com/media/cache/36/5e/365e652fbd1c96d58e894affe10c0104.webp","https://icodrops.com/agent-exchange/","Private Stage","$1 M","—","DeFi","Upcoming","","Caladan (Alphalab)","cygaar","David Choi","More Details","","","",""
"TonTon Games","","https://icodrops.com/media/cache/07/19/071932efe41ca9f1523cfd8a56d44e21.webp","https://icodrops.com/tonton-games/","Private Stage","—","—","Gaming","Upcoming","","YZi Labs (prev Binance Labs)","The Open Network","","","","","",""
"FluxLayer","","https://icodrops.com/media/cache/1f/e6/1fe63439ef880d8a6b725a24fd4de616.webp","https://icodrops.com/fluxlayer/","Private Stage","—","—","Blockchain Service","Upcoming","","YZi Labs (prev Binance Labs)","","","","","","",""
"EigenExplorer","","https://icodrops.com/media/cache/89/4c/894cedb182e9028c187e2fe3a8afaa59.webp","https://icodrops.com/eigenexplorer/","Private Stage","—","—","DeFi","Upcoming","","YZi Labs (prev Binance Labs)","","","","","","",""
"Aster (prev. Astherus)","","https://icodrops.com/media/cache/ec/a8/eca8a617a78b8b70d0020692206238f4.webp","https://icodrops.com/astherus/","Private Stage","—","$5.33 B","Perpetual","Upcoming","","YZi Labs (prev Binance Labs)","APX Finance","","","","","",""
"Liquorice","","https://icodrops.com/media/cache/77/0a/770a24803e9e9a81b2133239b250aa78.webp","https://icodrops.com/liquorice/","Private Stage","$1.2 M","—","DeFi","Upcoming","","Greenfield Capital","HASH CIB (HASH#CIB)","L2 Iterative Ventures (L2IV)","More Details","","","",""
"BlonkFi","","https://icodrops.com/media/cache/5b/7a/5b7a96fe350839259497b4ea9696c599.webp","https://icodrops.com/blonkfi/","Private Stage","—","—","DeFi","Upcoming","","Manifold Trading","Kyros Ventures","Signum Capital","More Details","","","",""
"Mycel","","https://icodrops.com/media/cache/40/dc/40dc8c9d0326293ebe2f5ef84a64198a.webp","https://icodrops.com/mycel/","Private Stage","—","—","Infrastructure","Upcoming","","gumi Cryptos Capital","0xTaker","Adrian Brink","More Details","","","",""
"We.Rich","","https://icodrops.com/media/cache/97/da/97da989e8cdd69ffeba20ad6269941a8.webp","https://icodrops.com/we-rich/","Private Stage","$2 M","—","DeFi","Upcoming","","Animoca Brands","Folius Ventures","Leland Ventures","More Details","","","",""
"Roxom","","https://icodrops.com/media/cache/e0/a2/e0a267e045f2435b07e4277d2029ad00.webp","https://icodrops.com/roxom/","Private Stage","$22.2 M","—","DeFi","Upcoming","","Draper Associates","Cadenza Ventures","Borderless Capital","More Details","","","",""
"Risk Layer","","https://icodrops.com/media/cache/86/f4/86f42355c312e04c1d08dce10584807d.webp","https://icodrops.com/risk-layer/","Private Stage","—","—","DeFi","Upcoming","","Momentum 6","Antler","CoinSwitch","More Details","","","",""
"Redpill","","https://icodrops.com/media/cache/a6/3a/a63abc82a4c1b6f700116d8fa31f3444.webp","https://icodrops.com/redpill/","Private Stage","$5 M","—","Infrastructure","Upcoming","","Hypersphere Ventures","IOSG Ventures","Animoca Brands","More Details","","","",""
"PANDA TITAN","","https://icodrops.com/media/cache/ba/a2/baa26b5cc6e04291208c755e9db17d47.webp","https://icodrops.com/panda-titan/","Private Stage","$3 M","—","Gaming","Upcoming","","Archer Capital","","","","","","",""
"DAOBase","","https://icodrops.com/media/cache/a6/46/a646b42d8ae8439fadc1c9eb5fbc39b7.webp","https://icodrops.com/daobase/","Private Stage","$6 M","$24.55 M","Blockchain Service","Upcoming","","SevenX Ventures","LD Capital","Antalpha","More Details","","","",""
"Assisterr","","https://icodrops.com/media/cache/15/7e/157e7f78ab3362a19b78cc3d35fd88dc.webp","https://icodrops.com/assisterr/","Private Stage","$4.5 M","$75 M","Infrastructure","Upcoming","","Outlier Ventures","Contango","Decasonic","More Details","","","",""
"LayerBank","","https://icodrops.com/media/cache/67/2e/672e00e8a3390b6f6c582fc5356b5335.webp","https://icodrops.com/layerbank/","Private Stage","$2.3 M","—","DeFi","Upcoming","","CoinBureau","DV Chain","Future Trends","More Details","","","",""
"Network3","","https://icodrops.com/media/cache/f0/56/f056bc43851c514dd8d94f553919d4d1.webp","https://icodrops.com/network3/","Private Stage","$5.5 M","$19.19 M","Infrastructure","Upcoming","","SNZ Holding","Waterdrip Capital","Borderless Capital","More Details","","","",""
"B3 fun","","https://icodrops.com/media/cache/2b/d6/2bd6b6e008492587f5552f58acf6ee1e.webp","https://icodrops.com/b3-fun/","Private Stage","$21 M","$31.8 M","Gaming","Upcoming","","Pantera Capital","BitScale Capital","Hashed","More Details","Base","","",""
"Block Mining","","https://icodrops.com/media/cache/59/e6/59e67936a8251f21110a5a3a67854a98.webp","https://icodrops.com/block-mining/","Private Stage","$92.5 M","—","Infrastructure","Upcoming","","Riot Blockchain","Bitcoin","","","","","",""
"LayerPixel","","https://icodrops.com/media/cache/b7/d3/b7d3a25234f6cc727957d0c6e5c47daf.webp","https://icodrops.com/layerpixel/","Private Stage","$2 M","—","Blockchain Service","Upcoming","","Kenetic Capital","Waterdrip Capital","Foresight Ventures","More Details","The Open Network","","",""
"Kintsu","","https://icodrops.com/media/cache/f1/aa/f1aad2bb66c4092bc5213b28e240b1a9.webp","https://icodrops.com/kintsu/","Private Stage","$4 M","—","DeFi","Upcoming","","Brevan Howard","CMS Holdings","CMT Digital","More Details","","","",""
"BitFi","","https://icodrops.com/media/cache/d0/12/d01271ab943c92b9f637f8d9cd99179c.webp","https://icodrops.com/bitfi/","Private Stage","—","$50 M","DeFi","Upcoming","","Fundamental Labs","Citizen Journalism Network Accelerator","CGV FoF (Cryptogram Venture)","More Details","","","",""
"Pluto Studio","","https://icodrops.com/media/cache/01/eb/01eb16956d7b1ba07d63d731756177ae.webp","https://icodrops.com/pluto-studio/","Private Stage","—","—","Gaming","Upcoming","","YZi Labs (prev Binance Labs)","The Open Network","","","","","",""
"Etherfuse","","https://icodrops.com/media/cache/70/43/70438446c4683c42f531e3760f2d427b.webp","https://icodrops.com/etherfuse/","Private Stage","$3 M","$12.5 M","DeFi","Upcoming","","FunFair Ventures","North Island Ventures","Stellar Foundation","More Details","Solana","","",""
"Nirvana Labs","","https://icodrops.com/media/cache/e8/bc/e8bc2c7fd78875c7fe5adb9561f799e7.webp","https://icodrops.com/nirvana-labs/","Private Stage","$11.2 M","—","Infrastructure","Upcoming","","Jump Crypto","Play Ventures","Bitgo","More Details","","","",""
"CryptoManufaktur","","https://icodrops.com/media/cache/f4/a4/f4a4ce4448ede0d5d1a979de9bdb3c6e.webp","https://icodrops.com/cryptomanufaktur/","Private Stage","—","—","Infrastructure","Upcoming","","Galaxy","Ethereum","","","","","",""
"Allium","","https://icodrops.com/media/cache/73/9a/739a65b99a1bb4e22adabe58aba38af5.webp","https://icodrops.com/allium/","Private Stage","$20.75 M","—","Blockchain Service","Upcoming","","Amplify Partners","Kleiner Perkins","Theory VC","","","","",""
"Truvius","","https://icodrops.com/media/cache/95/92/95929132ba91efdffd80eeaaf29c6837.webp","https://icodrops.com/truvius/","Private Stage","$3.2 M","—","Finance","Upcoming","","Galaxy","Chainview Capital","New Form Capital","","","","",""
"Oh Gamers","","https://icodrops.com/media/cache/df/9d/df9d8fe762b49d00632cb55d115368c6.webp","https://icodrops.com/oh-gamers/","Private Stage","$3 M","—","Gaming","Upcoming","","Axia8 Ventures","","","","","","",""
"Neura","","https://icodrops.com/media/cache/04/c6/04c696c07ec9738c884a915426bad9ab.webp","https://icodrops.com/neura/","Private Stage","—","—","Blockchain","Upcoming","","Cosmos","","","","","","",""
"Chasm","CAI","https://icodrops.com/media/cache/04/db/04db7da21ce4cd244505843f9395e280.webp","https://icodrops.com/chasm/","Private Stage","—","—","Artificial Intellig…","Upcoming","","","","","","","","",""
"Mira","","https://icodrops.com/media/cache/14/4f/144feed94a986cd5daa9030d776ef5f4.webp","https://icodrops.com/mira/","Private Stage","$9 M","$89.43 M","Infrastructure","Upcoming","","Balaji Srinivasan","Framework Ventures","BITKRAFT Ventures","More Details","","","",""
"PEXX","","https://icodrops.com/media/cache/2b/04/2b04f5c4cbfab31aaae47d4efa0a2a5b.webp","https://icodrops.com/pexx/","Private Stage","$4.5 M","—","Blockchain Service","Upcoming","","Antler","EMO Capital","TNB Aura","","","","",""
"Privy","","https://icodrops.com/media/cache/8d/09/8d09f22bc5866ef45c782c25c4f2fe3d.webp","https://icodrops.com/privy/","Private Stage","$41.3 M","—","Web 3.0","Upcoming","","Electric Capital","Paradigm","Sequoia Capital","More Details","","","",""
"SkyTrade","","https://icodrops.com/media/cache/94/09/94092cdf6b06c318499ae9114d92b0c7.webp","https://icodrops.com/skytrade/","Private Stage","—","—","Blockchain Service","Upcoming","","Santiago Roel Santos","Jason Yanowitz","Mercatus Center","More Details","","","",""
"BIMA","","https://icodrops.com/media/cache/8b/5f/8b5fb52e43ee5a08442612f6a3956c7f.webp","https://icodrops.com/bima/","Private Stage","$2.25 M","—","DeFi","Upcoming","","Core DAO","Delta Blockchain Fund","domo","More Details","Bitcoin","","",""
"Caliza","","https://icodrops.com/media/cache/6d/b2/6db29505433c69d437dd6f3ea23c5eee.webp","https://icodrops.com/caliza/","Private Stage","$8.5 M","—","Finance","Upcoming","","Digital Currency Group (DCG)","Initialized Capital","Abstract Ventures","More Details","","","",""
"Haruko","","https://icodrops.com/media/cache/f4/fb/f4fbdafb90699b22760efa0cf9232157.webp","https://icodrops.com/haruko/","Private Stage","$16 M","—","Blockchain Service","Upcoming","","MMC Ventures","Portage Ventures","White Star Capital","","","","",""
"Partior","","https://icodrops.com/media/cache/9f/dc/9fdc745537a2d12417caba9f7f8fee23.webp","https://icodrops.com/partior/","Private Stage","$80 M","—","Finance","Upcoming","","Jump Trading","Peak XV Partners(ex-Sequoia India)","Valor Capital Group","More Details","","","",""
"ZAP","","https://icodrops.com/media/cache/44/f8/44f8799b9394881b0023877f2280ab47.webp","https://icodrops.com/zap-2/","Private Stage","$15 M","$46.94 K","Launchpad","Upcoming","","Rarestone Capital","Alex Kruger","Auros Global","More Details","Blast","","",""
"NeuroMesh","","https://icodrops.com/media/cache/e5/ae/e5ae5870bf8ce20b069400d6d890a7b7.webp","https://icodrops.com/neuromesh/","Private Stage","—","—","Artificial Intellig…","Upcoming","","","","","","","","",""
"RECRD","","https://icodrops.com/media/cache/c3/7e/c37ea46c6c891e7006de49a6834215f6.webp","https://icodrops.com/recrd/","Private Stage","$4 M","—","Social","Upcoming","","Alphabit Digital Currency Fund","DNA Fund","Mitch Lowe","More Details","","","",""
"Tread.fi","","https://icodrops.com/media/cache/f3/60/f360caadf934cba2dbdf03cc8d59bb1b.webp","https://icodrops.com/tread-fi/","Private Stage","$3.5 M","—","Infrastructure","Upcoming","","GBV Capital","Aquanow","Daedalus","More Details","","","",""
"Stillman Digital","","https://icodrops.com/media/cache/63/cb/63cb5b6a6738d794e2c182bcc5b3846d.webp","https://icodrops.com/stillman-digital/","Private Stage","—","—","Finance","Upcoming","","DeFi Technologies","","","","","","",""
"Kulipa","","https://icodrops.com/media/cache/ec/be/ecbe958ffebbbdc89c9350deef95c2c9.webp","https://icodrops.com/kulipa/","Private Stage","$9.2 M","—","Blockchain Service","Upcoming","","1kx","Fabric Ventures","Flourish Ventures","More Details","","","",""
"Dora","","https://icodrops.com/media/cache/bc/76/bc76be9ea850098aa54aa5ef59945fd4.webp","https://icodrops.com/dora-2/","Private Stage","$5.5 M","—","Big Data","Upcoming","","Dragonfly Capital","Lemniscap","Alchemy","More Details","","","",""
"ThirdFi","","https://icodrops.com/media/cache/75/a0/75a09fab11f974275cbd9947e6b17986.webp","https://icodrops.com/thirdfi/","Private Stage","$2 M","$20 M","Blockchain Service","Upcoming","","Outlier Ventures","Alphabit Digital Currency Fund","ChainLink","More Details","","","",""
"Rome Protocol","","https://icodrops.com/media/cache/a4/36/a4360163aa7a2a00d5dfce65a076be74.webp","https://icodrops.com/rome-protocol/","Private Stage","$9 M","—","Infrastructure","Upcoming","","Bankless","Hack VC","HashKey Capital","More Details","Solana","","",""
"Plaza Finance","","https://icodrops.com/media/cache/53/a0/53a0ebc8cad4f305ed8f372149b2e5ea.webp","https://icodrops.com/plaza-finance-2/","Private Stage","—","—","DeFi","Upcoming","","Anagram Crypto","Cosmostation","Interop","","","","",""
"XOOB","","https://icodrops.com/media/cache/8f/95/8f95476825941fceb503b38263256c77.webp","https://icodrops.com/xoob/","Private Stage","$1.6 M","—","Gaming","Upcoming","","Chromia","Mines of Dalarnia","My Neighbor Alice","","","","",""
"Questflow","","https://icodrops.com/media/cache/ee/c4/eec4a6dfed3d898119e366485472a62d.webp","https://icodrops.com/questflow/","Private Stage","$8 M","—","Blockchain Service","Upcoming","","Delphi Digital (Delphi Labs)","HashKey Capital","Animoca Brands","More Details","","","",""
"Swords & Dungeons","","https://icodrops.com/media/cache/e7/1e/e71e72a18a3566ac5a6f76dc10425246.webp","https://icodrops.com/swords-dungeons/","Private Stage","$5 M","$3.54 M","Gaming","Upcoming","","OKX Ventures","Mirana Ventures","SNZ Holding","More Details","","","",""
"Cambria","","https://icodrops.com/media/cache/c7/99/c799571520f811f6ac31dcc7aa9d01bf.webp","https://icodrops.com/cambria/","Private Stage","$2.5 M","—","Gaming","Upcoming","","1kx","BITKRAFT Ventures","Alex Brunicki","More Details","Blast","","",""
"Wallet Guard","","https://icodrops.com/media/cache/b5/ac/b5ac741e1565f68c3d62dc289766db7e.webp","https://icodrops.com/wallet-guard/","Private Stage","—","—","Blockchain Service","Upcoming","","ConsenSys","IOSG Ventures","Benedict Chan","More Details","","","",""
"Tidus","","https://icodrops.com/media/cache/12/df/12df2f64a10c546cf1f3b8d6a7437cea.webp","https://icodrops.com/tidus/","Private Stage","$800 K","—","Wallet","Upcoming","","DNA Fund","Transform Ventures","","","","","",""
"QED Protocol","","https://icodrops.com/media/cache/6a/c3/6ac30ed1816560783ef6677874d79dc0.webp","https://icodrops.com/qed-protocol/","Private Stage","$9 M","—","Infrastructure","Upcoming","","Blockchain Capital","Arrington Capital","Draper Dragon","More Details","","","",""
"Compute Labs","","https://icodrops.com/media/cache/78/4d/784d7a57b184ef280165d71a01960a86.webp","https://icodrops.com/compute-labs/","Private Stage","$3 M","—","Blockchain Service","Upcoming","","Amber Group","CMS Holdings","HashKey Capital","More Details","","","",""
"onaji","","https://icodrops.com/media/cache/c0/7e/c07efce48b7e7afcd58c814168143a7d.webp","https://icodrops.com/onaji/","Private Stage","$2.5 M","—","Blockchain Service","Upcoming","","Hypersphere Ventures","IOSG Ventures","Maven 11 Capital","More Details","Ethereum","","",""
"Tomarket","","https://icodrops.com/media/cache/0e/a5/0ea55a7681ca966c476d911be165e2fc.webp","https://icodrops.com/tomarket/","Private Stage","—","$80.2 K","DeFi","Upcoming","","Bitget Wallet","ForesightX","","","","","",""
"SendBlocks","","https://icodrops.com/media/cache/4e/1c/4e1c512cf9902040ae4710471c8031eb.webp","https://icodrops.com/sendblocks/","Private Stage","$8.5 M","—","Infrastructure","Upcoming","","Castle Island Ventures","Illuminate Financial","Laser Digital","More Details","","","",""
"Prodia","","https://icodrops.com/media/cache/c5/df/c5df8320e0bf45b9ae29b6a8e06c692d.webp","https://icodrops.com/prodia/","Private Stage","$15 M","—","Blockchain Service","Upcoming","","Balaji Srinivasan","Dragonfly Capital","HashKey Capital","More Details","","","",""
"Pi Squared","","https://icodrops.com/media/cache/30/4d/304da7da43c7d55bf90148ec9ac1f871.webp","https://icodrops.com/pi-squared/","Private Stage","$12.5 M","—","Infrastructure","Upcoming","","Polychain Capital","Samsung NEXT","Robot Ventures","More Details","","","",""
"OpenLedger","","https://icodrops.com/media/cache/44/7c/447c3b27d247706777aa1cc4d0437f8b.webp","https://icodrops.com/openledger/","Private Stage","$8 M","$215.9 M","Infrastructure","Upcoming","","Polychain Capital","HashKey Capital","Sandeep Nailwal","More Details","","","",""
"Ethos Network","","https://icodrops.com/media/cache/92/23/92231b17fd0fa9b86b37beb71f59c078.webp","https://icodrops.com/ethos-network/","Private Stage","$1.75 M","—","Social","Upcoming","","0xMakesy","0xQuit","Bharat Krymo","More Details","","","",""
"Mamori","","https://icodrops.com/media/cache/1a/0a/1a0a4cba7217f3167dfa7b7f05620160.webp","https://icodrops.com/mamori/","Private Stage","$5 M","—","Blockchain Service","Upcoming","","Blockchain Capital","Alex Watts","Antonio Viggiano","More Details","","","",""
"Sun Protocol","SUN","https://icodrops.com/media/cache/f7/0e/f70e7863b7c9e1eba2ade87a51abb898.webp","https://icodrops.com/sun-protocol/","Private Stage","—","—","DeFi","Upcoming","","Moore Foundation","","","","","","",""
"Nubila Network","","https://icodrops.com/media/cache/e0/54/e054c8c7740a927dc6c4a00ddc1761cb.webp","https://icodrops.com/nubila-network/","Private Stage","$10.5 M","$423.6 K","Blockchain Service","Upcoming","","Kronos Research","SNZ Holding","Waterdrip Capital","More Details","","","",""
"AnchorZero","","https://icodrops.com/media/cache/8a/c2/8ac200c81692908e2149eb14773dc92e.webp","https://icodrops.com/anchorzero/","Private Stage","$8 M","—","Blockchain Service","Upcoming","","Robot Ventures","Bain Capital Crypto","Ethereal Ventures","More Details","","","",""
"Redacted","","https://icodrops.com/media/cache/d2/67/d267c95ff6ca23e908231a4fe4217610.webp","https://icodrops.com/redacted-2/","Private Stage","$10 M","$1.13 M","Web 3.0","Upcoming","","The Spartan Group","Animoca Brands","P2 Ventures","More Details","","","",""
"Rebar Labs","","https://icodrops.com/media/cache/cc/96/cc96a1fe72f25e5c65543c96dad3b18d.webp","https://icodrops.com/rebar-labs/","Private Stage","$2.9 M","—","Infrastructure","Upcoming","","6MV (6th Man Ventures)","Moonrock Capital","ParaFi Capital","More Details","Bitcoin","","",""
"GRIID","","https://icodrops.com/media/cache/8f/f4/8ff41d56ee12c634c67202f06943835e.webp","https://icodrops.com/griid/","Private Stage","$150 M","—","Infrastructure","Upcoming","","CleanSpark","","","","","","",""
"Fenix","","https://icodrops.com/media/cache/ac/c9/acc965f15fe16ed3fd84022cfbcfb6ea.webp","https://icodrops.com/fenix/","Private Stage","$300 K","$45.12 K","DeFi","Upcoming","","HyperNest","Lynex","Orbs","More Details","Blast","","",""
"Bluefin","","https://icodrops.com/media/cache/70/65/70657116da74d6d02e4739239aa402f6.webp","https://icodrops.com/bluefin/","Private Stage","$33.55 M","$17.31 M","DEX","Upcoming","","Polychain Capital","CMS Holdings","DeFiance Capital","More Details","Arbitrum","SUI","",""
"Openstory","","https://icodrops.com/media/cache/1e/e2/1ee2ededb1c590873c6722bb7fa4d2aa.webp","https://icodrops.com/openstory/","Private Stage","—","—","Blockchain Service","Upcoming","","Ava Protocol","","","","","","",""
"GolfN","","https://icodrops.com/media/cache/06/6c/066c7478c2540ef01201249b079300fd.webp","https://icodrops.com/golfn/","Private Stage","$1.3 M","—","Gaming","Upcoming","","CitizenX Crypto Ventures Fund, L.P.","Fourth Revolution Capital","Joe McCann","More Details","Solana","","",""
"Crossover Markets Group","","https://icodrops.com/media/cache/9c/42/9c426361347e6287634d380860a14cba.webp","https://icodrops.com/crossover-markets-group/","Private Stage","$49.35 M","$200 M","Finance","Upcoming","","Wintermute","Gate.io","DRW Venture Capital","More Details","","","",""
"Shaga","","https://icodrops.com/media/cache/04/d5/04d52c3a5348d5f1682206a6b4d2c693.webp","https://icodrops.com/shaga/","Private Stage","$5 M","—","Gaming","Upcoming","","Amber Group","IOSG Ventures","3rd Street Capital","More Details","","","",""
"NovaNet","","https://icodrops.com/media/cache/bb/99/bb99d2ac4cd63500c75203d63736e6c6.webp","https://icodrops.com/novanet/","Private Stage","$3 M","—","Infrastructure","Upcoming","","Arrington Capital","Caballeros Capital","Avalanche Foundation","More Details","","","",""
"Decent.land","","https://icodrops.com/media/cache/c9/a1/c9a16958c1a3ace77ff247a358f352c1.webp","https://icodrops.com/decent-land/","Private Stage","$3 M","—","Social","Upcoming","","Big Brain Holdings","LongHash Ventures","LD Capital","More Details","","","",""
"Hut 8 Mining","","https://icodrops.com/media/cache/2d/8c/2d8c096b228a7a618fbce3dca1cb826c.webp","https://icodrops.com/hut-8-mining/","Private Stage","$370 M","—","Blockchain Service","Upcoming","","","","","","","","",""
"SoSoValue","","https://icodrops.com/media/cache/92/82/9282e27833afeb54dd812a6588bf4b2b.webp","https://icodrops.com/sosovalue/","Private Stage","$19.15 M","$433.9 M","Blockchain Service","Upcoming","","HongShan (ex-Sequoia China)","GSR Ventures","Mirana Ventures","More Details","","","",""
"ZTLment","","https://icodrops.com/media/cache/50/d6/50d6d16268e24f56c576a9d57c263208.webp","https://icodrops.com/ztlment/","Private Stage","—","—","Infrastructure","Upcoming","","","","","","","","",""
"Blockfolio","","https://icodrops.com/media/cache/ef/a5/efa503410fcb61fe536dd79992b18042.webp","https://icodrops.com/blockfolio/","Private Stage","—","—","Network","Upcoming","","","","","","","","",""
"LogX","LOGX","https://icodrops.com/media/cache/3c/61/3c61e700cc10b97fbb12c152d6e109c1.webp","https://icodrops.com/logx/","Private Stage","$10.1 M","$46.18 K","DEX","Upcoming","","DWF Labs","Sequoia Capital","Coinbase Ventures","More Details","","","",""
"NUTS Finance","AC","https://icodrops.com/media/cache/44/17/44172978ce5e6ed427aac750f424c06b.webp","https://icodrops.com/nuts-finance/","Private Stage","$500 K","—","DeFi","Upcoming","","Puzzle Ventures","Incuba Alpha","Parallel Finance","More Details","Elrond Network","","",""
"TransMeta","","https://icodrops.com/media/cache/4c/e8/4ce8036d2957e4bbd09544f81fb71d8e.webp","https://icodrops.com/transmeta/","Private Stage","—","—","Protocol","Upcoming","","","","","","","","",""
"OXIO","","https://icodrops.com/media/cache/21/28/2128b66f4b64b9d77e5f7a69eb314ce8.webp","https://icodrops.com/oxio/","Private Stage","—","—","Platform","Upcoming","","Stellar","","","","","","",""
"Premier Coin","","https://icodrops.com/media/cache/60/df/60df59c9747623d29f89d749d1e22174.webp","https://icodrops.com/premier-coin/","Private Stage","—","—","Currency","Upcoming","","","","","","","","",""
"Firmo Network","FRM","https://icodrops.com/media/cache/fa/4f/fa4f89b69824d1ccee831c77b55fefe3.webp","https://icodrops.com/firmo-network/","Private Stage","—","—","Finance","Upcoming","","NEO","Ethereum","","","","","",""
"AIET","","https://icodrops.com/media/cache/50/eb/50eba1ac5349ed6507ddf8b82d0dabb3.webp","https://icodrops.com/aiet/","Private Stage","—","—","Blockchain infrastr…","Upcoming","","","","","","","","",""
"Web3API","","https://icodrops.com/media/cache/7d/22/7d22d281e3e5707952bc378af8177b3a.webp","https://icodrops.com/web3api/","Private Stage","—","—","Protocol","Upcoming","","","","","","","","",""
"Themisoracle","MIS","https://icodrops.com/media/cache/bd/cd/bdcd20cf4d8b7c70f4e84e0fc610708b.webp","https://icodrops.com/themisoracle/","Private Stage","—","$17.81 M","Governance Token","Upcoming","","","","","","","","",""
"Alacris","","https://icodrops.com/media/cache/fa/0d/fa0d5323346aad16ef3c05125ff4856a.webp","https://icodrops.com/alacris/","Private Stage","—","—","Blockchain Platform","Upcoming","","","","","","","","",""
"Counterfactual","","https://icodrops.com/media/cache/1f/b1/1fb13215f288614be6bc70ba0f65e992.webp","https://icodrops.com/counterfactual/","Private Stage","—","—","Protocol","Upcoming","","","","","","","","",""
"ColossusXT","COLX","https://icodrops.com/media/cache/e5/8c/e58c478dc17d20cac9412387a2099808.webp","https://icodrops.com/colossusxt/","Private Stage","—","—","Currency","Upcoming","","","","","","","","",""
"Laya One","","https://icodrops.com/media/cache/2b/db/2bdb3c35dda9d8bac5c6e70b1590a949.webp","https://icodrops.com/laya-one/","Private Stage","—","—","Blockchain","Upcoming","","","","","","","","",""
"FuelOnBlast","","https://icodrops.com/media/cache/ab/ab/abab360997514ee1fead3c6014779795.webp","https://icodrops.com/fuelonblast/","Private Stage","—","—","Web 3.0","Upcoming","","","","","","","","",""
"Teex","","https://icodrops.com/media/cache/b1/33/b13361e7babbc15d54e0ad0122b9d9b3.webp","https://icodrops.com/teex/","Private Stage","—","—","Cloud computing","Upcoming","","","","","","","","",""
"ZK Oracle","ZKT","https://icodrops.com/media/cache/82/61/826176a8dbbc03e65b368087b46f2dfc.webp","https://icodrops.com/zk-oracle/","Private Stage","—","—","Oracle","Upcoming","","","","","","","","",""
"Async Art","AYSNC","https://icodrops.com/media/cache/d1/95/d195638c5e2e2ada20bef78a61feacc2.webp","https://icodrops.com/async-art/","Private Stage","—","—","Platform","Upcoming","","Ethereum","","","","","","",""
"Dora","","https://icodrops.com/media/cache/30/fc/30fcdb2cf35cd557ff8413c45c4bd0ba.webp","https://icodrops.com/dora/","Private Stage","—","—","Blockchain","Upcoming","","Dragonfly Capital","Lemniscap","Alchemy","More Details","","","",""
"Zenogakki","ZENO","https://icodrops.com/media/cache/46/b6/46b6039595d04b9b603bb310da454470.webp","https://icodrops.com/zenogakki/","Private Stage","—","—","Blockchain Service","Upcoming","","Ethereum","","","","","","",""
"CDx","","https://icodrops.com/media/cache/b4/91/b4914b138fdd2c76b7df5ed77535cc84.webp","https://icodrops.com/cdx/","Private Stage","—","—","Finance","Upcoming","","","","","","","","",""
"MOTIV Protocol","MOV","https://icodrops.com/media/cache/18/1d/181d77e162952f075bd37376ad7f33ce.webp","https://icodrops.com/motiv-protocol/","Private Stage","—","$5 K","Education","Upcoming","","Ethereum","","","","","","",""
"CTRL Protocol","CTRL","https://icodrops.com/media/cache/ec/71/ec71eb2ee6eced5d44a1ec8768f26bae.webp","https://icodrops.com/ctrl-protocol/","Private Stage","—","—","Games","Upcoming","","","","","","","","",""
"Hero","","https://icodrops.com/media/cache/28/48/284822263a3d59016640070129c68b95.webp","https://icodrops.com/hero/","Private Stage","—","—","NFT","Upcoming","","","","","","","","",""
"SandBags Protocol","","https://icodrops.com/media/cache/8c/e0/8ce0f8cbeea57fc7cc8c17f78da6d664.webp","https://icodrops.com/sandbags-protocol/","Private Stage","—","—","Protocol","Upcoming","","","","","","","","",""
"TrustCheck","","https://icodrops.com/media/cache/a9/87/a9874e19d37deeebc4cfe358893c8cfb.webp","https://icodrops.com/trustcheck/","Private Stage","—","—","Blockchain Service","Upcoming","","Ethereum","","","","","","",""
"Alta Finance","","https://icodrops.com/media/cache/88/35/883560ea3c770a392cf576eb529887bf.webp","https://icodrops.com/alta-finance/","Private Stage","—","—","Blockchain Service","Upcoming","","","","","","","","",""
"Polkawallet","","https://icodrops.com/media/cache/00/cd/00cdef27ce84e522c293b282f969fd2b.webp","https://icodrops.com/polkawallet/","Private Stage","—","—","Wallet","Upcoming","","","","","","","","",""
"Growth","","https://icodrops.com/media/cache/16/90/16904706eb67b407ece2725060a300ac.webp","https://icodrops.com/growth/","Private Stage","—","—","Protocol","Upcoming","","","","","","","","",""
"Cartam","","https://icodrops.com/media/cache/fd/c9/fdc9629c213efc81f03b0e5a3bd84dee.webp","https://icodrops.com/cartam/","Private Stage","—","—","Marketplace","Upcoming","","","","","","","","",""
"ODX (Ordinox)","","https://icodrops.com/media/cache/b5/cc/b5ccb21fc69c07e656f1b962e73113d0.webp","https://icodrops.com/ordinox/","Private Stage","$1.26 M","—","DeFi","Upcoming","","CMS Holdings","Digital Asset Capital Management (DACM)","Outlier Ventures","More Details","Cosmos","","",""
"Gudchain","","https://icodrops.com/media/cache/20/89/20896f72878c002da3dd68d31ac86d1d.webp","https://icodrops.com/gudchain/","Private Stage","$5 M","—","Gaming","Upcoming","","Manifold Trading","Mechanism Capital","Morningstar Ventures","More Details","","","",""
"Farworld","","https://icodrops.com/media/cache/76/54/7654466797981404db192c2595909dfa.webp","https://icodrops.com/farworld/","Private Stage","$1.75 M","—","Gaming","Upcoming","","Variant","Lemniscap","Base Ecosystem Fund","","","","",""
"Bring","","https://icodrops.com/media/cache/f0/b4/f0b4aaab94f07f41b1c655134a2b559a.webp","https://icodrops.com/bring-2/","Private Stage","$1.1 M","—","Social","Upcoming","","StarkWare Industries","","","","","","",""
"Zeek Network","","https://icodrops.com/media/cache/fd/be/fdbebe0bb71e0649467bc4e271d7ff13.webp","https://icodrops.com/zeek-network/","Private Stage","$3 M","—","Social","Upcoming","","OKX Ventures","Animoca Brands","Arche Fund","More Details","","","",""
"Rango Exchange","","https://icodrops.com/media/cache/d2/3c/d23c24d67f787688c9d066852ec78e7d.webp","https://icodrops.com/rango-exchange/","Private Stage","—","—","DeFi","Upcoming","","YZi Labs (prev Binance Labs)","D1 Ventures","Foresight Ventures","More Details","","","",""
"Wasabi","","https://icodrops.com/media/cache/67/79/6779d9182017f8675a22c86262ce2723.webp","https://icodrops.com/wasabi/","Private Stage","$3 M","—","DeFi","Upcoming","","Electric Capital","Alliance","CoinGecko Ventures","More Details","Ethereum","","",""
"Qiro Finance","","https://icodrops.com/media/cache/c4/29/c4298e059bc91eb826277368e1a7fcc9.webp","https://icodrops.com/qiro-finance/","Private Stage","$1.2 M","—","DeFi","Upcoming","","Alliance","CMT Digital","Druid Ventures","More Details","","","",""
"Skytopia","","https://icodrops.com/media/cache/40/42/4042a4fbf5c8882a943ddedb51ae72c8.webp","https://icodrops.com/skytopia/","Private Stage","$2.4 M","—","Gaming","Upcoming","","Boyaa","Initiate Capital","SuperChain Capital","More Details","","","",""
"Rio Network","","https://icodrops.com/media/cache/16/5a/165a58a9c168ff3f5e4226f0b1c81527.webp","https://icodrops.com/rio-network/","Private Stage","—","—","DeFi","Upcoming","","Blockchain Capital","Polychain Capital","Coinbase Ventures","More Details","Ethereum","","",""
"Nexus Network","","https://icodrops.com/media/cache/ba/cb/bacb9ea402559b7c24d579455b2be131.webp","https://icodrops.com/nexus-network/","Private Stage","$1 M","—","DeFi","Upcoming","","CoinIX","Ajit Tripathi","BreakOrbit","More Details","","","",""
"Nuffle Labs","","https://icodrops.com/media/cache/55/c1/55c1fd5bc9be9b9a45a9168abd761018.webp","https://icodrops.com/nuffle-labs/","Private Stage","$13 M","—","Infrastructure","Upcoming","","Electric Capital","Fabric Ventures","Jordi Alexander","More Details","","","",""
"Bitball","","https://icodrops.com/media/cache/25/b2/25b20d8dae44af0505f82bdda6c4ed19.webp","https://icodrops.com/bitball-2/","Private Stage","$2 M","$5.14 M","Gaming","Upcoming","","Bitfun Capital","","","","","","",""
"Ava Protocol","","https://icodrops.com/media/cache/4b/8a/4b8aa1e8939b13008188552274c72c41.webp","https://icodrops.com/ava-protocol/","Private Stage","$15.5 M","—","Infrastructure","Upcoming","","Electric Capital","Hypersphere Ventures","Foundation Capital","More Details","","","",""
"codatta","","https://icodrops.com/media/cache/16/6e/166ece052f4f47f70886b554fa4f934e.webp","https://icodrops.com/codatta/","Private Stage","$2.5 M","$55.39 M","Blockchain Service","Upcoming","","OKX Ventures","CatcherVC","Comma3 Ventures","More Details","","","",""
"Squads","","https://icodrops.com/media/cache/0c/0f/0c0fd1f6896fb636fc428ecb53d2aa54.webp","https://icodrops.com/squads/","Private Stage","$22.2 M","—","Blockchain Service","Upcoming","","Delphi Digital (Delphi Labs)","Electric Capital","Jump Crypto","More Details","Solana","","",""
"Honeypot Finance","HPOT","https://icodrops.com/media/cache/eb/4c/eb4c815b8804ac413584d85269e83d72.webp","https://icodrops.com/honeypot-finance/","Private Stage","$1.3 M","$35 M","DeFi","Upcoming","","0xsky404","AC Capital","Aquanow","More Details","Berachain","","",""
"Crypto: The Game","","https://icodrops.com/media/cache/59/f6/59f679875ad66ebddf6686bc17fc3ca6.webp","https://icodrops.com/crypto-the-game/","Private Stage","—","—","Gaming","Upcoming","","Uniswap","","","","","","",""
"K3 Labs","","https://icodrops.com/media/cache/9d/51/9d51857749bd6acfe7de4eed2baaeb14.webp","https://icodrops.com/k3-labs/","Private Stage","—","—","Infrastructure","Upcoming","","Aztlan Capital","Blockchain Founders Fund","Finality Capital Partners","","","","",""
"Bitstamp","","https://icodrops.com/media/cache/dd/f3/ddf3a7acb40d4cd4c3d4016511d3948b.webp","https://icodrops.com/bitstamp/","Private Stage","$411.3 M","—","CEX","Upcoming","","Pantera Capital","BnkToTheFuture","Robinhood","","","","",""
"Plural","","https://icodrops.com/media/cache/41/23/4123520685c79be74552bf1acf49ef12.webp","https://icodrops.com/plural/","Private Stage","$9.43 M","—","Blockchain Service","Upcoming","","Paradigm","Volt Capital","Compound","More Details","","","",""
"E Money Network","","https://icodrops.com/media/cache/57/3d/573d515047b4363d5ec963f77ea2bc10.webp","https://icodrops.com/e-money-network/","Private Stage","$3.3 M","$2.05 M","Modular Blockchain","Upcoming","","Morningstar Ventures","Animoca Brands","GBV Capital","More Details","","","",""
"Bitdeer","","https://icodrops.com/media/cache/d4/ed/d4ed0687df1fff50cfa1210483670f02.webp","https://icodrops.com/bitdeer/","Private Stage","$329 M","—","Blockchain Service","Upcoming","","Matrixport","Tether","Bitcoin","","","","",""
"El Dorado","","https://icodrops.com/media/cache/a7/c7/a7c77e248aae43bbe4bcfeb88a151dae.webp","https://icodrops.com/el-dorado/","Private Stage","$3 M","—","Blockchain Service","Upcoming","","Multicoin Capital","Coinbase Ventures","","","","","",""
"defi.money","","https://icodrops.com/media/cache/7e/dc/7edcb4b82db0d555c3b9c6e0fcc882c1.webp","https://icodrops.com/defi-money/","Private Stage","—","—","DeFi","Upcoming","","Morningstar Ventures","DCF GOD","GBV Capital","More Details","","","",""
"Fortunafi","","https://icodrops.com/media/cache/c3/9b/c39b5cd42a1faa0773d1f502f3f586ed.webp","https://icodrops.com/fortunafi/","Private Stage","$9.56 M","$48 M","DeFi","Upcoming","","Cobie","Manifold Trading","Shima Capital","More Details","Arbitrum","","",""
"NexGami","","https://icodrops.com/media/cache/7f/2c/7f2c1949eef67dcce0225aea2e71afa6.webp","https://icodrops.com/nexgami/","Private Stage","$4.5 M","$880","Gaming","Upcoming","","Fundamental Labs","HTX Ventures (previously Huobi Ventures)","LBank Ventures","More Details","","","",""
"TRALA","","https://icodrops.com/media/cache/32/90/3290f6b71877d13680a10262bdeb837b.webp","https://icodrops.com/trala/","Private Stage","$5 M","$798.5 K","Gaming","Upcoming","","Animoca Brands","Gate Labs","Matter Labs","","","","",""
"SCRYPT Digital","","https://icodrops.com/media/cache/6a/a4/6aa46a824624fe91f37a29e38f7d7f77.webp","https://icodrops.com/scrypt-digital/","Private Stage","$5 M","—","Finance","Upcoming","","Atlantic Labs","Braza Bank","Cabrit Capital","More Details","","","",""
"Pakt","","https://icodrops.com/media/cache/00/bf/00bfbf351a14a6f2c05e39044bf534f1.webp","https://icodrops.com/pakt/","Private Stage","$750 K","—","Social","Upcoming","","Chorus One","4ward Fund","Anthony Scaramucci","More Details","","","",""
"Neynar","","https://icodrops.com/media/cache/8e/15/8e15f02109fc38205f8f1336e236e089.webp","https://icodrops.com/neynar/","Private Stage","$11 M","—","Infrastructure","Upcoming","","Andreessen Horowitz (a16z)","Union Square Ventures","Coinbase Ventures","More Details","","","",""
"Marketnode","","https://icodrops.com/media/cache/cd/c8/cdc8f0fe0c45845a4b6e71f414f86d57.webp","https://icodrops.com/marketnode/","Private Stage","—","—","Infrastructure","Upcoming","","Euroclear","HSBC Bank","Temasek Holdings","","","","",""
"Kuroro Beasts","","https://icodrops.com/media/cache/4f/be/4fbe269f05e32ecac640f38da5d20005.webp","https://icodrops.com/kuroro-beasts/","Private Stage","$2.5 M","$96.21 K","Gaming","Upcoming","","Rarestone Capital","Animoca Brands","Sanctor Capital","More Details","Arbitrum","","",""
"Supervillain Labs","","https://icodrops.com/media/cache/9a/b6/9ab6deb6f4899f2bd560350346ce90da.webp","https://icodrops.com/supervillain-labs/","Private Stage","$4.5 M","—","Gaming","Upcoming","","The Spartan Group","Aptos","CRIT Ventures","More Details","","","",""
"Aperture Finance","APT","https://icodrops.com/media/cache/42/27/4227b10e1108a9cd1acb48baec48975e.webp","https://icodrops.com/aperture-finance/","Private Stage","$12 M","$26.58 K","DeFi","Upcoming","","Arrington Capital","Divergence Ventures","ParaFi Capital","More Details","","","",""
"Switchboard","","https://icodrops.com/media/cache/1b/9b/1b9b06482499efa37aaa67377e70b7fb.webp","https://icodrops.com/switchboard/","Private Stage","$7.5 M","$3.4 M","Infrastructure","Upcoming","","Ascensive Assets","Lemniscap","Tribe Capital","More Details","","","",""
"Parasail","","https://icodrops.com/media/cache/09/47/094794f956e78d6229257ed62f5d216b.webp","https://icodrops.com/parasail/","Private Stage","$4 M","—","DeFi","Upcoming","","DWF Labs","Fenbushi Capital","Waterdrip Capital","More Details","","","",""
"GaiaNet","","https://icodrops.com/media/cache/66/90/66906f810e59baef7410d32fee65c7c2.webp","https://icodrops.com/gaianet/","Private Stage","$20 M","$11.6 M","Infrastructure","Upcoming","","Amber Group","ConsenSys","Selini Capital","More Details","Ethereum","","",""
"MetaLeX","","https://icodrops.com/media/cache/c5/7b/c57bf6373ec166fb84982012a764d495.webp","https://icodrops.com/metalex/","Private Stage","$2.75 M","$27.5 M","Blockchain Service","Upcoming","","cyber Fund","Hasu","Jack Zampolin","More Details","","","",""
"x.AI","","https://icodrops.com/media/cache/18/a7/18a70176772169bba8e278db9e470a47.webp","https://icodrops.com/x-ai/","Private Stage","$6 B","—","Artificial Intellig…","Upcoming","","Andreessen Horowitz (a16z)","Sequoia Capital","Fidelity","More Details","","","",""
"Zaros","ZRS","https://icodrops.com/media/cache/e6/2d/e62d004abc9853cd52e4440cee937c5a.webp","https://icodrops.com/zaros/","Private Stage","$1.8 M","$23.81 K","DEX","Upcoming","","Fernando Martinelli","SNZ Holding","Andy Chen","More Details","Arbitrum","","",""
"UniTap","","https://icodrops.com/media/cache/0d/af/0dafbec5c43335ca9055faafeb931eda.webp","https://icodrops.com/unitap/","Private Stage","—","—","DeFi","Upcoming","","X Ventures","Bitcoin","","","","","",""
"StripChain","","https://icodrops.com/media/cache/85/fa/85fa97c39f0b1b52dec48cf216e75f00.webp","https://icodrops.com/stripchain/","Private Stage","$10 M","—","Infrastructure","Upcoming","","Ascensive Assets","Hypersphere Ventures","Mechanism Capital","More Details","","","",""
"IVX","","https://icodrops.com/media/cache/44/f9/44f9cde6aaaa7ea169fec0abe328b0b6.webp","https://icodrops.com/ivx/","Private Stage","$1.2 M","—","DeFi","Upcoming","","Animoca Brands","Big Brain Holdings","Ameet Patel","More Details","Arbitrum","","",""
"Aria","","https://icodrops.com/media/cache/04/93/0493211892470e91d65b9a4190abd3de.webp","https://icodrops.com/aria/","Private Stage","$5 M","$95.06 M","Gaming","Upcoming","","BitScale Capital","Galaxy","Merit Circle","More Details","","","",""
"Unlockit","","https://icodrops.com/media/cache/a7/48/a74850dff3605dea3988207ad545c577.webp","https://icodrops.com/unlockit/","Private Stage","$1.52 M","—","Finance","Upcoming","","Eaglestone Group","Portugal Ventures","Reorganiza","More Details","","","",""
"Alphaledger","","https://icodrops.com/media/cache/a8/31/a8313590e15acf3cdd3796a415cfbcf3.webp","https://icodrops.com/alphaledger/","Private Stage","$9.5 M","—","Finance","Upcoming","","EJF Capital","KDX","","","","","",""
"MUA DAO","MUA","https://icodrops.com/media/cache/fb/4d/fb4d22ecae2d6059f404054ac3e6ce31.webp","https://icodrops.com/mua-dao/","Private Stage","$5 M","$11.97 K","Gaming","Upcoming","","RockTree Capital","Avalanche Foundation","ByteTrade Lab","More Details","Ethereum","","",""
"Marginal","","https://icodrops.com/media/cache/66/e8/66e8df678dcc8ddd77b75a640b0a9082.webp","https://icodrops.com/marginal/","Private Stage","—","—","DEX","Upcoming","","Altcoin Sherpa","Baboon VC","Cogitent Ventures","More Details","","","",""
"WeatherXM","WXM","https://icodrops.com/media/cache/fd/05/fd05430249e21391a7e93b6feac1e78b.webp","https://icodrops.com/weatherxm/","Private Stage","$7.7 M","$1.38 M","DePIN","Upcoming","","Faction","Placeholder","Borderless Capital","More Details","","","",""
"RunesTerminal","","https://icodrops.com/media/cache/38/42/384295fc7c3c46bea0bab48b21ad9160.webp","https://icodrops.com/runesterminal/","Private Stage","—","—","Blockchain Service","Upcoming","","CMS Holdings","GBV Capital","Waterdrip Capital","More Details","Bitcoin","","",""
"ELFi Protocol","","https://icodrops.com/media/cache/9f/5c/9f5ce902c62dd9dd7c46f9efd4f50ad4.webp","https://icodrops.com/elfi-protocol/","Private Stage","$5 M","—","DeFi","Upcoming","","IDG Capital","KuCoin Ventures","","","","","",""
"Bitski","","https://icodrops.com/media/cache/d8/7b/d87b1f14b31829636de9bec478b27129.webp","https://icodrops.com/bitski/","Private Stage","$22.3 M","—","Platform","Upcoming","","Andreessen Horowitz (a16z)","Coinbase Ventures","Founders Fund","More Details","Ethereum","","",""
"Sorbet","","https://icodrops.com/media/cache/ab/13/ab13f3dbfdffc7207d6fc2c403f9d648.webp","https://icodrops.com/sorbet/","Private Stage","—","—","Infrastructure","Upcoming","","Adaverse","","","","","","",""
"Focus Tree","","https://icodrops.com/media/cache/40/ad/40ad1d5b92dcb3544dd7f6407fe47108.webp","https://icodrops.com/focus-tree/","Private Stage","$2 M","—","Social","Upcoming","","Sfermion","Volt Capital","Foresight Ventures","More Details","","","",""
"SPARK","","https://icodrops.com/media/cache/92/05/9205cd4393dfeed45c249e03cf71fb59.webp","https://icodrops.com/spark/","Private Stage","$1.5 M","$301.19 K","DeFi","Upcoming","","P2 Ventures","Curiosity Capital","Fuel Network","More Details","","","",""
"Chainalysis","","https://icodrops.com/media/cache/ba/e0/bae0b263220397494a3f8954b2718124.webp","https://icodrops.com/chainalysis/","Private Stage","$545 M","$8.6 B","Blockchain Service","Upcoming","","Paradigm","Digital Currency Group (DCG)","Accel","More Details","","","",""
"FantaGoal","FGC","https://icodrops.com/media/cache/9d/a7/9da79ed840e894ffe93fda3cd4db316e.webp","https://icodrops.com/fantagoal/","Private Stage","$3 M","—","Gaming","Upcoming","","Chain Capital","IDG Capital","KuCoin Ventures","More Details","","","",""
"Raven","","https://icodrops.com/media/cache/a1/39/a1391016e2204986ca1a080e5da7e46d.webp","https://icodrops.com/raven-2/","Private Stage","$2.7 M","$25 M","Finance","Upcoming","","Hack VC","Wintermute","","","","","",""
"Humanity Protocol","","https://icodrops.com/media/cache/d9/1a/d91a65477cb580d01748eae2c3e4c156.webp","https://icodrops.com/humanity-protocol/","Private Stage","$50 M","$1.18 B","Infrastructure","Upcoming","","Blockchain.com Ventures","Hashed","Mechanism Capital","More Details","","","",""
"Baby Shark Universe","BSU","https://icodrops.com/media/cache/ec/84/ec84a9b6cdcd167bbed262ddfd0d626e.webp","https://icodrops.com/baby-shark-universe/","Private Stage","—","$35.4 M","Gaming","Upcoming","","Animoca Brands","Comma3 Ventures","CREDIT SCEND","More Details","Ethereum","","",""
"Hylé","","https://icodrops.com/media/cache/0c/f0/0cf006ca4231c4eb6e0e01c76e925391.webp","https://icodrops.com/hyle/","Private Stage","$2.6 M","—","Blockchain","Upcoming","","Framework Ventures","Fabric Ventures","Cherry Ventures","More Details","","","",""
"Anomaly","","https://icodrops.com/media/cache/70/21/7021632aabbaded4bdc1cd3c546e4510.webp","https://icodrops.com/anomaly/","Private Stage","$1.45 M","—","Gaming","Upcoming","","Shima Capital","BreakOrbit","Decasonic","More Details","","","",""
"Zest Protocol","","https://icodrops.com/media/cache/92/4f/924f3958c891bfe7a80c0dc1fed94394.webp","https://icodrops.com/zest-protocol-2/","Private Stage","$3.5 M","—","DeFi","Upcoming","","YZi Labs (prev Binance Labs)","Flow Traders","Tim Draper","More Details","Bitcoin","","",""
"UXLINK","UXLINK","https://icodrops.com/media/cache/85/9f/859fed5aacdc53975969633cb9f872a4.webp","https://icodrops.com/uxlink/","Private Stage","$14 M","$1.95 M","Social","Upcoming","","HashKey Capital","Manifold Trading","OKX Ventures","More Details","","","",""
"Param Labs","","https://icodrops.com/media/cache/b3/91/b3915326e2e8a0facece1e2e23406935.webp","https://icodrops.com/param-labs/","Private Stage","$7 M","$99.26 K","Gaming","Upcoming","","Delphi Digital (Delphi Labs)","Mechanism Capital","TRGC","More Details","","","",""
"Star Nest","NEST","https://icodrops.com/media/cache/8b/7d/8b7d36a0542b5b4bef551aece4fa455e.webp","https://icodrops.com/star-nest/","Private Stage","$6 M","—","Music","Upcoming","","Chuangqi International Limited","Doo Group","","","","","",""
"StakedGain","","https://icodrops.com/media/cache/b1/9a/b19afce5e9b5751cbdc90030771ddb2f.webp","https://icodrops.com/stakedgain/","Private Stage","$500 K","—","DeFi","Upcoming","","","","","","","","",""
"Euclid Protocol","","https://icodrops.com/media/cache/91/a6/91a61dba925a95e5f475fb8fe3690193.webp","https://icodrops.com/euclid-protocol/","Private Stage","$4.1 M","—","Infrastructure","Upcoming","","0G Labs","ATOM Accelerator","Gate Ventures","More Details","","","",""
"Glacis","","https://icodrops.com/media/cache/a5/af/a5af84f1dcfb14e924cc604342b099a0.webp","https://icodrops.com/glacis/","Private Stage","$2.1 M","—","Infrastructure","Upcoming","","Arrington Capital","BitScale Capital","Paper Ventures","More Details","","","",""
"Elys Network","","https://icodrops.com/media/cache/54/3f/543f5f0706cd277e6127211b67e1ecc5.webp","https://icodrops.com/elys-network/","Private Stage","$2.5 M","$2.84 M","Blockchain","Upcoming","","Cogitent Ventures","Cosmos","","","","","",""
"Arch Network","","https://icodrops.com/media/cache/c7/bd/c7bd57c5657471819f2f8e87a0d004ea.webp","https://icodrops.com/arch-network/","Private Stage","$25 M","$200 M","Infrastructure","Upcoming","","Multicoin Capital","Pantera Capital","CMS Holdings","More Details","Bitcoin","","",""
"BAC Games","BAC","https://icodrops.com/media/cache/3a/ef/3aef2a39c01a8fc88c3b7ca4d8783a8f.webp","https://icodrops.com/bac-games/","Private Stage","$1.5 M","$32.01 K","Gaming","Upcoming","","Ash Crypto","Gate Ventures","Hash Global","More Details","Blast","","",""
"AgriDex","","https://icodrops.com/media/cache/2f/34/2f34383bf50a5f66b95f43305826119e.webp","https://icodrops.com/agridex/","Private Stage","$9 M","$237 K","Real World Assets P…","Upcoming","","Goldman Sachs","Moonrock Capital","African Crops","More Details","Solana","","",""
"Bladerite","","https://icodrops.com/media/cache/f7/ad/f7ad19ed075bc01ad7df6ef0393dea29.webp","https://icodrops.com/bladerite/","Private Stage","$12 M","—","Gaming","Upcoming","","HashKey Capital","Signum Capital","Infinity Ventures Crypto (IVC)","More Details","Solana","","",""
"ZKM","","https://icodrops.com/media/cache/c2/36/c2367d4b24a15fcda29151d95cf5bc73.webp","https://icodrops.com/zkm/","Private Stage","—","—","Infrastructure","Upcoming","","Amber Group","Crypto.com","OKX Ventures","More Details","","","",""
"mint.fun","","https://icodrops.com/media/cache/67/85/6785ff48e61eff1317ce02b4e12a8122.webp","https://icodrops.com/mint-fun/","Private Stage","—","—","NFT","Upcoming","","Zora","","","","","","",""
"Hemera","","https://icodrops.com/media/cache/d6/2f/d62fc0a60e8bbbed44ae58de6ae77e15.webp","https://icodrops.com/hemera/","Private Stage","$2.6 M","—","Infrastructure","Upcoming","","SNZ Holding","ChainLink","Harry Shum","More Details","","","",""
"Blade of God X","","https://icodrops.com/media/cache/bc/e1/bce151423da8ac5d63fe75cb4f316d44.webp","https://icodrops.com/blade-of-god-x/","Private Stage","—","—","Gaming","Upcoming","","Delphi Digital (Delphi Labs)","OKX Ventures","Yield Guild Games (YGG)","More Details","","","",""
"Arbelos Markets","","https://icodrops.com/media/cache/b2/c9/b2c978b9fc4561c75ff1e9627b82cdd3.webp","https://icodrops.com/arbelos-markets/","Private Stage","$28 M","—","Finance","Upcoming","","Dragonfly Capital","Circle Ventures","P2 Ventures","More Details","","","",""
"BlockBooster","","https://icodrops.com/media/cache/14/f0/14f0e24cb0bc37730f397fc4c5968360.webp","https://icodrops.com/blockbooster/","Private Stage","$1.5 M","—","Incubator","Upcoming","","OKX Ventures","BitcoinLab","Conflux Network","More Details","","","",""
"Botanix Labs","","https://icodrops.com/media/cache/a7/36/a7361d357753445dcd1681978748061c.webp","https://icodrops.com/botanix-labs/","Private Stage","$11.5 M","—","Blockchain","Upcoming","","Polychain Capital","Placeholder","ABCDE Capital","More Details","Bitcoin","","",""
"Ambient Network","","https://icodrops.com/media/cache/f0/de/f0dee764ddb7e1f05900cf89724234fa.webp","https://icodrops.com/ambient-network/","Private Stage","$2 M","—","DePIN","Upcoming","","Solana Ventures","Borderless Capital","Paramita Venture","More Details","Solana","","",""
"MetaPhone","","https://icodrops.com/media/cache/1b/7c/1b7c851537f5fcf6a5c478f765bb2274.webp","https://icodrops.com/metaphone/","Private Stage","$1 M","$462.63 K","Blockchain Service","Upcoming","","JDI Global","The Open Network","","","","","",""
"DwellFi","","https://icodrops.com/media/cache/15/c0/15c0f37c5b69d9cf7aba823e7561b2d4.webp","https://icodrops.com/dwellfi/","Private Stage","$3 M","—","Finance","Upcoming","","Blockchain Coinvestors","E1 Ventures","Fortified Ventures","More Details","","","",""
"BitTapLab","","https://icodrops.com/media/cache/92/e5/92e5f5155a172a94743359ca724ff672.webp","https://icodrops.com/bittaplab/","Private Stage","—","—","Wallet","Upcoming","","Waterdrip Capital","","","","","","",""
"Balcony DAO","","https://icodrops.com/media/cache/aa/97/aa9760bdb09c5247e32b181d3bccb219.webp","https://icodrops.com/balcony-dao/","Private Stage","—","—","Finance","Upcoming","","Blizzard Fund (Avalanche Ecosystem)","","","","","","",""
"Popset","","https://icodrops.com/media/cache/81/0b/810bda61e7324357ad9567667381e01a.webp","https://icodrops.com/popset/","Private Stage","$1 M","—","Social","Upcoming","","Izun Partners","Michael Shaulov","Patricio Worthalter","More Details","","","",""
"Volta Circuit","","https://icodrops.com/media/cache/42/81/4281bf3703a0fbaa9362a633c30ca73b.webp","https://icodrops.com/volta-circuit/","Private Stage","$4.1 M","—","Blockchain Service","Upcoming","","Dispersion Capital","Fika Ventures","Haven Ventures","More Details","","","",""
"Crestal","","https://icodrops.com/media/cache/c4/22/c422834afd43d344d3153fd3c6385da0.webp","https://icodrops.com/crestal/","Private Stage","$2 M","—","Infrastructure","Upcoming","","Kyros Ventures","Sandeep Nailwal","Andrew Vranjes","More Details","ZetaChain","","",""
"Shadow War","","https://icodrops.com/media/cache/41/1e/411e0d4ef6bac37903b1d86516b80a91.webp","https://icodrops.com/shadow-war/","Private Stage","$5 M","—","Gaming","Upcoming","","Momentum 6","Andromeda Capital","Cluster Capital","More Details","","","",""
"Resonance Security","","https://icodrops.com/media/cache/e3/cf/e3cfef55e081c41c514a48e641c4da05.webp","https://icodrops.com/resonance-security/","Private Stage","$1.5 M","—","Blockchain Service","Upcoming","","Fabric Ventures","Arca","Blockchain Founders Fund","","","","",""
"Mirror","","https://icodrops.com/media/cache/5a/e9/5ae9daea2b26d8e23fd40e841134cd98.webp","https://icodrops.com/mirror-2/","Private Stage","—","—","Social","Upcoming","","Paragraph","","","","","","",""
"Kiosk","","https://icodrops.com/media/cache/1e/4f/1e4fd8bd91987ab8da83417cdd9c119e.webp","https://icodrops.com/kiosk/","Private Stage","$10 M","—","Social","Upcoming","","Andreessen Horowitz (a16z)","Electric Capital","Union Square Ventures","More Details","","","",""
"Blade Games","","https://icodrops.com/media/cache/5b/35/5b3595a25a9825e9e0a92e86e91d7851.webp","https://icodrops.com/blade-games/","Private Stage","$2.4 M","$48.34 K","Gaming","Upcoming","","IOSG Ventures","Puzzle Ventures","Animoca Brands","More Details","zkSync","","",""
"Baxus","","https://icodrops.com/media/cache/07/02/0702f4d18b194df6d362868314d8d437.webp","https://icodrops.com/baxus/","Private Stage","$5 M","—","Social","Upcoming","","Multicoin Capital","Solana Ventures","Austin Federa","More Details","","","",""
"Agora","","https://icodrops.com/media/cache/94/c6/94c60f28a7d510f98197dc4173a9c086.webp","https://icodrops.com/agora-3/","Private Stage","$5 M","—","Blockchain Service","Upcoming","","Balaji Srinivasan","Coinbase Ventures","ConsenSys Mesh","More Details","","","",""
"Bedrock","","https://icodrops.com/media/cache/94/03/9403d88160c325d382e2babd3c823fcf.webp","https://icodrops.com/bedrock-2/","Private Stage","—","$120.4 M","DeFi","Upcoming","","Amber Group","OKX Ventures","Arche Fund","More Details","","","",""
"Prime Intellect","","https://icodrops.com/media/cache/5f/c0/5fc08a3f03252d35936f0329bd2dc3dc.webp","https://icodrops.com/prime-intellect/","Private Stage","$20.5 M","—","Blockchain Service","Upcoming","","Balaji Srinivasan","CoinFund","Founders Fund","More Details","","","",""
"InfiniGods","","https://icodrops.com/media/cache/f8/42/f842809dfb0e8d6f9772fea72952142d.webp","https://icodrops.com/infinigods/","Private Stage","$17 M","$704.2 K","Gaming","Upcoming","","Framework Ventures","Pantera Capital","Animoca Brands","More Details","","","",""
"OpenDelta","","https://icodrops.com/media/cache/c3/56/c3562f78345b483aadbf4264386ba323.webp","https://icodrops.com/opendelta/","Private Stage","$2.15 M","—","Stablecoin","Upcoming","","6MV (6th Man Ventures)","Anagram Crypto","Anatoly Yakovenko","More Details","","","",""
"L3E7","","https://icodrops.com/media/cache/bc/70/bc707e6e7f35c7895263e4e22690de84.webp","https://icodrops.com/l3e7/","Private Stage","$10 M","—","Gaming","Upcoming","","OKX Ventures","The Spartan Group","Big Brain Holdings","More Details","","","",""
"Chakra","","https://icodrops.com/media/cache/8a/69/8a69000f7cc66cb5c2376b5e16d1b9c4.webp","https://icodrops.com/chakra/","Private Stage","—","—","DeFi","Upcoming","","Bixin Ventures","ABCDE Capital","Cogitent Ventures","More Details","Bitcoin","","",""
"Metale Protocol","","https://icodrops.com/media/cache/81/c1/81c1bfe5eb099e51214655b50ae123a9.webp","https://icodrops.com/metale-protocol/","Private Stage","$4 M","—","Social","Upcoming","","Chain Capital","Waterdrip Capital","Aipollo Investment","More Details","","","",""
"Securitize","","https://icodrops.com/media/cache/d1/14/d114711fbfa5958ed718342979a06fd7.webp","https://icodrops.com/securitize/","Private Stage","$534.5 M","—","Finance","Upcoming","","Blockchain Capital","Jump Crypto","BlackRock","More Details","","","",""
"LazyBear","","https://icodrops.com/media/cache/b4/2b/b42b254803eafb14e725b15cec5f0032.webp","https://icodrops.com/lazybear/","Private Stage","$4 M","—","CEX","Upcoming","","Crypto Bullish","GemX Crypto","Gogeko Labs","More Details","","","",""
"X10","","https://icodrops.com/media/cache/55/7f/557f3eab87833349090be2fcfa4a8cab.webp","https://icodrops.com/x10/","Private Stage","$6.5 M","—","DeFi","Upcoming","","Semantic Ventures","Cherry Ventures","cyber Fund","More Details","","","",""
"Backed","","https://icodrops.com/media/cache/ac/e8/ace84752569b749331879e6abf5756e3.webp","https://icodrops.com/backed/","Private Stage","$12.7 M","—","DeFi","Upcoming","","Kraken","Blockchain Founders Fund","Blue Bay Capital","More Details","","","",""
"Adot","","https://icodrops.com/media/cache/df/3a/df3a595c377a2bf09844c26fc46c1cad.webp","https://icodrops.com/adot/","Private Stage","$3 M","—","Artificial Intellig…","Upcoming","","gumi Cryptos Capital","Aptos","Hash Global","More Details","","","",""
"Homium","HELOC","https://icodrops.com/media/cache/3b/65/3b6539a15f2cf17b6617b157795b0071.webp","https://icodrops.com/homium/","Private Stage","$10 M","—","Real Estate","Upcoming","","Blizzard Fund (Avalanche Ecosystem)","Sorenson Impact Group","Own","","","","",""
"Uncharted","U","https://icodrops.com/media/cache/6b/a7/6ba712cdee2c633ef58c21162db8f895.webp","https://icodrops.com/uncharted/","Private Stage","$1.7 M","—","Gaming","Upcoming","","The Spartan Group","D64 Ventures","Double Peak","More Details","","","",""
"Cloudwall","","https://icodrops.com/media/cache/82/b8/82b82d3d2cfd33383dd021293897fe12.webp","https://icodrops.com/cloudwall/","Private Stage","$6.3 M","—","DeFi","Upcoming","","LocalGlobe","Eberg Capital","IA Capital Partners","More Details","","","",""
"Runes DEX","","https://icodrops.com/media/cache/b2/48/b248ad95b5d900ef9f7b8fc957bba7f0.webp","https://icodrops.com/runes-dex/","Private Stage","$2 M","—","DEX","Upcoming","","0xMaki","Mechanism Capital","Kenetic Capital","More Details","","","",""
"Nebra","","https://icodrops.com/media/cache/f4/d7/f4d7c8d798146bbe0ab12eae5487ba19.webp","https://icodrops.com/nebra/","Private Stage","$4.5 M","—","Infrastructure","Upcoming","","Bankless","Nascent","Kartik Talwar","More Details","Own","","",""
"fantasy.top","","https://icodrops.com/media/cache/1c/71/1c7184bb13d1ffeae71e8061b4d17e9b.webp","https://icodrops.com/fantasy-top/","Private Stage","$4.25 M","—","Gaming","Upcoming","","Alliance","Dragonfly Capital","Fabric Ventures","More Details","Blast","","",""
"Superlogic","","https://icodrops.com/media/cache/8b/6c/8b6ccbceb6dbf4343bdbaf4da3968915.webp","https://icodrops.com/superlogic/","Private Stage","$21.3 M","$200 M","Marketing","Upcoming","","Galaxy Interactive","Nima Capital","Sanctor Capital","More Details","","","",""
"DeGaming","","https://icodrops.com/media/cache/de/ed/deeda90926e38799f68911fed233974b.webp","https://icodrops.com/degaming/","Private Stage","$3.72 M","—","Gaming","Upcoming","","XVC Tech","","","","","","",""
"Skynet Trading","","https://icodrops.com/media/cache/c9/85/c985d65e42fe50e980b078fc89d03c62.webp","https://icodrops.com/skynet-trading/","Private Stage","—","—","Blockchain Service","Upcoming","","Edessa Capital","Seier Capital","","","","","",""
"TradeTogether","","https://icodrops.com/media/cache/c3/2d/c32da8a99cacc07653b10e5e43eb496c.webp","https://icodrops.com/tradetogether/","Private Stage","$2 M","—","Finance","Upcoming","","Orbit Startups","XVC Tech","","","","","",""
"SatScreener","","https://icodrops.com/media/cache/96/2c/962c11d44573ed5b58ffe96087f5192f.webp","https://icodrops.com/satscreener/","Private Stage","$500 K","—","Blockchain Service","Upcoming","","Sora Ventures","ALEX","Anthony Cheng","More Details","Bitcoin","","",""
"Othentic","","https://icodrops.com/media/cache/a4/fe/a4fe27cbb47145f1631aaca0d884f6f7.webp","https://icodrops.com/othentic/","Private Stage","$4 M","—","Infrastructure","Upcoming","","Bankless","Coinbase Ventures","HashKey Capital","More Details","","","",""
"Lambda Finance","","https://icodrops.com/media/cache/b7/75/b775331dc58e7ced861e08608f4f5aec.webp","https://icodrops.com/lambda-finance/","Private Stage","$1.8 M","—","Stablecoin","Upcoming","","AladdinDAO","curvecap","DLC.Link","More Details","Bitcoin","","",""
"HQLAx","","https://icodrops.com/media/cache/1f/e5/1fe54cec9994b8cefb7edb756f2c4d4e.webp","https://icodrops.com/hqlax/","Private Stage","$27.5 M","—","Finance","Upcoming","","Goldman Sachs","BNP Paribas Private Equity","BNY Mellon","More Details","","","",""
"FilmChain","","https://icodrops.com/media/cache/fe/3d/fe3dcc88b87d6d2cfbf99f7fbc2d605e.webp","https://icodrops.com/filmchain/","Private Stage","$2.98 M","—","Infrastructure","Upcoming","","DeBa Ventures","HearstLab","Holt Xchange","More Details","","","",""
"Circle of Games","","https://icodrops.com/media/cache/fa/7e/fa7edb495450882ac932ac4b42f528a5.webp","https://icodrops.com/circle-of-games/","Private Stage","$1 M","—","Gaming","Upcoming","","Nazara Technologies","The Hashgraph Association","","","","","",""
"Spellborne","","https://icodrops.com/media/cache/ca/71/ca71b038856c88512bfc33c7d7cea7b4.webp","https://icodrops.com/spellborne/","Private Stage","$1.35 M","$347.81 K","Gaming","Upcoming","","Animoca Brands","D64 Ventures","Momentum 6","More Details","","","",""
"Gull Network","GULL","https://icodrops.com/media/cache/d7/5d/d75d4b5908d9692bbb31e494a2180036.webp","https://icodrops.com/gull-network/","Private Stage","$1.6 M","$254 K","Infrastructure","Upcoming","","Morningstar Ventures","Boxmining","GBV Capital","More Details","Manta Network","","",""
"Tomo","","https://icodrops.com/media/cache/50/f6/50f6348dac5a2194a91246f023573c54.webp","https://icodrops.com/tomo/","Private Stage","$3.5 M","—","Social","Upcoming","","Polychain Capital","HTX Ventures (previously Huobi Ventures)","OKX Ventures","More Details","Ethereum","","",""
"Stream Finance","","https://icodrops.com/media/cache/ef/78/ef78fa98b63499ea9bd5c46dfdffc544.webp","https://icodrops.com/stream-finance/","Private Stage","$1.5 M","$20 M","DeFi","Upcoming","","Polychain Capital","","","","","","",""
"Multisynq","","https://icodrops.com/media/cache/1e/99/1e99c0d0ab3fe40eb3646f1decb3ce1a.webp","https://icodrops.com/multisynq/","Private Stage","$2.2 M","—","Infrastructure","Upcoming","","gmoney","Manifold Trading","0xLawliette","More Details","","","",""
"Veremark","","https://icodrops.com/media/cache/22/de/22de0c23f3980198b36b648040a1457f.webp","https://icodrops.com/veremark/","Private Stage","$11.5 M","—","Blockchain Service","Upcoming","","ACF Investors","Samaipata","Stage 2 Capital","More Details","","","",""
"Mayan","","https://icodrops.com/media/cache/bc/f4/bcf4c78d270ac5ce04d9e897b00614c6.webp","https://icodrops.com/mayan/","Private Stage","$3 M","—","DEX","Upcoming","","6MV (6th Man Ventures)","Arrington Capital","Solana Ventures","More Details","Solana","","",""
"Azuro","AZUR","https://icodrops.com/media/cache/73/fa/73faa18d8d8dddf04abf8ce1529e65f8.webp","https://icodrops.com/azuro/","Private Stage","$11 M","$1.11 M","Gaming","Upcoming","","Delphi Digital (Delphi Labs)","Alliance","Arrington Capital","More Details","","","",""
"Alpen Labs","","https://icodrops.com/media/cache/5e/08/5e0877f71f24c8523897a6917a87a7d0.webp","https://icodrops.com/alpen-labs/","Private Stage","$19.1 M","—","Infrastructure","Upcoming","","Mirana Ventures","Robot Ventures","Village Global","More Details","Bitcoin","","",""
"Uplink","","https://icodrops.com/media/cache/c5/22/c5220756e19fe6d1aa53db15d1c629a5.webp","https://icodrops.com/uplink/","Private Stage","$10 M","—","Infrastructure","Upcoming","","Framework Ventures","","","","","","",""
"KIKI World","","https://icodrops.com/media/cache/30/71/3071937d1b11b0d846e775b40e9c535d.webp","https://icodrops.com/kiki-world/","Private Stage","$7 M","—","Social","Upcoming","","Andreessen Horowitz (a16z)","2PunksCapital","Advancit Capital","More Details","","","",""
"Lillius","LLT","https://icodrops.com/media/cache/71/8e/718e53b9c8da645813581c46e61f9dd8.webp","https://icodrops.com/lillius/","Private Stage","$2.2 M","$56.37 K","Sport","Upcoming","","Cronos Labs","Global Blockchain Innovative Capital (GBIC)","GSR Markets (GSR)","More Details","Polygon (prev. Matic Network)","","",""
"Aizel Network","","https://icodrops.com/media/cache/bc/f5/bcf5886c9a3c284d3b080992885b6a35.webp","https://icodrops.com/aizel-network/","Private Stage","—","—","Infrastructure","Upcoming","","MH Ventures","","","","","","",""
"Web3Firewall","","https://icodrops.com/media/cache/b0/52/b0524737b0fe65904504eb03fbd7bc45.webp","https://icodrops.com/web3firewall/","Private Stage","$2.5 M","—","Blockchain Service","Upcoming","","gumi Cryptos Capital","Laser Digital","SPEILLLP","","","","",""
"bythen","","https://icodrops.com/media/cache/39/4c/394cff4891495c3b8942ade7fd960766.webp","https://icodrops.com/bythen/","Private Stage","$3 M","—","Artificial Intellig…","Upcoming","","BEENEXT","Clerkclirk","dingaling","More Details","","","",""
"TODAY","","https://icodrops.com/media/cache/01/d3/01d3096e78fe485232c9528adb24a937.webp","https://icodrops.com/today/","Private Stage","$5 M","—","Gaming","Upcoming","","Sfermion","Big Brain Holdings","32-Bit Ventures","More Details","","","",""
"Spotlight","","https://icodrops.com/media/cache/4d/0c/4d0cd95f8044b76bee3f3cf06d64d0e9.webp","https://icodrops.com/spotlight/","Private Stage","$2 M","—","Social","Upcoming","","Folius Ventures","","","","","","",""
"RootData","","https://icodrops.com/media/cache/f8/a3/f8a37158d331602f3a60ed97d9ff1e60.webp","https://icodrops.com/rootdata/","Private Stage","$1.25 M","—","Big Data","Upcoming","","Basics Capital","Boyaa Interactive","Goplus","More Details","Solana","","",""
"AgentFi","","https://icodrops.com/media/cache/ba/1b/ba1b1916a996df17dda1aa358d9242a5.webp","https://icodrops.com/agentfi/","Private Stage","—","—","Artificial Intellig…","Upcoming","","GenerativeVentures","Blast","","","","","",""
"QuantAMM","","https://icodrops.com/media/cache/89/49/89490310f70b3dcc5b6532b558e4d778.webp","https://icodrops.com/quantamm/","Private Stage","$1.85 M","—","DeFi","Upcoming","","369 Capital","8VC","ChainLink","More Details","","","",""
"Jito","JTO","https://icodrops.com/media/cache/16/d7/16d7749b43c587701b4c03de5b9d2397.webp","https://icodrops.com/jito/","Private Stage","$64.2 M","$329.89 M","Liquid Staking Prot…","Upcoming","","Andreessen Horowitz (a16z)","Delphi Digital (Delphi Labs)","Framework Ventures","More Details","Solana","","",""
"Agora","","https://icodrops.com/media/cache/ad/6d/ad6d6a8915d97b5e007494e957ff057c.webp","https://icodrops.com/agora-2/","Private Stage","$62 M","$216.89 M","Stablecoin","Upcoming","","Balaji Srinivasan","Coinbase Ventures","ConsenSys Mesh","More Details","","","",""
"Bitbrand","","https://icodrops.com/media/cache/3e/91/3e917636311a0e870df30c1e86d15a9d.webp","https://icodrops.com/bitbrand/","Private Stage","$500 K","—","NFT","Upcoming","","GFR Fund","Hustle Fund","Side Door Ventures","","","","",""
"ZKasino","ZKAS","https://icodrops.com/media/cache/65/a3/65a3e5e80c73c99e12f876b53619c342.webp","https://icodrops.com/zkasino/","Private Stage","—","$350 M","Gambling","Upcoming","","Big Brain Holdings","MEXC Global (Privcode Capital)","0xSisyphus","More Details","","","",""
"Keyring Network","","https://icodrops.com/media/cache/82/3e/823e2181277abccdc3ed6a7f0eb3cd5d.webp","https://icodrops.com/keyring-network/","Private Stage","$6 M","—","Finance","Upcoming","","gumi Cryptos Capital","Greenfield Capital","Kima Ventures","More Details","","","",""
"EarlyFans","","https://icodrops.com/media/cache/b5/5e/b55e9dabb4ec5ef3e0f00e8fedf5935c.webp","https://icodrops.com/earlyfans/","Private Stage","$1.5 M","—","Social","Upcoming","","Alliance","Alchemy","GBV Capital","More Details","Blast","","",""
"Ooga Booga","","https://icodrops.com/media/cache/f0/3e/f03e40557920f7e1ba347ad1c1847f0a.webp","https://icodrops.com/ooga-booga/","Private Stage","$2.5 M","$149.82 K","DeFi","Upcoming","","DCF GOD","Kenetic Capital","Sandeep Nailwal","More Details","Berachain","","",""
"Nebula Revelation","NBL","https://icodrops.com/media/cache/48/41/48413cdd4d7caa75e1625c3a038dab1f.webp","https://icodrops.com/nebula-revelation/","Private Stage","—","—","Gaming","Upcoming","","DWF Labs","Waterdrip Capital","CapsuleX Labs","More Details","","","",""
"Tensorplex Labs","","https://icodrops.com/media/cache/e4/6c/e46c968621b15c99ec7622a301cf3f07.webp","https://icodrops.com/tensorplex-labs/","Private Stage","$3 M","—","DeFi","Upcoming","","YZi Labs (prev Binance Labs)","Amber Group","Digital Currency Group (DCG)","More Details","","","",""
"OpenStamp","","https://icodrops.com/media/cache/6e/e8/6ee8bb1af416955fc912aadef2ba9515.webp","https://icodrops.com/openstamp/","Private Stage","—","$50 M","NFT","Upcoming","","Animoca Brands","D64 Ventures","Lotus capital","More Details","Bitcoin","","",""
"Bi.social","","https://icodrops.com/media/cache/11/e5/11e5ae20c09c488114712f5958240557.webp","https://icodrops.com/bi-social/","Private Stage","$3 M","—","Social","Upcoming","","QF Capital","WAGMI Ventures","Web3Vision","","","","",""
"Rails","","https://icodrops.com/media/cache/b3/68/b368ba76e5f04f5f9780f3131cb2ee3a.webp","https://icodrops.com/rails/","Private Stage","$20.2 M","$6.1 M","DeFi","Upcoming","","Slow Ventures","Kraken","CMCC Global","More Details","","","",""
"Nubit","","https://icodrops.com/media/cache/5e/b8/5eb8100db8bb2a6d837e2cb2d39ad445.webp","https://icodrops.com/nubit/","Private Stage","$11 M","—","Infrastructure","Upcoming","","Polychain Capital","OKX Ventures","The Spartan Group","More Details","Bitcoin","","",""
"Rollie Finance","","https://icodrops.com/media/cache/96/ab/96ab3215b08f84c0c6741c1af928053b.webp","https://icodrops.com/rollie-finance/","Private Stage","—","—","DeFi","Upcoming","","Animoca Brands","Alex Lee","Kate Wong","More Details","Scroll","","",""
"grindery","","https://icodrops.com/media/cache/e8/e0/e8e0ec0a58ef241c2c4bfe0dc8bb8374.webp","https://icodrops.com/grindery/","Private Stage","$2.08 M","$18.03 K","Wallet","Upcoming","","YZi Labs (prev Binance Labs)","Dutch Crypto Investors (DCI)","Squasar","","","","",""
"MyPrize","","https://icodrops.com/media/cache/9f/ca/9fca8f05312213ab6ce7258ca774cdec.webp","https://icodrops.com/myprize/","Private Stage","$34 M","$250 M","Gambling","Upcoming","","Andreessen Horowitz (a16z)","Arrington Capital","Dragonfly Capital","More Details","","","",""
"MetaBlox","","https://icodrops.com/media/cache/3c/1f/3c1f389cebed7314d076071a532674a5.webp","https://icodrops.com/metablox-2/","Private Stage","$7 M","$17.05 M","DePIN","Upcoming","","Samsung NEXT","Volt Capital","SNZ Holding","More Details","","","",""
"Neutronpay","","https://icodrops.com/media/cache/10/cf/10cf4dcb7ad2939a0b38c1468ccf7603.webp","https://icodrops.com/neutronpay/","Private Stage","$3.75 M","—","Finance","Upcoming","","Axiom Capital","Bill Crowley","Cavalry Asset Management","More Details","Bitcoin","","",""
"Elixir Games","ELIX","https://icodrops.com/media/cache/d7/75/d77537cf08f15c217d84c02b9c0a8076.webp","https://icodrops.com/elixir-games/","Private Stage","$14 M","$394.8 K","Gaming","Upcoming","","Shima Capital","Solana Foundation","Square Enix","Solana","","","",""
"BloodLoop","","https://icodrops.com/media/cache/23/53/2353fd26189edf43c47c9c214c97962d.webp","https://icodrops.com/bloodloop/","Private Stage","$4 M","$29.67 K","Gaming","Upcoming","","Merit Circle","OIG Oracles Investment Group","Avalanche Foundation","More Details","","","",""
"Unstable","","https://icodrops.com/media/cache/18/e2/18e26465510a4f70872635b4e1fca9a4.webp","https://icodrops.com/unstable/","Private Stage","$2.5 M","—","DeFi","Upcoming","","DCF GOD","NewTribe Capital","Adil Virani","More Details","Ethereum","","",""
"Snickerdoodle Labs","","https://icodrops.com/media/cache/1f/e8/1fe8a9029a9937ff4ef8cb7cb5a9198d.webp","https://icodrops.com/snickerdoodle-labs/","Private Stage","$2.3 M","—","Blockchain Service","Upcoming","","Blockchain Capital","Tribe Capital","Kenetic Capital","More Details","","","",""
"Qilin","Qt","https://icodrops.com/media/cache/3a/da/3adae53eeb019365ed9b30751b7e8eb7.webp","https://icodrops.com/qilin/","Private Stage","$800 K","—","Protocol","Upcoming","","Multicoin Capital","Continue Capital","Fundamental Labs","","","","",""
"Koi Protocol","","https://icodrops.com/media/cache/5f/b3/5fb3b1166f9e46d65043a8e002b04f3d.webp","https://icodrops.com/koi-protocol/","Private Stage","—","$6.35 K","Gaming","Upcoming","","Fenbushi Capital","Digital Renaissance","Double Peak","More Details","","","",""
"Sablier","","https://icodrops.com/media/cache/0f/4e/0f4eab21ba072e93876c4fd14c8c345d.webp","https://icodrops.com/sablier/","Private Stage","$4.5 M","—","Protocol","Upcoming","","a_capital","Fenbushi Capital","Ariel Barmat","More Details","","","",""
"BEVM","","https://icodrops.com/media/cache/1f/10/1f10793b5dcec49f845e5b3f50d4a71b.webp","https://icodrops.com/bevm/","Private Stage","—","$200 M","Bitcoin Ecosystem","Upcoming","","Bitmain","Lotus capital","Mapleblock Capital","More Details","BEVM","","",""
"Satoshi Protocol","","https://icodrops.com/media/cache/ab/ca/abca4351fef792a4c0ea218dd62d6b16.webp","https://icodrops.com/satoshi-protocol/","Private Stage","$2 M","—","DeFi","Upcoming","","CMS Holdings","Waterdrip Capital","RockTree Capital","More Details","Bitcoin","","",""
"Cheelee","","https://icodrops.com/media/cache/d2/82/d282200bdfb8af9be83507102f3f9634.webp","https://icodrops.com/cheelee/","Private Stage","$23.05 M","$430.5 M","Media","Upcoming","","Infinity Technology Fund","VC SILA","Veligera Capital","","","","",""
"SX Network","SX","https://icodrops.com/media/cache/78/10/7810180c06b0950cb5fab78833b3ba63.webp","https://icodrops.com/sx-network/","Private Stage","$9.5 M","$19.79 M","Gambling","Upcoming","","CMS Holdings","Hack VC","Naval Ravikant","More Details","Ethereum","","",""
"Stack","","https://icodrops.com/media/cache/61/e2/61e218bfa256186a70147b371c8c589b.webp","https://icodrops.com/stack/","Private Stage","$3 M","—","Blockchain Service","Upcoming","","Balaji Srinivasan","a_capital","Coinbase Ventures","More Details","","","",""
"Talus network","","https://icodrops.com/media/cache/a2/e6/a2e6d893a874664de821f88c9cbfd2d3.webp","https://icodrops.com/talus-network/","Private Stage","$10 M","$52.23 M","Blockchain Service","Upcoming","","Polychain Capital","TRGC","Animoca Brands","More Details","","","",""
"Shuffle","SHFL","https://icodrops.com/media/cache/f7/5f/f75f953baecb862941be6dfcb378e147.webp","https://icodrops.com/shuffle-2/","Private Stage","$2.5 M","$306.6 M","Gambling","Upcoming","","0xSisyphus","Andrew Kang","Baboon VC","More Details","","","",""
"Oobit","OBT","https://icodrops.com/media/cache/7e/45/7e457482eddb7ffcdc5c3e4fde0b5971.webp","https://icodrops.com/oobit/","Private Stage","$25 M","$107.2 M","Cryptocurrency","Upcoming","","468 Capital","Anatoly Yakovenko","CMCC Global","More Details","","","",""
"Bitlight Labs","","https://icodrops.com/media/cache/05/12/051284802a5c6ba55db2af3493fcb218.webp","https://icodrops.com/bitlight-labs/","Private Stage","$9.6 M","$91.56 M","Infrastructure","Upcoming","","Amber Group","Fundamental Labs","Moonrock Capital","More Details","","","",""
"Reboot World","","https://icodrops.com/media/cache/ab/84/ab84e4931f5b2015d8f947fedc448845.webp","https://icodrops.com/reboot-world/","Private Stage","$2.5 M","$3.61 K","Gaming","Upcoming","","Signum Capital","Eureka","PAKA","More Details","Solana","Arbitrum","",""
"KIP Protocol","KIP","https://icodrops.com/media/cache/59/5b/595b76e31d6ee551f3b3e6af826ebd52.webp","https://icodrops.com/kip-protocol/","Private Stage","$5 M","$734.1 K","Infrastructure","Upcoming","","DWF Labs","Morningstar Ventures","Tribe Capital","More Details","Ethereum","","",""
"Yooldo","YOOL","https://icodrops.com/media/cache/66/1d/661dd2c13e66f43e06ca7d8cb34bd991.webp","https://icodrops.com/yooldo/","Private Stage","$1.5 M","$364.86 M","Gaming","Upcoming","","ConsenSys","Bedrock Capital","doublejump.tokyo","More Details","Ethereum","","",""
"Ithaca Protocol","","https://icodrops.com/media/cache/85/9b/859bc2d8218af8496f9f40daf967d357.webp","https://icodrops.com/ithaca-protocol/","Private Stage","$2.5 M","$2.48 M","DeFi","Upcoming","","Cumberland","Wintermute","Andrew Keys","More Details","","","",""
"Merlin Chain","MERL","https://icodrops.com/media/cache/10/c7/10c7453d105a92ec8ec0c936400d3736.webp","https://icodrops.com/merlin-chain/","Private Stage","—","$77.03 M","Blockchain","Upcoming","","Amber Group","OKX Ventures","The Spartan Group","More Details","Bitcoin","","",""
"Synonym Finance","","https://icodrops.com/media/cache/4c/71/4c7135b790b78d8ff4a9a2212c9c3cbb.webp","https://icodrops.com/synonym-finance/","Private Stage","$1.5 M","$4.24 K","DeFi","Upcoming","","Big Brain Holdings","Robot Ventures","Borderless Capital","More Details","","","",""
"DeBox","","https://icodrops.com/media/cache/1f/c3/1fc3ef229040c85e89cad94b5caed374.webp","https://icodrops.com/debox/","Private Stage","$2 M","$14.71 M","Social","Upcoming","","DWF Labs","OKX Ventures","ABCDE Capital","More Details","","","",""
"AI Arena","","https://icodrops.com/media/cache/75/28/75281ee0d87e83e56de1f39be8ec23f9.webp","https://icodrops.com/ai-arena/","Private Stage","$11 M","$34.2 M","Gaming","Upcoming","","Framework Ventures","Paradigm","SevenX Ventures","More Details","","","",""
"Tevaera","","https://icodrops.com/media/cache/ee/f0/eef0b146e7ba4f75c73f6f940244f797.webp","https://icodrops.com/tevaera/","Private Stage","$2.07 M","$2.16 M","Gaming","Upcoming","","OKX Ventures","Spark Digital Capital","Bybit","More Details","zkSync","","",""
"Entangle","NGL","https://icodrops.com/media/cache/f5/f1/f5f15300703d031a6d6e7bf350fa5a7a.webp","https://icodrops.com/entangle/","Private Stage","$4 M","$81.47 M","Protocol","Upcoming","","ConsenSys","Big Brain Holdings","LBank Ventures","More Details","","","",""
"Saros Finance","","https://icodrops.com/media/cache/d9/8c/d98c58a7af3e7b6a2c5fb9536fc21e88.webp","https://icodrops.com/saros-finance/","Private Stage","$3.75 M","$4.86 M","DeFi","Upcoming","","Hashed","Solana Ventures","The Spartan Group","More Details","Solana","","",""
"EZswap","","https://icodrops.com/media/cache/62/4c/624cd5e528b3a8a2f1e0662046ede3db.webp","https://icodrops.com/ezswap/","Private Stage","$1 M","$48.18 K","DeFi","Upcoming","","EOS Network Foundation","IOBC Capital","Momentum Capital","","","","",""
"ISSP","","https://icodrops.com/media/cache/18/fa/18fa3afb573b95b95c1312068303c72c.webp","https://icodrops.com/issp/","Private Stage","—","$5.06 K","Infrastructure","Upcoming","","KuCoin Ventures","","","","","","",""
"4EVERLAND","","https://icodrops.com/media/cache/8a/85/8a853bba4ddf3b9bbbe75e9d3a86918a.webp","https://icodrops.com/4everland/","Private Stage","$3.5 M","$125.44 K","Artificial Intellig…","Upcoming","","FBG Capital","Fenbushi Capital","Bixin Ventures","More Details","","","",""
"Fyde","","https://icodrops.com/media/cache/4f/08/4f08104a33852936b99a7caf4ab602c7.webp","https://icodrops.com/fyde/","Private Stage","$3.2 M","$62.2 K","DeFi","Upcoming","","Arrington Capital","Merit Circle","Big Brain Holdings","More Details","","","",""
"Dovi","","https://icodrops.com/media/cache/24/da/24dafc6b6315699ace1a6ddaa13d4f55.webp","https://icodrops.com/dovi/","Private Stage","—","$7.5 K","Bitcoin Ecosystem","Upcoming","","KuCoin Ventures","","","","","","",""
"Gomble","","https://icodrops.com/media/cache/e2/fe/e2fe508deb035a3a4dacf6766c65d686.webp","https://icodrops.com/gomble/","Private Stage","—","$1.63 M","Gaming","Upcoming","","YZi Labs (prev Binance Labs)","The Spartan Group","Animoca Brands","More Details","","","",""
"Nayms","NAYM","https://icodrops.com/media/cache/51/94/519416b0a986b9693f87e978e6f6f514.webp","https://icodrops.com/nayms/","Private Stage","$20.1 M","$69.92 K","Insurance","Upcoming","","Coinbase Ventures","The Spartan Group","Woodstock Fund","More Details","","","",""
"Tezos Domains","TED","https://icodrops.com/media/cache/58/06/58064f782e9079d45e7cc7ca675c7b60.webp","https://icodrops.com/tezos-domains/","Private Stage","—","$381.81 K","Blockchain Service","Upcoming","","","","","","","","",""
"AirDAO","AMB","https://icodrops.com/media/cache/da/d9/dad9d125e5d399f8426a40a302991fe3.webp","https://icodrops.com/airdao/","Private Stage","$10 M","$80.14 K","Blockchain","Upcoming","","DWF Labs","Ethereum","","","","","",""
"Hibiki Run","HUT","https://icodrops.com/media/cache/09/13/0913e847dc90b0966ec647aaf5709165.webp","https://icodrops.com/hibiki-run/","Private Stage","$150 K","$360","Music","Upcoming","","","","","","","","",""
"SYMMIO","","https://icodrops.com/media/cache/38/bb/38bb09dd55f1950dbd8eab2d206eb48b.webp","https://icodrops.com/symmio/","Private Stage","$3.2 M","$10.15 M","DeFi","Upcoming","","gmoney","The Spartan Group","Blockchain Founders Fund","More Details","","","",""
"Ten","TEN","https://icodrops.com/media/cache/b6/9a/b69ad2c65edee028474e244798591b85.webp","https://icodrops.com/ten/","Private Stage","$11.03 M","$30 M","Blockchain Service","Upcoming","","DWF Labs","One Block Capital","Big Brain Holdings","More Details","Ethereum","","",""
"Coral Finance","","https://icodrops.com/media/cache/23/d4/23d47dfe0f20a7b53d900f296d5191dd.webp","https://icodrops.com/coral-finance/","Private Stage","$5 M","$990.2 K","DEX","Upcoming","","Formless Capital","Gate Ventures","KuCoin Ventures","More Details","","","",""
"Halo Wallet","","https://icodrops.com/media/cache/e8/99/e899967dd88ce319ea58b2dc1ca985d8.webp","https://icodrops.com/halo-wallet/","Private Stage","$3 M","$50.78 K","Social","Upcoming","","HashKey Capital","IDG Capital","Cyberport Hong Kong","More Details","","","",""
"M^ZERO","","https://icodrops.com/media/cache/95/86/9586f1558e05b0fb10f2b6749594c005.webp","https://icodrops.com/mzero/","Private Stage","$97.5 M","—","DeFi","Upcoming","","Pantera Capital","Polychain Capital","Galaxy","More Details","","","",""
"Chaos Labs","","https://icodrops.com/media/cache/0f/8e/0f8e8aad6a780b5ad2f21f33bb6ab1c5.webp","https://icodrops.com/chaos-labs/","Private Stage","$79 M","—","Platform","Upcoming","","Balaji Srinivasan","Jump Crypto","Lightspeed Venture Partners","More Details","Ethereum","","",""
"Dymension","DYM","https://icodrops.com/media/cache/8b/b1/8bb1554aa17b78232018c9293313cb1b.webp","https://icodrops.com/dymension/","Private Stage","$6.7 M","$19.78 M","Modular Blockchain","Upcoming","","Big Brain Holdings","MatchboxDAO","Stratos Technologies","","","","",""
"Socol","","https://icodrops.com/media/cache/68/8e/688ee4620e476e4c6264726c5315999a.webp","https://icodrops.com/socol/","Private Stage","$6.25 M","$3.64 K","Social","Upcoming","","Blockchain Capital","DWF Labs","DeFiance Capital","More Details","","","",""
"Curio.","","https://icodrops.com/media/cache/c5/c1/c5c1fd496c3ca2a89810a64731443e40.webp","https://icodrops.com/curio-2/","Private Stage","$8.6 M","—","Gaming","Upcoming","","OKX Ventures","Robot Ventures","SevenX Ventures","More Details","","","",""
"KGeN (Kratos Studios)","","https://icodrops.com/media/cache/73/76/73763cda949697c2defb8167b90cdfbc.webp","https://icodrops.com/kratos-studios/","Private Stage","$50.5 M","$171.5 M","Gaming","Upcoming","","Jump Crypto","Lightspeed Venture Partners","Variant","More Details","","","",""
"Term Finance","","https://icodrops.com/media/cache/40/08/40084c06365a94d9f2b2eb5bfece206a.webp","https://icodrops.com/term-finance/","Private Stage","$8 M","$39.14 M","Lending Platform","Upcoming","","Electric Capital","Coinbase Ventures","Circle Ventures","More Details","","","",""
"GammaSwap","","https://icodrops.com/media/cache/de/ae/deae8e8f60bae6fb15fdf28c7c753ce6.webp","https://icodrops.com/gammaswap/","Private Stage","$1.7 M","$11.36 M","Perpetual","Upcoming","","Manifold Trading","Portico Ventures","Modular Capital","More Details","","","",""
"MYX Finance","","https://icodrops.com/media/cache/4d/1a/4d1a16fe8df9af860e1cf5d38d34a4ec.webp","https://icodrops.com/myx-finance/","Private Stage","$10 M","$297 M","Perpetual","Upcoming","","HongShan (ex-Sequoia China)","ConsenSys","Hack VC","More Details","","","",""
"Tonstarter","","https://icodrops.com/media/cache/e9/77/e9773cac76b09393c36e6c8d3c9de57e.webp","https://icodrops.com/tonstarter/","Private Stage","$1.5 M","$160.99 M","Launchpad","Upcoming","","DWF Labs","Gate.io","Kingsway Capital","","","","",""
"Farcana","","https://icodrops.com/media/cache/4d/fd/4dfd95bd8bd33cfef0926a981c8d86fb.webp","https://icodrops.com/farcana/","Private Stage","$10.3 M","$10.1 M","Gaming","Upcoming","","Fenbushi Capital","Merit Circle","Rarestone Capital","More Details","","","",""
"EtherMail","EMT","https://icodrops.com/media/cache/43/36/433695d1185a2f64bf3c6d2b7ac00623.webp","https://icodrops.com/ethermail/","Private Stage","$7 M","$661.2 K","Web 3.0","Upcoming","","Draper Associates","Fabric Ventures","Greenfield Capital","More Details","","","",""
"Huma Finance","HUMA","https://icodrops.com/media/cache/3e/60/3e6081d339c63f60940c09881942eebd.webp","https://icodrops.com/huma-finance/","Private Stage","$46.3 M","$183.5 M","DeFi","Upcoming","","Fenbushi Capital","HashKey Capital","ParaFi Capital","More Details","","","",""
"IntentX","","https://icodrops.com/media/cache/27/92/279298007d200387d1cd9611dacac9df.webp","https://icodrops.com/intentx/","Private Stage","$4.3 M","$5.06 B","DEX","Upcoming","","Manifold Trading","Selini Capital","Kronos Research","More Details","","","",""
"Flow.so","","https://icodrops.com/media/cache/67/de/67dea19ff98b9e6901019a963575b945.webp","https://icodrops.com/flow-so/","Private Stage","—","—","Blockchain Service","Upcoming","","Nima Capital","Shima Capital","","","","","",""
"Aki Protocol","AKI","https://icodrops.com/media/cache/a7/3f/a73ff73434783e0d5f5d3f34453104a4.webp","https://icodrops.com/aki-protocol/","Private Stage","$40 M","$108 K","Blockchain Service","Upcoming","","Puzzle Ventures","Alchemy Pay","CatcherVC","More Details","Polygon (prev. Matic Network)","","",""
"Fanton","","https://icodrops.com/media/cache/95/69/95699da7f07144a002e0f0db02141ffb.webp","https://icodrops.com/fanton/","Private Stage","$1 M","$35.58 K","NFT","Upcoming","","Delphi Digital (Delphi Labs)","Animoca Brands","Kenetic Capital","More Details","","","",""
"Union","","https://icodrops.com/media/cache/f0/70/f070258ff3b5cdeaccfda6b4cf91284a.webp","https://icodrops.com/union/","Private Stage","$16 M","$6.75 M","Infrastructure","Upcoming","","gumi Cryptos Capital","LongHash Ventures","Nascent","More Details","","","",""
"Smilee","","https://icodrops.com/media/cache/cf/3a/cf3a11fa5f5f266da4f0ff364ef1f313.webp","https://icodrops.com/smilee/","Private Stage","—","$711.9 K","DeFi","Upcoming","","Dialectic Capital","Concave","OWL Ventures","More Details","","","",""
"Dolomite","","https://icodrops.com/media/cache/bc/4c/bc4c392fc0d066e3b5efa4a50c52f5b9.webp","https://icodrops.com/dolomite/","Private Stage","$4.2 M","$33.63 M","DeFi","Upcoming","","6MV (6th Man Ventures)","Coinbase Ventures","DCF GOD","More Details","Ethereum","","",""
"Passage","PASG","https://icodrops.com/media/cache/9f/0c/9f0c014eee094b99f08363d4557355fb.webp","https://icodrops.com/passage/","Private Stage","$6 M","$192.97 K","Social","Upcoming","","Chorus One","Akash Network","Cogitent Ventures","More Details","","","",""
"Blacksmith Token","BS","https://icodrops.com/media/cache/de/60/de602c7934e5d4b44e4994eff43e00f4.webp","https://icodrops.com/blacksmith-token/","Private Stage","$405 K","$59.73 K","Trading Bot","Upcoming","","","","","","","","",""
"Conic Finance","CNC","https://icodrops.com/media/cache/81/8a/818abd9d4de716dd65e8063e105ff22d.webp","https://icodrops.com/conic-finance/","Private Stage","$1 M","$8.69 K","DeFi","Upcoming","","Michael Egorov","Ethereum","","","","","",""
"Dmail","","https://icodrops.com/media/cache/d0/86/d086e06dbc561106abede3c48c4397ae.webp","https://icodrops.com/dmail/","Private Stage","—","$16.21 K","Blockchain Service","Upcoming","","FBG Capital","HashKey Capital","Spark Digital Capital","More Details","","","",""
"INX","INX","https://icodrops.com/media/cache/6d/06/6d0676736483a37c9b38cbd5f091c0c8.webp","https://icodrops.com/inx/","Private Stage","$5.25 M","$18 M","CEX","Upcoming","","Republic","","","","","","",""
"Neutron","NTRN","https://icodrops.com/media/cache/2b/d4/2bd490269833d2b69b5a3e5c3e3e089e.webp","https://icodrops.com/neutron/","Private Stage","$10 M","$2.68 M","Infrastructure","Upcoming","","YZi Labs (prev Binance Labs)","Delphi Digital (Delphi Labs)","CoinFund","More Details","Osmosis","","",""
"Ozone Metaverse","OZONE","https://icodrops.com/media/cache/17/78/1778de9a535b73741eb1b5921bdb475b.webp","https://icodrops.com/ozone-metaverse/","Private Stage","$1.45 M","$42.56 K","Web 3.0","Upcoming","","Alphabit Fund","Cogitent Ventures","Cointelegraph","More Details","Flow","","",""
"TypeIT","TYPE","https://icodrops.com/media/cache/4b/9d/4b9d0e0cbce6982ddc410957496e0e74.webp","https://icodrops.com/typeit/","Private Stage","—","$6.5 K","Blockchain Service","Upcoming","","","","","","","","",""
"Lucky Bird","WBIRD","https://icodrops.com/media/cache/a8/2a/a82a22a2fdc0fb0b85a437fd2df23e7a.webp","https://icodrops.com/lucky-bird/","Private Stage","—","$756.88 K","NFT","Upcoming","","","","","","","","",""
"Rodeo","RDO","https://icodrops.com/media/cache/21/43/214358796a5536fddc47d27ecda324cf.webp","https://icodrops.com/rodeo/","Private Stage","$1.06 M","$5.83 K","Yield Farming","Upcoming","","Arbitrum","","","","","","",""
"Penpie","PNP","https://icodrops.com/media/cache/12/b7/12b75b5e68c5b6a9adbfaa1601ca5014.webp","https://icodrops.com/penpie/","Private Stage","$586 K","$3.45 M","Yield Farming","Upcoming","","","","","","","","",""
"DeeLance","DLANCE","https://icodrops.com/media/cache/6d/63/6d6368b656e73e02c921235ccc20a78b.webp","https://icodrops.com/deelance/","Private Stage","—","$20.94 K","Social","Upcoming","","","","","","","","",""
"SKYPlay","","https://icodrops.com/media/cache/1a/cd/1acd899d98300e067dccec5744bfcd69.webp","https://icodrops.com/skyplay/","Private Stage","$10 M","$1.25 M","DeFi","Upcoming","","LDA Capital","","","","","","",""
"Ethos","","https://icodrops.com/media/cache/8c/c2/8cc230ce1d17dbeaf550553d3ca83b24.webp","https://icodrops.com/ethos/","Private Stage","$4.2 M","$192.52 K","Finance","Upcoming","","Alliance","gumi Cryptos Capital","Tribe Capital","More Details","SUI","","",""
"Over Protocol","OVL","https://icodrops.com/media/cache/ce/38/ce380a4f798d1b62ffa0bfa027b43175.webp","https://icodrops.com/over-protocol/","Private Stage","$8 M","—","Blockchain","Upcoming","","DSC Investment","NAVER Z","Netmarble","More Details","","","",""
"Releap Protocol","REAP","https://icodrops.com/media/cache/e5/25/e525bd165757df63a6be40959b65e74d.webp","https://icodrops.com/releap-protocol/","Private Stage","$2.1 M","$152.16 K","Social","Upcoming","","Big Brain Holdings","GBV Capital","Impossible Finance","More Details","Multichain","","",""
"ORA (Hyper Oracle)","","https://icodrops.com/media/cache/c5/3c/c53c95a3c3255328bd21c700d2626849.webp","https://icodrops.com/hyper-oracle/","Private Stage","$23 M","—","Infrastructure","Upcoming","","Polychain Capital","HongShan (ex-Sequoia China)","HashKey Capital","More Details","Ethereum","","",""
"Davos Protocol","DAVOS","https://icodrops.com/media/cache/1e/48/1e48c025c3f6f9c5df6a0f9ea5bc99c4.webp","https://icodrops.com/davos-protocol/","Private Stage","$500 K","$67.42 K","Protocol","Upcoming","","P2 Ventures","Sandeep Nailwal","","","","","",""
"SeaPad","SPT","https://icodrops.com/media/cache/0c/70/0c7014f80c8c082024e2854e4cebb1ec.webp","https://icodrops.com/seapad/","Private Stage","$550 K","$112.4 K","Launchpad","Upcoming","","Coinvestor Ventures","Kairon Labs","","","","","",""
"AiMalls","AIT","https://icodrops.com/media/cache/de/5f/de5f473d00cfad9a660e2c62d16ae56a.webp","https://icodrops.com/aimalls/","Private Stage","—","$84.54 K","BNB Chain Ecosystem","Upcoming","","Aimalls","","","","","","",""
"Vertex Protocol","VRTX","https://icodrops.com/media/cache/8b/68/8b680752305bc9be83609f765ab632ba.webp","https://icodrops.com/vertex-protocol/","Private Stage","$10.91 M","$106.7 K","DEX","Upcoming","","Hack VC","HTX Ventures (previously Huobi Ventures)","Jane Street Capital","More Details","Vertex Protocol","","",""
"Blue","","https://icodrops.com/media/cache/7a/46/7a46c75fdeda0bdfa3da505f06c27015.webp","https://icodrops.com/blue/","Private Stage","$3.2 M","$32 K","Blockchain Service","Upcoming","","Fenbushi Capital","Gate.io","Wave Financial Group","More Details","","","",""
"Swan Chain (FilSwan)","","https://icodrops.com/media/cache/d7/4c/d74c0fdded7c53e3e8828d9e050d4dfd.webp","https://icodrops.com/filswan/","Private Stage","$5.89 M","$460.2 K","DePIN","Upcoming","","YZi Labs (prev Binance Labs)","DWF Labs","FBG Capital","More Details","","","",""
"Definitive","","https://icodrops.com/media/cache/79/09/7909af9af9f5d0da5595156cc4801f60.webp","https://icodrops.com/definitive/","Private Stage","$4.1 M","$115.7 M","DeFi","Upcoming","","Strobe (Prev. BlockTower Capital)","CMT Digital","Coinbase Ventures","More Details","","","",""
"ZEEBU","","https://icodrops.com/media/cache/f9/66/f96683355a06a046ba736f502fb5216b.webp","https://icodrops.com/zeebu/","Private Stage","$25 M","$732 M","Social","Upcoming","","Bankai Ventures","","","","","","",""
"CROSSx","","https://icodrops.com/media/cache/bd/5b/bd5b2baebf9d0eded4c7dae87fd09755.webp","https://icodrops.com/crossx/","Private Stage","—","$3.14 M","DeFi","Upcoming","","","","","","","","",""
"Klubcoin","KLUB","https://icodrops.com/media/cache/d5/78/d5787aa4917e7d522999f0e2996076a8.webp","https://icodrops.com/klubcoin/","Private Stage","—","$1.4 M","Social","Upcoming","","Ethereum","","","","","","",""
"Foundation","","https://icodrops.com/media/cache/7a/30/7a3096eb942dda6b7a385ef0b2111b52.webp","https://icodrops.com/foundation/","Private Stage","$9.5 M","—","Foundation.app","Upcoming","","Polychain Capital","BoltVC","Deep Ventures","More Details","","","",""
"Bonfire","","https://icodrops.com/media/cache/d1/74/d1747d4ffc4822576baae95e77f9cd73.webp","https://icodrops.com/bonfire/","Private Stage","$6.2 M","$5.53 M","Platform","Upcoming","","Variant","Coinbase Ventures","Libertus Capital","More Details","","","",""
"The Mars","MRST","https://icodrops.com/media/cache/c0/08/c00810da3a2fecc269bb88c52f54a157.webp","https://icodrops.com/the-mars/","Private Stage","$1 M","$433.92 K","Metaverse","Upcoming","","DWF Labs","","","","","","",""
"Orbiter Finance","OBT","https://icodrops.com/media/cache/d3/9e/d39e332ae7a0d16b1abf90ad17d517c4.webp","https://icodrops.com/orbiter-finance/","Private Stage","—","$10.64 M","Infrastructure","Upcoming","","Amber Group","Lemniscap","OKX Ventures","More Details","","","",""
"Trips","","https://icodrops.com/media/cache/21/ef/21ef832558f384234fcae074f249e0c6.webp","https://icodrops.com/trips/","Private Stage","$2.5 M","—","Social","Upcoming","","Shima Capital","Animal Capital","Blackwood Ventures","More Details","","","",""
"Liqwid Finance","LQ","https://icodrops.com/media/cache/9b/53/9b531a3c1d44601db966a26689068221.webp","https://icodrops.com/liqwid-finance/","Private Stage","$2.7 M","$4.9 M","Protocol","Upcoming","","Altonomy","Animoca Brands","Double Peak","More Details","","","",""
"Midnight","","https://icodrops.com/media/cache/93/35/9335af0b6c488eb04de13077c1de1a8a.webp","https://icodrops.com/midnight/","Private Stage","$7.5 M","$142.71 M","Gaming","Upcoming","","","","","","","","",""
"Vinci Protocol","","https://icodrops.com/media/cache/e2/38/e238179a8d3000201b5d2366ff072ac1.webp","https://icodrops.com/vinci-protocol/","Private Stage","$2.1 M","$2.5 K","NFT","Upcoming","","Signum Capital","TGE Capital","UOB Venture Management","","","","",""
"Revv","","https://icodrops.com/media/cache/93/90/9390789ee1ed3fab3822c0dfa003cbb6.webp","https://icodrops.com/revv/","Private Stage","$5.5 M","$1.3 M","NFT","Upcoming","","Tribe Capital","C2Ventures (Csquared)","Digital Asset Capital Management (DACM)","More Details","","","",""
"TonUP","","https://icodrops.com/media/cache/fc/bb/fcbb29259d698a6e7bf517c6755711cd.webp","https://icodrops.com/tonup/","Private Stage","—","—","Launchpad","Upcoming","","Waterdrip Capital","MEXC Global (Privcode Capital)","NewTribe Capital","More Details","","","",""
"Upland","","https://icodrops.com/media/cache/f2/f8/f2f846262cf9d7602ee7ca146ac8eb58.webp","https://icodrops.com/upland/","Private Stage","$27 M","$24.05 M","Gaming","Upcoming","","Animoca Brands","Alumni Ventures","Block.One","More Details","","","",""
"SynFutures","","https://icodrops.com/media/cache/cd/b1/cdb17c57882b07fc0755ab5ba54dea6a.webp","https://icodrops.com/synfutures/","Private Stage","$37.4 M","$55.89 M","Perpetual","Upcoming","","Framework Ventures","Pantera Capital","Polychain Capital","More Details","","","",""
"Elixir","ELX","https://icodrops.com/media/cache/f3/22/f322f02576a97307006784432eafb944.webp","https://icodrops.com/elixir-2/","Private Stage","$17.6 M","$1.24 M","DeFi","Upcoming","","Amber Group","Hack VC","Manifold Trading","More Details","","","",""
"Thala Labs","","https://icodrops.com/media/cache/ff/42/ff4281d15ba444261b80f2bd1c5f29b7.webp","https://icodrops.com/thala-labs/","Private Stage","$6 M","$1.17 M","DeFi","Upcoming","","ParaFi Capital","LedgerPrime","Shima Capital","More Details","Aptos","","",""
"Mintify","","https://icodrops.com/media/cache/50/d6/50d61f45edeb07a5d14147c281f0aaef.webp","https://icodrops.com/mintify/","Private Stage","$5 M","$142.7 K","NFT","Upcoming","","Amber Group","Cumberland","Alchemy","More Details","Ethereum","","",""
"Arch","","https://icodrops.com/media/cache/6a/f0/6af0ba38da09f7a7cc57e5533699b668.webp","https://icodrops.com/arch-2/","Private Stage","$5 M","—","DeFi","Upcoming","","Digital Currency Group (DCG)","GBV Capital","Ripio","More Details","","","",""
"Blowfish","","https://icodrops.com/media/cache/8f/d4/8fd45f88159fed48de5b677297b5a929.webp","https://icodrops.com/blowfish-2/","Private Stage","$11.8 M","—","Blockchain Service","Upcoming","","Paradigm","Dragonfly Capital","Hypersphere Ventures","More Details","Ethereum","","",""
"ZTX","ZTX","https://icodrops.com/media/cache/64/ff/64ff7987240919610bc40c5c88cf22da.webp","https://icodrops.com/ztx/","Private Stage","$13 M","$3.29 M","Social","Upcoming","","Jump Crypto","Everest Ventures","Collab+Currency","More Details","Ethereum","","",""
"Sender","","https://icodrops.com/media/cache/35/97/3597981ee695e326c9bedcc53a32e9c6.webp","https://icodrops.com/sender/","Private Stage","$4.5 M","$1.32 M","Artificial Intellig…","Upcoming","","YZi Labs (prev Binance Labs)","Pantera Capital","Amber Group","More Details","Near Protocol","","",""
"Revolving Games","","https://icodrops.com/media/cache/2c/a5/2ca5e31bcae7c8be6f11c5e4ffd993a2.webp","https://icodrops.com/revolving-games/","Private Stage","$25.2 M","—","Gaming","Upcoming","","Pantera Capital","Dapper Labs","Animoca Brands","More Details","","","",""
"Exchange Art","","https://icodrops.com/media/cache/bd/ab/bdabd754a7c05a8b6d341daecdda722f.webp","https://icodrops.com/exchange-art/","Private Stage","$3.2 M","$307.8 K","NFT","Upcoming","","Big Brain Holdings","Bonk","Cozomo de Medici","More Details","Solana","","",""
"Mellow Protocol","","https://icodrops.com/media/cache/59/50/59505992fdaa44d76a9daf412b01a474.webp","https://icodrops.com/mellow-protocol/","Private Stage","$2.75 M","$70 M","Liquid Staking Prot…","Upcoming","","Arrington Capital","Lemniscap","ParaFi Capital","More Details","Symbiotic","Ethereum","",""
"Phaver","","https://icodrops.com/media/cache/26/65/26659507bf8a46abbdf02f22419ff2a4.webp","https://icodrops.com/phaver/","Private Stage","$7 M","$29.7 K","Social","Upcoming","","P2 Ventures","Alphanonce","dao5","More Details","","","",""
"CreatorDAO","","https://icodrops.com/media/cache/63/94/63940263c64e594386ce16bf420e650f.webp","https://icodrops.com/creatordao/","Private Stage","$20 M","$1.01 M","DAO","Upcoming","","Andreessen Horowitz (a16z)","6MV (6th Man Ventures)","Alliance","More Details","","","",""
"Fair.xyz","","https://icodrops.com/media/cache/17/01/1701c2be5ea0c5e0b2b85bf6b3f6e008.webp","https://icodrops.com/fair-xyz/","Private Stage","$4.5 M","—","Platform","Upcoming","","Eden Block","NFX","Firstminute Capital","More Details","Ethereum","","",""
"Big Time","","https://icodrops.com/media/cache/d2/62/d262c1b61ff60954ef552d63f7c7e0f2.webp","https://icodrops.com/big-time/","Private Stage","$10.3 M","$68.85 M","Gaming","Upcoming","","Digital Currency Group (DCG)","OKX Ventures","Circle Ventures","More Details","","","",""
"Quasar","QSR","https://icodrops.com/media/cache/81/31/813130c5bd3a57fdf1633f034c5c887f.webp","https://icodrops.com/quasar/","Private Stage","$11.5 M","$15.21 M","DeFi","Upcoming","","Blockchain Capital","Polychain Capital","Shima Capital","More Details","","","",""
"Change","","https://icodrops.com/media/cache/ff/39/ff390c875b403ea9c5d3056a7e7b1a14.webp","https://icodrops.com/change/","Private Stage","$5.75 M","$274.85 K","Platform","Upcoming","","Freestyle Capital","Human Ventures","New Enterprise Associates","","","","",""
"Contango","","https://icodrops.com/media/cache/8d/f7/8df761a4124097bb571f32963ef3a20f.webp","https://icodrops.com/contango/","Private Stage","$4 M","$2.82 M","Perpetual","Upcoming","","Amber Group","CMS Holdings","Coinbase Ventures","More Details","","","",""
"Morpho","MORPHO","https://icodrops.com/media/cache/a0/13/a0136527c1d8e105cbdc632b8bc514b9.webp","https://icodrops.com/morpho/","Private Stage","$69.35 M","$1.84 B","Lending Platform","Upcoming","","Andreessen Horowitz (a16z)","Brevan Howard","Pantera Capital","More Details","","","",""
"Gnosis Safe","","https://icodrops.com/media/cache/2d/04/2d04cf264f11ec04f66b0b2b8a42e471.webp","https://icodrops.com/gnosis-safe/","Private Stage","$100 M","$160.4 M","Wallet","Upcoming","","1kx","Blockchain Capital","Brevan Howard","More Details","Ethereum","","",""
"Crescent","","https://icodrops.com/media/cache/fb/3a/fb3a94b86975cb345805bb778974647c.webp","https://icodrops.com/crescent/","Private Stage","$5 M","$57.77 K","DEX","Upcoming","","Nathan McCauley","","","","","","",""
"Mona","","https://icodrops.com/media/cache/26/5a/265a2fc2ea80639c285d2dbb35156aa8.webp","https://icodrops.com/mona/","Private Stage","$14.6 M","$1.38 M","Social","Upcoming","","a_capital","ConsenSys","Placeholder","More Details","","","",""
"Restake Finance","RSTK","https://icodrops.com/media/cache/ee/61/ee611abb7dc49022342bc6cef6ee8efc.webp","https://icodrops.com/restake-finance/","Private Stage","$3.23 M","$299.7 K","DeFi","Upcoming","","0xJeff","AlfaDAO","bizyugo","More Details","Ethereum","","",""
"ScienceMagic.Studios","","https://icodrops.com/media/cache/35/ed/35ed23e7cc941f8441e0c4d69401a70f.webp","https://icodrops.com/sciencemagic-studios/","Private Stage","$10.3 M","—","Blockchain Service","Upcoming","","Brevan Howard","Coinbase Ventures","Digital Currency Group (DCG)","More Details","","","",""
"Shil.me","","https://icodrops.com/media/cache/63/25/63254694e078a51b5f984de455c2ab34.webp","https://icodrops.com/shil-me/","Private Stage","$1.2 M","—","Blockchain Service","Upcoming","","Big Brain Holdings","Zee Prime Capital","DWeb3 Capital","More Details","","","",""
"NVG8","NVG8","https://icodrops.com/media/cache/c1/ca/c1ca3b54b18723f9eb7a45e44b7d1972.webp","https://icodrops.com/nvg8/","Private Stage","$7.62 M","$91.24 K","Blockchain Service","Upcoming","","Alan Howard","Distributed Global","Kraken","More Details","","","",""
"Bastion","BSTN","https://icodrops.com/media/cache/71/5b/715bd159bc7ce695c64c837c10c68f7a.webp","https://icodrops.com/bastion-2/","Private Stage","$39.6 M","—","Blockchain Service","Upcoming","","Andreessen Horowitz (a16z)","Coinbase Ventures","Hashed","More Details","Aurora","","",""
"Range Protocol","","https://icodrops.com/media/cache/d8/7b/d87b8fe4c9d2e4cd459436c686def725.webp","https://icodrops.com/range-protocol/","Private Stage","$3.75 M","$2.19 M","DeFi","Upcoming","","HashKey Capital","Spark Digital Capital","Mirana Ventures","More Details","","","",""
"Pop Social","PPT","https://icodrops.com/media/cache/26/eb/26ebc7f8fbb86b7dcd8525672f73fba3.webp","https://icodrops.com/pop-social/","Private Stage","$4 M","$103.86 K","Social","Upcoming","","Fundamental Labs","Ceras Ventures","ChainLink","More Details","","","",""
"BitKeep","BKB","https://icodrops.com/media/cache/6a/39/6a39b69930db30ff3647f40d426d8110.webp","https://icodrops.com/bitkeep/","Private Stage","$45 M","$470.1 M","Wallet","Upcoming","","Dragonfly Capital","Bixin Ventures","DHVC","More Details","","","",""
"Paper","","https://icodrops.com/media/cache/c9/2f/c92f8a0be36bfe5a4e4fbfbf351ebcb5.webp","https://icodrops.com/paper/","Private Stage","$9.3 M","$16.1 K","Blockchain Service","Upcoming","","Electric Capital","Alliance","Initialized Capital","More Details","","","",""
"Co: Create","CO","https://icodrops.com/media/cache/2a/99/2a99fe69de5528fb28dae540c405b083.webp","https://icodrops.com/cocreate/","Private Stage","$25 M","—","Protocol","Upcoming","","Amy Wu","Packy McCormick","RTFKT","More Details","","","",""
"Scroll","SCR","https://icodrops.com/media/cache/04/b9/04b97f22f0c561fc5c1caf5cfcfc7adb.webp","https://icodrops.com/scroll/","Private Stage","$83 M","$47.72 M","Blockchain","Upcoming","","Bain Capital Ventures","Polychain Capital","HongShan (ex-Sequoia China)","More Details","Scroll","","",""
"BSX","","https://icodrops.com/media/cache/b7/b9/b7b9c465c8a801559404e70ff0f25846.webp","https://icodrops.com/bsx/","Private Stage","$4 M","$294.71 K","Perpetual","Upcoming","","Blockchain Capital","Bankless","CMS Holdings","More Details","Base","","",""
"Truflation","","https://icodrops.com/media/cache/7e/5f/7e5f40837f8cce371f538e87650bc7bd.webp","https://icodrops.com/truflation/","Private Stage","$6.4 M","$4.04 M","Real World Assets P…","Upcoming","","Balaji Srinivasan","Fundamental Labs","C2Ventures (Csquared)","More Details","","","",""
"Bitte (Prev. Mintbase)","","https://icodrops.com/media/cache/d9/57/d95773411b5c07c507ccebec5805238f.webp","https://icodrops.com/mintbase/","Private Stage","$15.2 M","—","Blockchain Service","Upcoming","","Coinbase Ventures","Fundamental Labs","Ryze Labs (Sino Global Capital)","More Details","","","",""
"Story Protocol","IP","https://icodrops.com/media/cache/58/e5/58e57a500eb83cefc9a075af25151944.webp","https://icodrops.com/story-protocol/","Private Stage","$216.3 M","$625.81 M","Blockchain","Upcoming","","Andreessen Horowitz (a16z)","Balaji Srinivasan","Polychain Capital","More Details","","","",""
"D3","","https://icodrops.com/media/cache/9d/9c/9d9c39a77dc342686c8c789955d44621.webp","https://icodrops.com/d3/","Private Stage","$30 M","—","Blockchain Service","Upcoming","","Paradigm","Coinbase Ventures","C2Ventures (Csquared)","More Details","","","",""
"STELSI","STLS","https://icodrops.com/media/cache/c7/5e/c75ebce067ffacfa6d3ce743f9be69b9.webp","https://icodrops.com/stelsi/","Private Stage","$100 M","$302 K","Metaverse","Upcoming","","NGC Ventures","Ethereum","","","","","",""
"Alchemy","","https://icodrops.com/media/cache/a6/2d/a62dafe63953e810559c493e54604e35.webp","https://icodrops.com/alchemy/","Private Stage","$545 M","—","Platform","Upcoming","","Andreessen Horowitz (a16z)","Lightspeed Venture Partners","Pantera Capital","More Details","","","",""
"Chain of Alliacne","COA","https://icodrops.com/media/cache/ce/01/ce012d83c000553ce01597df68f55293.webp","https://icodrops.com/Chain-of-Alliacne/","Private Stage","$2.4 M","—","Gaming","Upcoming","","The Spartan Group","Animoca Brands","Arche Fund","More Details","Ethereum","","",""
"Exotic Markets","EXO","https://icodrops.com/media/cache/ca/25/ca256526d7e3815c2a6bbcedbaab8956.webp","https://icodrops.com/exotic-markets/","Private Stage","$5 M","$1.48 M","Oracle","Upcoming","","Multicoin Capital","Paradigm","Ascensive Assets","More Details","","","",""
"CRD Network","CRD","https://icodrops.com/media/cache/d5/a2/d5a29374a4fa08b8c463c9d35157a38a.webp","https://icodrops.com/crd-network/","Private Stage","—","$76.59 K","DeFi","Upcoming","","","","","","","","",""
"Timeswap","TIME","https://icodrops.com/media/cache/56/4a/564ab7cfd50faf4a2b66d12df73b4411.webp","https://icodrops.com/timeswap/","Private Stage","$160.08 K","$1.01 M","DeFi","Upcoming","+2","Multicoin Capital","DeFiance Capital","Mechanism Capital","More Details","Base","Optimism","Ethereum","More Details"
"Aelin","","https://icodrops.com/media/cache/b1/ea/b1ea60061aab8d2132a9143cc66283c2.webp","https://icodrops.com/aelin/","Private Stage","—","$1.88 M","DeFi","Upcoming","","","","","","","","",""
"FIAT DAO","FDT","https://icodrops.com/media/cache/3c/0e/3c0e7caeb57935f707bc4d9a2dd7945c.webp","https://icodrops.com/fiat-dao/","Private Stage","$2 M","$965.5 K","DeFi","Upcoming","","Dragonfly Capital","Mechanism Capital","ParaFi Capital","More Details","","","",""
"Arcana Network","XAR","https://icodrops.com/media/cache/4e/dc/4edc102c069882b3889b7db7a6a80f00.webp","https://icodrops.com/arcana-network/","Private Stage","$2.67 M","$3.5 M","Web 3.0","Upcoming","","Balaji Srinivasan","Digital Currency Group (DCG)","Fenbushi Capital","More Details","","","",""
"Drift Protocol","","https://icodrops.com/media/cache/40/37/40372657f0aacb47fb2afc6cb5b04ff4.webp","https://icodrops.com/drift-protocol/","Private Stage","$52.3 M","$44.83 M","Perpetual","Upcoming","","Blockchain Capital","Multicoin Capital","Polychain Capital","More Details","Solana","","",""
"Spectral","","https://icodrops.com/media/cache/a0/89/a0893f260e9cf00c52c23fcb9bc3e759.webp","https://icodrops.com/spectral/","Private Stage","$29.75 M","$8.64 M","Blockchain Service","Upcoming","","Polychain Capital","Divergence Ventures","Galaxy","More Details","","","",""
"Stardust","","https://icodrops.com/media/cache/1d/73/1d73c1f44f640c4daa533f70baa68a8f.webp","https://icodrops.com/stardust/","Private Stage","$36.7 M","$47.1 K","DeFi","Upcoming","","Blockchain Capital","Framework Ventures","Multicoin Capital","More Details","","","",""
"Apollo","APOLLO","https://icodrops.com/media/cache/4f/f0/4ff06f30a4f0acabf24fb207bda2c619.webp","https://icodrops.com/apollo/","Private Stage","$2.25 M","$266.59 K","Yield Aggregator","Upcoming","","Pantera Capital","Do Kwon","PNYX Ventures","More Details","","","",""
"XREX","","https://icodrops.com/media/cache/6c/2b/6c2b54e63c5f375aa0428529fc1b9388.webp","https://icodrops.com/xrex/","Private Stage","$42.75 M","—","Blockchain Service","Upcoming","","AppWorks","BitoPro","Metaplanet Holdings","More Details","","","",""
"Tanssi Network","","https://icodrops.com/media/cache/7f/9c/7f9c25ddf84164d1a82e7e17ed9e500e.webp","https://icodrops.com/tanssi-network/","Private Stage","$9 M","$375.66 K","Blockchain Service","Upcoming","","Arrington Capital","HashKey Capital","Hypersphere Ventures","More Details","","","",""
"Prisma","","https://icodrops.com/media/cache/0a/79/0a7975d9ceaa1c10f573bc18455e6652.webp","https://icodrops.com/prisma/","Private Stage","—","$2.54 M","Liquid Staking Prot…","Upcoming","","0xMaki","OKX Ventures","Tetranode","More Details","","","",""
"Fusionist","","https://icodrops.com/media/cache/e3/31/e331fc92282ed16ef7b5a49ae73192ba.webp","https://icodrops.com/fusionist/","Private Stage","$6.6 M","$18.11 M","Gaming","Upcoming","","YZi Labs (prev Binance Labs)","FunPlus","Ethereum","","","","",""
"Mnemonic","","https://icodrops.com/media/cache/23/8a/238a2e78c6eb0b014dcc95a4946d9b98.webp","https://icodrops.com/mnemonic/","Private Stage","$10 M","—","NFT","Upcoming","","Coinbase Ventures","Tribe Capital","Kenetic Capital","More Details","","","",""
"TapiocaDAO","TAP","https://icodrops.com/media/cache/ef/f7/eff7190cbb6cab0cd949e7a49e8ae1bb.webp","https://icodrops.com/tapiocadao/","Private Stage","$6.31 M","$134 K","DAO","Upcoming","","DCF GOD","Magnus Capital","coinflipcanada","More Details","","","",""
"Earn Network","EARN","https://icodrops.com/media/cache/9a/40/9a40603c6be26ef0666e0adecaa4067e.webp","https://icodrops.com/earn-network/","Private Stage","$2.7 M","$902","DeFi","Upcoming","","Bixin Ventures","Mirana Ventures","Shima Capital","More Details","Ethereum","","",""
"Ola","","https://icodrops.com/media/cache/ec/a4/eca480cb7830f8c0e33090fffffc6ee3.webp","https://icodrops.com/ola/","Private Stage","$3 M","—","Layer-2","Upcoming","","LD Capital","CatcherVC","Foresight Ventures","More Details","","","",""
"Artela","ARTL","https://icodrops.com/media/cache/7e/cb/7ecb198cbc0659f978b0d56ed981ad49.webp","https://icodrops.com/artela/","Private Stage","$6 M","—","Infrastructure","Upcoming","","Amino Capital","Big Brain Holdings","SevenX Ventures","More Details","","","",""
"Sleepless AI","","https://icodrops.com/media/cache/03/ac/03acc8809490e27b82d2a24f0e385aa6.webp","https://icodrops.com/sleepless-ai/","Private Stage","—","$21.86 M","Gaming","Upcoming","","YZi Labs (prev Binance Labs)","Folius Ventures","","","","","",""